params,mean_test_score,std_test_score,rank_test_score,Segment,Model,mean_test_RMSE
"{'model__learning_rate': 0.03, 'model__max_depth': 3, 'model__n_estimators': 200, 'model__subsample': 0.8}",-232.72595016499,41.33561296239457,1,high_grown,XGBoost,232.72595016499
"{'model__learning_rate': 0.03, 'model__max_depth': 3, 'model__n_estimators': 200, 'model__subsample': 1.0}",-237.4978150371307,43.91138767393516,9,high_grown,XGBoost,237.4978150371307
"{'model__learning_rate': 0.03, 'model__max_depth': 3, 'model__n_estimators': 400, 'model__subsample': 0.8}",-233.95022017646457,41.604311621253125,2,high_grown,XGBoost,233.95022017646457
"{'model__learning_rate': 0.03, 'model__max_depth': 3, 'model__n_estimators': 400, 'model__subsample': 1.0}",-241.8358192646013,45.47000706366975,28,high_grown,XGBoost,241.8358192646013
"{'model__learning_rate': 0.03, 'model__max_depth': 5, 'model__n_estimators': 200, 'model__subsample': 0.8}",-237.44064731772005,39.57660274905596,8,high_grown,XGBoost,237.44064731772005
"{'model__learning_rate': 0.03, 'model__max_depth': 5, 'model__n_estimators': 200, 'model__subsample': 1.0}",-237.97419563110515,41.68073062046972,11,high_grown,XGBoost,237.97419563110515
"{'model__learning_rate': 0.03, 'model__max_depth': 5, 'model__n_estimators': 400, 'model__subsample': 0.8}",-238.04973730016758,39.60702442052838,12,high_grown,XGBoost,238.04973730016758
"{'model__learning_rate': 0.03, 'model__max_depth': 5, 'model__n_estimators': 400, 'model__subsample': 1.0}",-239.25867712404116,41.341101878959414,20,high_grown,XGBoost,239.25867712404116
"{'model__learning_rate': 0.03, 'model__max_depth': 7, 'model__n_estimators': 200, 'model__subsample': 0.8}",-236.99105818529546,42.982880723299914,6,high_grown,XGBoost,236.99105818529546
"{'model__learning_rate': 0.03, 'model__max_depth': 7, 'model__n_estimators': 200, 'model__subsample': 1.0}",-242.35160680158998,45.575492229498984,29,high_grown,XGBoost,242.35160680158998
"{'model__learning_rate': 0.03, 'model__max_depth': 7, 'model__n_estimators': 400, 'model__subsample': 0.8}",-237.24659330136888,43.12738313335903,7,high_grown,XGBoost,237.24659330136888
"{'model__learning_rate': 0.03, 'model__max_depth': 7, 'model__n_estimators': 400, 'model__subsample': 1.0}",-242.70426058700588,45.662739717191975,30,high_grown,XGBoost,242.70426058700588
"{'model__learning_rate': 0.05, 'model__max_depth': 3, 'model__n_estimators': 200, 'model__subsample': 0.8}",-234.2872892124501,42.664003362767,3,high_grown,XGBoost,234.2872892124501
"{'model__learning_rate': 0.05, 'model__max_depth': 3, 'model__n_estimators': 200, 'model__subsample': 1.0}",-236.2087991815175,40.60919370687847,4,high_grown,XGBoost,236.2087991815175
"{'model__learning_rate': 0.05, 'model__max_depth': 3, 'model__n_estimators': 400, 'model__subsample': 0.8}",-236.77532600187055,41.98548827463488,5,high_grown,XGBoost,236.77532600187055
"{'model__learning_rate': 0.05, 'model__max_depth': 3, 'model__n_estimators': 400, 'model__subsample': 1.0}",-240.30747001199825,40.7237190356592,25,high_grown,XGBoost,240.30747001199825
"{'model__learning_rate': 0.05, 'model__max_depth': 5, 'model__n_estimators': 200, 'model__subsample': 0.8}",-238.2725833916439,38.41038379756904,13,high_grown,XGBoost,238.2725833916439
"{'model__learning_rate': 0.05, 'model__max_depth': 5, 'model__n_estimators': 200, 'model__subsample': 1.0}",-237.52065209677426,40.70010593238172,10,high_grown,XGBoost,237.52065209677426
"{'model__learning_rate': 0.05, 'model__max_depth': 5, 'model__n_estimators': 400, 'model__subsample': 0.8}",-238.52690151828182,38.613617895494485,16,high_grown,XGBoost,238.52690151828182
"{'model__learning_rate': 0.05, 'model__max_depth': 5, 'model__n_estimators': 400, 'model__subsample': 1.0}",-238.46341148508617,40.18342262790821,14,high_grown,XGBoost,238.46341148508617
"{'model__learning_rate': 0.05, 'model__max_depth': 7, 'model__n_estimators': 200, 'model__subsample': 0.8}",-239.3485805785289,39.64145517281919,21,high_grown,XGBoost,239.3485805785289
"{'model__learning_rate': 0.05, 'model__max_depth': 7, 'model__n_estimators': 200, 'model__subsample': 1.0}",-244.8365652942483,46.253665686170386,32,high_grown,XGBoost,244.8365652942483
"{'model__learning_rate': 0.05, 'model__max_depth': 7, 'model__n_estimators': 400, 'model__subsample': 0.8}",-239.46441291211758,39.639877040493,22,high_grown,XGBoost,239.46441291211758
"{'model__learning_rate': 0.05, 'model__max_depth': 7, 'model__n_estimators': 400, 'model__subsample': 1.0}",-244.8947770189679,46.098220251900564,33,high_grown,XGBoost,244.8947770189679
"{'model__learning_rate': 0.1, 'model__max_depth': 3, 'model__n_estimators': 200, 'model__subsample': 0.8}",-238.79325402572377,43.19198499793427,19,high_grown,XGBoost,238.79325402572377
"{'model__learning_rate': 0.1, 'model__max_depth': 3, 'model__n_estimators': 200, 'model__subsample': 1.0}",-243.67131841839077,43.59130224911857,31,high_grown,XGBoost,243.67131841839077
"{'model__learning_rate': 0.1, 'model__max_depth': 3, 'model__n_estimators': 400, 'model__subsample': 0.8}",-238.75297309275857,41.93322791086922,18,high_grown,XGBoost,238.75297309275857
"{'model__learning_rate': 0.1, 'model__max_depth': 3, 'model__n_estimators': 400, 'model__subsample': 1.0}",-245.28437287450157,41.44070177758777,34,high_grown,XGBoost,245.28437287450157
"{'model__learning_rate': 0.1, 'model__max_depth': 5, 'model__n_estimators': 200, 'model__subsample': 0.8}",-240.308675928195,38.922213271276654,26,high_grown,XGBoost,240.308675928195
"{'model__learning_rate': 0.1, 'model__max_depth': 5, 'model__n_estimators': 200, 'model__subsample': 1.0}",-238.47677545142255,40.52746990525197,15,high_grown,XGBoost,238.47677545142255
"{'model__learning_rate': 0.1, 'model__max_depth': 5, 'model__n_estimators': 400, 'model__subsample': 0.8}",-240.60086885725323,38.904700063112834,27,high_grown,XGBoost,240.60086885725323
"{'model__learning_rate': 0.1, 'model__max_depth': 5, 'model__n_estimators': 400, 'model__subsample': 1.0}",-238.61619023127065,40.2938328550867,17,high_grown,XGBoost,238.61619023127065
"{'model__learning_rate': 0.1, 'model__max_depth': 7, 'model__n_estimators': 200, 'model__subsample': 0.8}",-239.67136875909483,38.78326377698609,23,high_grown,XGBoost,239.67136875909483
"{'model__learning_rate': 0.1, 'model__max_depth': 7, 'model__n_estimators': 200, 'model__subsample': 1.0}",-248.24862031399124,43.986249380987324,35,high_grown,XGBoost,248.24862031399124
"{'model__learning_rate': 0.1, 'model__max_depth': 7, 'model__n_estimators': 400, 'model__subsample': 0.8}",-239.67859899542955,38.76761088871149,24,high_grown,XGBoost,239.67859899542955
"{'model__learning_rate': 0.1, 'model__max_depth': 7, 'model__n_estimators': 400, 'model__subsample': 1.0}",-248.24877609516233,43.95009304000976,36,high_grown,XGBoost,248.24877609516233
"{'model__learning_rate': 0.03, 'model__n_estimators': 200, 'model__num_leaves': 31, 'model__subsample': 0.8}",-230.6975457789336,39.22214990977001,1,high_grown,LightGBM,230.6975457789336
"{'model__learning_rate': 0.03, 'model__n_estimators': 200, 'model__num_leaves': 31, 'model__subsample': 1.0}",-230.6975457789336,39.22214990977001,1,high_grown,LightGBM,230.6975457789336
"{'model__learning_rate': 0.03, 'model__n_estimators': 200, 'model__num_leaves': 63, 'model__subsample': 0.8}",-230.6975457789336,39.22214990977001,1,high_grown,LightGBM,230.6975457789336
"{'model__learning_rate': 0.03, 'model__n_estimators': 200, 'model__num_leaves': 63, 'model__subsample': 1.0}",-230.6975457789336,39.22214990977001,1,high_grown,LightGBM,230.6975457789336
"{'model__learning_rate': 0.03, 'model__n_estimators': 400, 'model__num_leaves': 31, 'model__subsample': 0.8}",-236.5885688867871,37.68907172354085,9,high_grown,LightGBM,236.5885688867871
"{'model__learning_rate': 0.03, 'model__n_estimators': 400, 'model__num_leaves': 31, 'model__subsample': 1.0}",-236.5885688867871,37.68907172354085,9,high_grown,LightGBM,236.5885688867871
"{'model__learning_rate': 0.03, 'model__n_estimators': 400, 'model__num_leaves': 63, 'model__subsample': 0.8}",-236.5885688867871,37.68907172354085,9,high_grown,LightGBM,236.5885688867871
"{'model__learning_rate': 0.03, 'model__n_estimators': 400, 'model__num_leaves': 63, 'model__subsample': 1.0}",-236.5885688867871,37.68907172354085,9,high_grown,LightGBM,236.5885688867871
"{'model__learning_rate': 0.05, 'model__n_estimators': 200, 'model__num_leaves': 31, 'model__subsample': 0.8}",-235.29825161994512,34.92646885877795,5,high_grown,LightGBM,235.29825161994512
"{'model__learning_rate': 0.05, 'model__n_estimators': 200, 'model__num_leaves': 31, 'model__subsample': 1.0}",-235.29825161994512,34.92646885877795,5,high_grown,LightGBM,235.29825161994512
"{'model__learning_rate': 0.05, 'model__n_estimators': 200, 'model__num_leaves': 63, 'model__subsample': 0.8}",-235.29825161994512,34.92646885877795,5,high_grown,LightGBM,235.29825161994512
"{'model__learning_rate': 0.05, 'model__n_estimators': 200, 'model__num_leaves': 63, 'model__subsample': 1.0}",-235.29825161994512,34.92646885877795,5,high_grown,LightGBM,235.29825161994512
"{'model__learning_rate': 0.05, 'model__n_estimators': 400, 'model__num_leaves': 31, 'model__subsample': 0.8}",-241.5790555056955,35.33350842805834,13,high_grown,LightGBM,241.5790555056955
"{'model__learning_rate': 0.05, 'model__n_estimators': 400, 'model__num_leaves': 31, 'model__subsample': 1.0}",-241.5790555056955,35.33350842805834,13,high_grown,LightGBM,241.5790555056955
"{'model__learning_rate': 0.05, 'model__n_estimators': 400, 'model__num_leaves': 63, 'model__subsample': 0.8}",-241.5790555056955,35.33350842805834,13,high_grown,LightGBM,241.5790555056955
"{'model__learning_rate': 0.05, 'model__n_estimators': 400, 'model__num_leaves': 63, 'model__subsample': 1.0}",-241.5790555056955,35.33350842805834,13,high_grown,LightGBM,241.5790555056955
"{'model__learning_rate': 0.1, 'model__n_estimators': 200, 'model__num_leaves': 31, 'model__subsample': 0.8}",-244.61950363454858,37.4931863838975,17,high_grown,LightGBM,244.61950363454858
"{'model__learning_rate': 0.1, 'model__n_estimators': 200, 'model__num_leaves': 31, 'model__subsample': 1.0}",-244.61950363454858,37.4931863838975,17,high_grown,LightGBM,244.61950363454858
"{'model__learning_rate': 0.1, 'model__n_estimators': 200, 'model__num_leaves': 63, 'model__subsample': 0.8}",-244.61950363454858,37.4931863838975,17,high_grown,LightGBM,244.61950363454858
"{'model__learning_rate': 0.1, 'model__n_estimators': 200, 'model__num_leaves': 63, 'model__subsample': 1.0}",-244.61950363454858,37.4931863838975,17,high_grown,LightGBM,244.61950363454858
"{'model__learning_rate': 0.1, 'model__n_estimators': 400, 'model__num_leaves': 31, 'model__subsample': 0.8}",-247.39024136159713,37.09847380120511,21,high_grown,LightGBM,247.39024136159713
"{'model__learning_rate': 0.1, 'model__n_estimators': 400, 'model__num_leaves': 31, 'model__subsample': 1.0}",-247.39024136159713,37.09847380120511,21,high_grown,LightGBM,247.39024136159713
"{'model__learning_rate': 0.1, 'model__n_estimators': 400, 'model__num_leaves': 63, 'model__subsample': 0.8}",-247.39024136159713,37.09847380120511,21,high_grown,LightGBM,247.39024136159713
"{'model__learning_rate': 0.1, 'model__n_estimators': 400, 'model__num_leaves': 63, 'model__subsample': 1.0}",-247.39024136159713,37.09847380120511,21,high_grown,LightGBM,247.39024136159713
"{'model__learning_rate': 0.03, 'model__max_depth': 2, 'model__n_estimators': 100}",-232.9252607304164,37.83008504185854,1,high_grown,Gradient Boosting,232.9252607304164
"{'model__learning_rate': 0.03, 'model__max_depth': 2, 'model__n_estimators': 200}",-235.50070035913504,42.10182075790164,4,high_grown,Gradient Boosting,235.50070035913504
"{'model__learning_rate': 0.03, 'model__max_depth': 2, 'model__n_estimators': 400}",-241.6704314996651,43.38690837429826,16,high_grown,Gradient Boosting,241.6704314996651
"{'model__learning_rate': 0.03, 'model__max_depth': 3, 'model__n_estimators': 100}",-233.22954362824348,37.855120343376555,2,high_grown,Gradient Boosting,233.22954362824348
"{'model__learning_rate': 0.03, 'model__max_depth': 3, 'model__n_estimators': 200}",-240.90714098930366,40.8178657372733,13,high_grown,Gradient Boosting,240.90714098930366
"{'model__learning_rate': 0.03, 'model__max_depth': 3, 'model__n_estimators': 400}",-246.23756757437505,41.97805733721946,22,high_grown,Gradient Boosting,246.23756757437505
"{'model__learning_rate': 0.03, 'model__max_depth': 4, 'model__n_estimators': 100}",-233.5787949762257,43.45651047553676,3,high_grown,Gradient Boosting,233.5787949762257
"{'model__learning_rate': 0.03, 'model__max_depth': 4, 'model__n_estimators': 200}",-236.06084699265384,42.98533710985798,6,high_grown,Gradient Boosting,236.06084699265384
"{'model__learning_rate': 0.03, 'model__max_depth': 4, 'model__n_estimators': 400}",-238.75242256244087,42.974911549728105,9,high_grown,Gradient Boosting,238.75242256244087
"{'model__learning_rate': 0.05, 'model__max_depth': 2, 'model__n_estimators': 100}",-237.45657444133047,42.10836739812547,7,high_grown,Gradient Boosting,237.45657444133047
"{'model__learning_rate': 0.05, 'model__max_depth': 2, 'model__n_estimators': 200}",-242.96537938192463,43.88795972214319,17,high_grown,Gradient Boosting,242.96537938192463
"{'model__learning_rate': 0.05, 'model__max_depth': 2, 'model__n_estimators': 400}",-247.04438664537466,43.04451123053837,23,high_grown,Gradient Boosting,247.04438664537466
"{'model__learning_rate': 0.05, 'model__max_depth': 3, 'model__n_estimators': 100}",-238.82410243226295,41.47210546230779,10,high_grown,Gradient Boosting,238.82410243226295
"{'model__learning_rate': 0.05, 'model__max_depth': 3, 'model__n_estimators': 200}",-243.94567091405278,42.97625134326023,19,high_grown,Gradient Boosting,243.94567091405278
"{'model__learning_rate': 0.05, 'model__max_depth': 3, 'model__n_estimators': 400}",-248.50775713926765,41.8582035781269,25,high_grown,Gradient Boosting,248.50775713926765
"{'model__learning_rate': 0.05, 'model__max_depth': 4, 'model__n_estimators': 100}",-235.94258085587848,41.33818416209161,5,high_grown,Gradient Boosting,235.94258085587848
"{'model__learning_rate': 0.05, 'model__max_depth': 4, 'model__n_estimators': 200}",-241.51337180563382,41.57993288082801,15,high_grown,Gradient Boosting,241.51337180563382
"{'model__learning_rate': 0.05, 'model__max_depth': 4, 'model__n_estimators': 400}",-243.80449989282505,40.86011324077453,18,high_grown,Gradient Boosting,243.80449989282505
"{'model__learning_rate': 0.1, 'model__max_depth': 2, 'model__n_estimators': 100}",-245.03930378377413,45.183400113875265,21,high_grown,Gradient Boosting,245.03930378377413
"{'model__learning_rate': 0.1, 'model__max_depth': 2, 'model__n_estimators': 200}",-248.01684659421412,43.24475558774399,24,high_grown,Gradient Boosting,248.01684659421412
"{'model__learning_rate': 0.1, 'model__max_depth': 2, 'model__n_estimators': 400}",-254.8709555343249,38.13009483569132,27,high_grown,Gradient Boosting,254.8709555343249
"{'model__learning_rate': 0.1, 'model__max_depth': 3, 'model__n_estimators': 100}",-239.33490888075735,40.48717375695232,11,high_grown,Gradient Boosting,239.33490888075735
"{'model__learning_rate': 0.1, 'model__max_depth': 3, 'model__n_estimators': 200}",-244.13428608818782,39.9935981060795,20,high_grown,Gradient Boosting,244.13428608818782
"{'model__learning_rate': 0.1, 'model__max_depth': 3, 'model__n_estimators': 400}",-248.8759639540634,38.88626141570712,26,high_grown,Gradient Boosting,248.8759639540634
"{'model__learning_rate': 0.1, 'model__max_depth': 4, 'model__n_estimators': 100}",-237.92727767541342,45.19705715502162,8,high_grown,Gradient Boosting,237.92727767541342
"{'model__learning_rate': 0.1, 'model__max_depth': 4, 'model__n_estimators': 200}",-240.5810946064261,44.337218245443744,12,high_grown,Gradient Boosting,240.5810946064261
"{'model__learning_rate': 0.1, 'model__max_depth': 4, 'model__n_estimators': 400}",-241.4068525170842,43.79326976268121,14,high_grown,Gradient Boosting,241.4068525170842
"{'model__max_depth': None, 'model__min_samples_leaf': 1, 'model__n_estimators': 200}",-228.395027358712,39.77903465963863,10,high_grown,Random Forest,228.395027358712
"{'model__max_depth': None, 'model__min_samples_leaf': 1, 'model__n_estimators': 400}",-229.2599222950484,40.104317980646194,18,high_grown,Random Forest,229.2599222950484
"{'model__max_depth': None, 'model__min_samples_leaf': 3, 'model__n_estimators': 200}",-227.26566469831832,42.60053572644797,5,high_grown,Random Forest,227.26566469831832
"{'model__max_depth': None, 'model__min_samples_leaf': 3, 'model__n_estimators': 400}",-227.21984895770538,42.06522458500326,3,high_grown,Random Forest,227.21984895770538
"{'model__max_depth': None, 'model__min_samples_leaf': 5, 'model__n_estimators': 200}",-228.76760341683203,42.38749857775402,11,high_grown,Random Forest,228.76760341683203
"{'model__max_depth': None, 'model__min_samples_leaf': 5, 'model__n_estimators': 400}",-228.88145418988515,42.310001396828106,14,high_grown,Random Forest,228.88145418988515
"{'model__max_depth': 8, 'model__min_samples_leaf': 1, 'model__n_estimators': 200}",-227.67946272293722,39.15880451506092,7,high_grown,Random Forest,227.67946272293722
"{'model__max_depth': 8, 'model__min_samples_leaf': 1, 'model__n_estimators': 400}",-228.22836368984503,39.939341598162436,8,high_grown,Random Forest,228.22836368984503
"{'model__max_depth': 8, 'model__min_samples_leaf': 3, 'model__n_estimators': 200}",-227.1957270965062,42.30909769867309,1,high_grown,Random Forest,227.1957270965062
"{'model__max_depth': 8, 'model__min_samples_leaf': 3, 'model__n_estimators': 400}",-227.27514043397127,41.7420210700705,6,high_grown,Random Forest,227.27514043397127
"{'model__max_depth': 8, 'model__min_samples_leaf': 5, 'model__n_estimators': 200}",-228.82094449412457,42.40456224480982,13,high_grown,Random Forest,228.82094449412457
"{'model__max_depth': 8, 'model__min_samples_leaf': 5, 'model__n_estimators': 400}",-228.89811486018712,42.344471199125145,16,high_grown,Random Forest,228.89811486018712
"{'model__max_depth': 16, 'model__min_samples_leaf': 1, 'model__n_estimators': 200}",-228.35615270335902,39.85994344018377,9,high_grown,Random Forest,228.35615270335902
"{'model__max_depth': 16, 'model__min_samples_leaf': 1, 'model__n_estimators': 400}",-229.23691366076247,40.14865194757602,17,high_grown,Random Forest,229.23691366076247
"{'model__max_depth': 16, 'model__min_samples_leaf': 3, 'model__n_estimators': 200}",-227.2628813498888,42.59824057625401,4,high_grown,Random Forest,227.2628813498888
"{'model__max_depth': 16, 'model__min_samples_leaf': 3, 'model__n_estimators': 400}",-227.21836433996822,42.064098185383195,2,high_grown,Random Forest,227.21836433996822
"{'model__max_depth': 16, 'model__min_samples_leaf': 5, 'model__n_estimators': 200}",-228.7687289721294,42.388339998267746,12,high_grown,Random Forest,228.7687289721294
"{'model__max_depth': 16, 'model__min_samples_leaf': 5, 'model__n_estimators': 400}",-228.88201505568767,42.31040002590183,15,high_grown,Random Forest,228.88201505568767
"{'model__learning_rate': 0.03, 'model__max_depth': 3, 'model__n_estimators': 200, 'model__subsample': 0.8}",-425.7799618462499,177.09912434539555,28,low_grown,XGBoost,425.7799618462499
"{'model__learning_rate': 0.03, 'model__max_depth': 3, 'model__n_estimators': 200, 'model__subsample': 1.0}",-443.4948051487028,174.84704569301186,36,low_grown,XGBoost,443.4948051487028
"{'model__learning_rate': 0.03, 'model__max_depth': 3, 'model__n_estimators': 400, 'model__subsample': 0.8}",-417.28459395227657,183.57714553534151,25,low_grown,XGBoost,417.28459395227657
"{'model__learning_rate': 0.03, 'model__max_depth': 3, 'model__n_estimators': 400, 'model__subsample': 1.0}",-429.4934023792915,178.30411469079144,31,low_grown,XGBoost,429.4934023792915
"{'model__learning_rate': 0.03, 'model__max_depth': 5, 'model__n_estimators': 200, 'model__subsample': 0.8}",-378.66889868135206,142.4164479974237,4,low_grown,XGBoost,378.66889868135206
"{'model__learning_rate': 0.03, 'model__max_depth': 5, 'model__n_estimators': 200, 'model__subsample': 1.0}",-381.36626983389726,133.7737787004944,8,low_grown,XGBoost,381.36626983389726
"{'model__learning_rate': 0.03, 'model__max_depth': 5, 'model__n_estimators': 400, 'model__subsample': 0.8}",-376.106145116351,143.845913489197,2,low_grown,XGBoost,376.106145116351
"{'model__learning_rate': 0.03, 'model__max_depth': 5, 'model__n_estimators': 400, 'model__subsample': 1.0}",-379.1431215276078,135.44996073032675,5,low_grown,XGBoost,379.1431215276078
"{'model__learning_rate': 0.03, 'model__max_depth': 7, 'model__n_estimators': 200, 'model__subsample': 0.8}",-380.4432561023779,136.35468154547812,7,low_grown,XGBoost,380.4432561023779
"{'model__learning_rate': 0.03, 'model__max_depth': 7, 'model__n_estimators': 200, 'model__subsample': 1.0}",-392.1251434274533,124.13702451033639,20,low_grown,XGBoost,392.1251434274533
"{'model__learning_rate': 0.03, 'model__max_depth': 7, 'model__n_estimators': 400, 'model__subsample': 0.8}",-379.817711351435,139.12536622548348,6,low_grown,XGBoost,379.817711351435
"{'model__learning_rate': 0.03, 'model__max_depth': 7, 'model__n_estimators': 400, 'model__subsample': 1.0}",-390.3071942718587,125.49813698108557,19,low_grown,XGBoost,390.3071942718587
"{'model__learning_rate': 0.05, 'model__max_depth': 3, 'model__n_estimators': 200, 'model__subsample': 0.8}",-425.17761891389273,180.9077945357062,27,low_grown,XGBoost,425.17761891389273
"{'model__learning_rate': 0.05, 'model__max_depth': 3, 'model__n_estimators': 200, 'model__subsample': 1.0}",-439.9391867020883,189.45870826888907,35,low_grown,XGBoost,439.9391867020883
"{'model__learning_rate': 0.05, 'model__max_depth': 3, 'model__n_estimators': 400, 'model__subsample': 0.8}",-421.39729809691653,180.57593686007831,26,low_grown,XGBoost,421.39729809691653
"{'model__learning_rate': 0.05, 'model__max_depth': 3, 'model__n_estimators': 400, 'model__subsample': 1.0}",-433.68085212292453,189.34159504509483,34,low_grown,XGBoost,433.68085212292453
"{'model__learning_rate': 0.05, 'model__max_depth': 5, 'model__n_estimators': 200, 'model__subsample': 0.8}",-376.237372328284,151.97796922356957,3,low_grown,XGBoost,376.237372328284
"{'model__learning_rate': 0.05, 'model__max_depth': 5, 'model__n_estimators': 200, 'model__subsample': 1.0}",-386.2426899125483,135.44212686616564,14,low_grown,XGBoost,386.2426899125483
"{'model__learning_rate': 0.05, 'model__max_depth': 5, 'model__n_estimators': 400, 'model__subsample': 0.8}",-375.53344096606025,153.01015770302325,1,low_grown,XGBoost,375.53344096606025
"{'model__learning_rate': 0.05, 'model__max_depth': 5, 'model__n_estimators': 400, 'model__subsample': 1.0}",-385.82172119620543,135.58397231503042,13,low_grown,XGBoost,385.82172119620543
"{'model__learning_rate': 0.05, 'model__max_depth': 7, 'model__n_estimators': 200, 'model__subsample': 0.8}",-382.7512981260237,151.4913239379023,12,low_grown,XGBoost,382.7512981260237
"{'model__learning_rate': 0.05, 'model__max_depth': 7, 'model__n_estimators': 200, 'model__subsample': 1.0}",-394.9579024841627,130.1349004780619,24,low_grown,XGBoost,394.9579024841627
"{'model__learning_rate': 0.05, 'model__max_depth': 7, 'model__n_estimators': 400, 'model__subsample': 0.8}",-382.3000962444995,152.16758568662553,11,low_grown,XGBoost,382.3000962444995
"{'model__learning_rate': 0.05, 'model__max_depth': 7, 'model__n_estimators': 400, 'model__subsample': 1.0}",-394.75074865280646,130.29872960078796,23,low_grown,XGBoost,394.75074865280646
"{'model__learning_rate': 0.1, 'model__max_depth': 3, 'model__n_estimators': 200, 'model__subsample': 0.8}",-426.19652645535734,194.86013330154196,29,low_grown,XGBoost,426.19652645535734
"{'model__learning_rate': 0.1, 'model__max_depth': 3, 'model__n_estimators': 200, 'model__subsample': 1.0}",-432.33746881262124,192.94908225336877,33,low_grown,XGBoost,432.33746881262124
"{'model__learning_rate': 0.1, 'model__max_depth': 3, 'model__n_estimators': 400, 'model__subsample': 0.8}",-426.56813792627446,189.4700074995565,30,low_grown,XGBoost,426.56813792627446
"{'model__learning_rate': 0.1, 'model__max_depth': 3, 'model__n_estimators': 400, 'model__subsample': 1.0}",-430.0137483226798,191.17142511810593,32,low_grown,XGBoost,430.0137483226798
"{'model__learning_rate': 0.1, 'model__max_depth': 5, 'model__n_estimators': 200, 'model__subsample': 0.8}",-381.62846104645917,162.06024661075747,10,low_grown,XGBoost,381.62846104645917
"{'model__learning_rate': 0.1, 'model__max_depth': 5, 'model__n_estimators': 200, 'model__subsample': 1.0}",-386.73791059679087,142.52757873682708,16,low_grown,XGBoost,386.73791059679087
"{'model__learning_rate': 0.1, 'model__max_depth': 5, 'model__n_estimators': 400, 'model__subsample': 0.8}",-381.45592870238875,162.5638169170269,9,low_grown,XGBoost,381.45592870238875
"{'model__learning_rate': 0.1, 'model__max_depth': 5, 'model__n_estimators': 400, 'model__subsample': 1.0}",-386.62731573883246,143.19419107227964,15,low_grown,XGBoost,386.62731573883246
"{'model__learning_rate': 0.1, 'model__max_depth': 7, 'model__n_estimators': 200, 'model__subsample': 0.8}",-386.99389356435825,150.97855183028514,18,low_grown,XGBoost,386.99389356435825
"{'model__learning_rate': 0.1, 'model__max_depth': 7, 'model__n_estimators': 200, 'model__subsample': 1.0}",-394.37269102593217,134.16314829092167,22,low_grown,XGBoost,394.37269102593217
"{'model__learning_rate': 0.1, 'model__max_depth': 7, 'model__n_estimators': 400, 'model__subsample': 0.8}",-386.933862734763,151.18511408492068,17,low_grown,XGBoost,386.933862734763
"{'model__learning_rate': 0.1, 'model__max_depth': 7, 'model__n_estimators': 400, 'model__subsample': 1.0}",-394.34246529924314,134.18736386074065,21,low_grown,XGBoost,394.34246529924314
"{'model__learning_rate': 0.03, 'model__n_estimators': 200, 'model__num_leaves': 31, 'model__subsample': 0.8}",-347.92741559225027,70.67403717913747,23,low_grown,LightGBM,347.92741559225027
"{'model__learning_rate': 0.03, 'model__n_estimators': 200, 'model__num_leaves': 31, 'model__subsample': 1.0}",-347.92741559225027,70.67403717913747,23,low_grown,LightGBM,347.92741559225027
"{'model__learning_rate': 0.03, 'model__n_estimators': 200, 'model__num_leaves': 63, 'model__subsample': 0.8}",-347.7629007052806,70.3786400519509,21,low_grown,LightGBM,347.7629007052806
"{'model__learning_rate': 0.03, 'model__n_estimators': 200, 'model__num_leaves': 63, 'model__subsample': 1.0}",-347.7629007052806,70.3786400519509,21,low_grown,LightGBM,347.7629007052806
"{'model__learning_rate': 0.03, 'model__n_estimators': 400, 'model__num_leaves': 31, 'model__subsample': 0.8}",-332.2879651745885,65.78021507815089,15,low_grown,LightGBM,332.2879651745885
"{'model__learning_rate': 0.03, 'model__n_estimators': 400, 'model__num_leaves': 31, 'model__subsample': 1.0}",-332.2879651745885,65.78021507815089,15,low_grown,LightGBM,332.2879651745885
"{'model__learning_rate': 0.03, 'model__n_estimators': 400, 'model__num_leaves': 63, 'model__subsample': 0.8}",-332.21028843567916,65.8519038208398,13,low_grown,LightGBM,332.21028843567916
"{'model__learning_rate': 0.03, 'model__n_estimators': 400, 'model__num_leaves': 63, 'model__subsample': 1.0}",-332.21028843567916,65.8519038208398,13,low_grown,LightGBM,332.21028843567916
"{'model__learning_rate': 0.05, 'model__n_estimators': 200, 'model__num_leaves': 31, 'model__subsample': 0.8}",-334.9141852575633,65.75601884841086,19,low_grown,LightGBM,334.9141852575633
"{'model__learning_rate': 0.05, 'model__n_estimators': 200, 'model__num_leaves': 31, 'model__subsample': 1.0}",-334.9141852575633,65.75601884841086,19,low_grown,LightGBM,334.9141852575633
"{'model__learning_rate': 0.05, 'model__n_estimators': 200, 'model__num_leaves': 63, 'model__subsample': 0.8}",-334.79750275706425,65.74946587419012,17,low_grown,LightGBM,334.79750275706425
"{'model__learning_rate': 0.05, 'model__n_estimators': 200, 'model__num_leaves': 63, 'model__subsample': 1.0}",-334.79750275706425,65.74946587419012,17,low_grown,LightGBM,334.79750275706425
"{'model__learning_rate': 0.05, 'model__n_estimators': 400, 'model__num_leaves': 31, 'model__subsample': 0.8}",-325.2436062824046,66.72928374578112,7,low_grown,LightGBM,325.2436062824046
"{'model__learning_rate': 0.05, 'model__n_estimators': 400, 'model__num_leaves': 31, 'model__subsample': 1.0}",-325.2436062824046,66.72928374578112,7,low_grown,LightGBM,325.2436062824046
"{'model__learning_rate': 0.05, 'model__n_estimators': 400, 'model__num_leaves': 63, 'model__subsample': 0.8}",-325.21610833397534,66.3244976304768,5,low_grown,LightGBM,325.21610833397534
"{'model__learning_rate': 0.05, 'model__n_estimators': 400, 'model__num_leaves': 63, 'model__subsample': 1.0}",-325.21610833397534,66.3244976304768,5,low_grown,LightGBM,325.21610833397534
"{'model__learning_rate': 0.1, 'model__n_estimators': 200, 'model__num_leaves': 31, 'model__subsample': 0.8}",-326.32218570894923,68.30464201218658,9,low_grown,LightGBM,326.32218570894923
"{'model__learning_rate': 0.1, 'model__n_estimators': 200, 'model__num_leaves': 31, 'model__subsample': 1.0}",-326.32218570894923,68.30464201218658,9,low_grown,LightGBM,326.32218570894923
"{'model__learning_rate': 0.1, 'model__n_estimators': 200, 'model__num_leaves': 63, 'model__subsample': 0.8}",-327.19770909545844,69.06690811231125,11,low_grown,LightGBM,327.19770909545844
"{'model__learning_rate': 0.1, 'model__n_estimators': 200, 'model__num_leaves': 63, 'model__subsample': 1.0}",-327.19770909545844,69.06690811231125,11,low_grown,LightGBM,327.19770909545844
"{'model__learning_rate': 0.1, 'model__n_estimators': 400, 'model__num_leaves': 31, 'model__subsample': 0.8}",-321.5054924380286,70.09523093582752,1,low_grown,LightGBM,321.5054924380286
"{'model__learning_rate': 0.1, 'model__n_estimators': 400, 'model__num_leaves': 31, 'model__subsample': 1.0}",-321.5054924380286,70.09523093582752,1,low_grown,LightGBM,321.5054924380286
"{'model__learning_rate': 0.1, 'model__n_estimators': 400, 'model__num_leaves': 63, 'model__subsample': 0.8}",-322.2738761973486,71.53521119682628,3,low_grown,LightGBM,322.2738761973486
"{'model__learning_rate': 0.1, 'model__n_estimators': 400, 'model__num_leaves': 63, 'model__subsample': 1.0}",-322.2738761973486,71.53521119682628,3,low_grown,LightGBM,322.2738761973486
"{'model__learning_rate': 0.03, 'model__max_depth': 2, 'model__n_estimators': 100}",-414.3764373235366,45.12492662519109,27,low_grown,Gradient Boosting,414.3764373235366
"{'model__learning_rate': 0.03, 'model__max_depth': 2, 'model__n_estimators': 200}",-381.66665581259696,32.32495439855184,25,low_grown,Gradient Boosting,381.66665581259696
"{'model__learning_rate': 0.03, 'model__max_depth': 2, 'model__n_estimators': 400}",-341.3881873788581,14.54666008497863,22,low_grown,Gradient Boosting,341.3881873788581
"{'model__learning_rate': 0.03, 'model__max_depth': 3, 'model__n_estimators': 100}",-337.33675991692724,15.897049797146977,21,low_grown,Gradient Boosting,337.33675991692724
"{'model__learning_rate': 0.03, 'model__max_depth': 3, 'model__n_estimators': 200}",-300.8195546958316,31.015993539362814,15,low_grown,Gradient Boosting,300.8195546958316
"{'model__learning_rate': 0.03, 'model__max_depth': 3, 'model__n_estimators': 400}",-289.99451228983816,45.16684543124154,10,low_grown,Gradient Boosting,289.99451228983816
"{'model__learning_rate': 0.03, 'model__max_depth': 4, 'model__n_estimators': 100}",-304.59504775823666,38.56883889780928,16,low_grown,Gradient Boosting,304.59504775823666
"{'model__learning_rate': 0.03, 'model__max_depth': 4, 'model__n_estimators': 200}",-287.1373656688162,45.455232254204915,8,low_grown,Gradient Boosting,287.1373656688162
"{'model__learning_rate': 0.03, 'model__max_depth': 4, 'model__n_estimators': 400}",-282.21377262192516,49.94199413224225,6,low_grown,Gradient Boosting,282.21377262192516
"{'model__learning_rate': 0.05, 'model__max_depth': 2, 'model__n_estimators': 100}",-389.76140394241816,31.248235069151697,26,low_grown,Gradient Boosting,389.76140394241816
"{'model__learning_rate': 0.05, 'model__max_depth': 2, 'model__n_estimators': 200}",-348.79300109582715,17.23205867177747,23,low_grown,Gradient Boosting,348.79300109582715
"{'model__learning_rate': 0.05, 'model__max_depth': 2, 'model__n_estimators': 400}",-324.1007993206551,19.531549542692076,18,low_grown,Gradient Boosting,324.1007993206551
"{'model__learning_rate': 0.05, 'model__max_depth': 3, 'model__n_estimators': 100}",-314.69887012726105,27.343069873188583,17,low_grown,Gradient Boosting,314.69887012726105
"{'model__learning_rate': 0.05, 'model__max_depth': 3, 'model__n_estimators': 200}",-294.5111276928299,39.54056714303106,14,low_grown,Gradient Boosting,294.5111276928299
"{'model__learning_rate': 0.05, 'model__max_depth': 3, 'model__n_estimators': 400}",-290.3234183945162,49.4427299418319,11,low_grown,Gradient Boosting,290.3234183945162
"{'model__learning_rate': 0.05, 'model__max_depth': 4, 'model__n_estimators': 100}",-274.13838150459,41.13371630040246,3,low_grown,Gradient Boosting,274.13838150459
"{'model__learning_rate': 0.05, 'model__max_depth': 4, 'model__n_estimators': 200}",-267.59280509736044,45.967312880279934,2,low_grown,Gradient Boosting,267.59280509736044
"{'model__learning_rate': 0.05, 'model__max_depth': 4, 'model__n_estimators': 400}",-266.8085781814428,47.877930607097696,1,low_grown,Gradient Boosting,266.8085781814428
"{'model__learning_rate': 0.1, 'model__max_depth': 2, 'model__n_estimators': 100}",-353.20819178979565,15.073081795813358,24,low_grown,Gradient Boosting,353.20819178979565
"{'model__learning_rate': 0.1, 'model__max_depth': 2, 'model__n_estimators': 200}",-332.13024485039995,20.012459548617915,20,low_grown,Gradient Boosting,332.13024485039995
"{'model__learning_rate': 0.1, 'model__max_depth': 2, 'model__n_estimators': 400}",-325.03450044137503,35.416101956222654,19,low_grown,Gradient Boosting,325.03450044137503
"{'model__learning_rate': 0.1, 'model__max_depth': 3, 'model__n_estimators': 100}",-294.3760796998298,46.46885971010421,13,low_grown,Gradient Boosting,294.3760796998298
"{'model__learning_rate': 0.1, 'model__max_depth': 3, 'model__n_estimators': 200}",-290.6143831867154,51.527262089403045,12,low_grown,Gradient Boosting,290.6143831867154
"{'model__learning_rate': 0.1, 'model__max_depth': 3, 'model__n_estimators': 400}",-288.3153899563384,54.85153124523387,9,low_grown,Gradient Boosting,288.3153899563384
"{'model__learning_rate': 0.1, 'model__max_depth': 4, 'model__n_estimators': 100}",-283.86639986984056,49.719525120477904,7,low_grown,Gradient Boosting,283.86639986984056
"{'model__learning_rate': 0.1, 'model__max_depth': 4, 'model__n_estimators': 200}",-281.5559944621849,53.78455867516283,5,low_grown,Gradient Boosting,281.5559944621849
"{'model__learning_rate': 0.1, 'model__max_depth': 4, 'model__n_estimators': 400}",-280.6982159844839,54.888894127292275,4,low_grown,Gradient Boosting,280.6982159844839
"{'model__max_depth': None, 'model__min_samples_leaf': 1, 'model__n_estimators': 200}",-291.2815116991113,44.58880637482864,4,low_grown,Random Forest,291.2815116991113
"{'model__max_depth': None, 'model__min_samples_leaf': 1, 'model__n_estimators': 400}",-290.54514986437374,43.79562330168647,2,low_grown,Random Forest,290.54514986437374
"{'model__max_depth': None, 'model__min_samples_leaf': 3, 'model__n_estimators': 200}",-313.7532988338112,35.157456875466295,10,low_grown,Random Forest,313.7532988338112
"{'model__max_depth': None, 'model__min_samples_leaf': 3, 'model__n_estimators': 400}",-311.9061450521725,35.034810637210235,8,low_grown,Random Forest,311.9061450521725
"{'model__max_depth': None, 'model__min_samples_leaf': 5, 'model__n_estimators': 200}",-339.1528241398079,21.682867889470234,18,low_grown,Random Forest,339.1528241398079
"{'model__max_depth': None, 'model__min_samples_leaf': 5, 'model__n_estimators': 400}",-336.41902150883027,22.325437186244308,14,low_grown,Random Forest,336.41902150883027
"{'model__max_depth': 8, 'model__min_samples_leaf': 1, 'model__n_estimators': 200}",-294.7341116894738,44.76650911518322,6,low_grown,Random Forest,294.7341116894738
"{'model__max_depth': 8, 'model__min_samples_leaf': 1, 'model__n_estimators': 400}",-293.243659303992,44.91241409336265,5,low_grown,Random Forest,293.243659303992
"{'model__max_depth': 8, 'model__min_samples_leaf': 3, 'model__n_estimators': 200}",-316.5843174033078,36.46957278389317,12,low_grown,Random Forest,316.5843174033078
"{'model__max_depth': 8, 'model__min_samples_leaf': 3, 'model__n_estimators': 400}",-314.09571137747724,36.096382696541546,11,low_grown,Random Forest,314.09571137747724
"{'model__max_depth': 8, 'model__min_samples_leaf': 5, 'model__n_estimators': 200}",-338.77943620221777,21.441977088054276,16,low_grown,Random Forest,338.77943620221777
"{'model__max_depth': 8, 'model__min_samples_leaf': 5, 'model__n_estimators': 400}",-336.7355854025735,22.2670763383962,15,low_grown,Random Forest,336.7355854025735
"{'model__max_depth': 16, 'model__min_samples_leaf': 1, 'model__n_estimators': 200}",-291.22729955114414,44.541580853407154,3,low_grown,Random Forest,291.22729955114414
"{'model__max_depth': 16, 'model__min_samples_leaf': 1, 'model__n_estimators': 400}",-290.4872609720701,44.700547822874654,1,low_grown,Random Forest,290.4872609720701
"{'model__max_depth': 16, 'model__min_samples_leaf': 3, 'model__n_estimators': 200}",-313.69949907037005,35.02309670956516,9,low_grown,Random Forest,313.69949907037005
"{'model__max_depth': 16, 'model__min_samples_leaf': 3, 'model__n_estimators': 400}",-311.6838153059965,35.0269878819094,7,low_grown,Random Forest,311.6838153059965
"{'model__max_depth': 16, 'model__min_samples_leaf': 5, 'model__n_estimators': 200}",-339.05347523533976,21.81438717584496,17,low_grown,Random Forest,339.05347523533976
"{'model__max_depth': 16, 'model__min_samples_leaf': 5, 'model__n_estimators': 400}",-336.38829285525975,22.376476460376903,13,low_grown,Random Forest,336.38829285525975
"{'model__learning_rate': 0.03, 'model__max_depth': 3, 'model__n_estimators': 200, 'model__subsample': 0.8}",-150.97906602122046,10.925166674167677,23,off_grade,XGBoost,150.97906602122046
"{'model__learning_rate': 0.03, 'model__max_depth': 3, 'model__n_estimators': 200, 'model__subsample': 1.0}",-151.86138544984414,10.041936460413568,29,off_grade,XGBoost,151.86138544984414
"{'model__learning_rate': 0.03, 'model__max_depth': 3, 'model__n_estimators': 400, 'model__subsample': 0.8}",-151.20510291532568,12.059470634340046,25,off_grade,XGBoost,151.20510291532568
"{'model__learning_rate': 0.03, 'model__max_depth': 3, 'model__n_estimators': 400, 'model__subsample': 1.0}",-152.97173960840246,12.563237536893505,30,off_grade,XGBoost,152.97173960840246
"{'model__learning_rate': 0.03, 'model__max_depth': 5, 'model__n_estimators': 200, 'model__subsample': 0.8}",-144.44613557030857,17.506460723037055,8,off_grade,XGBoost,144.44613557030857
"{'model__learning_rate': 0.03, 'model__max_depth': 5, 'model__n_estimators': 200, 'model__subsample': 1.0}",-148.90479997908534,16.083280163916253,18,off_grade,XGBoost,148.90479997908534
"{'model__learning_rate': 0.03, 'model__max_depth': 5, 'model__n_estimators': 400, 'model__subsample': 0.8}",-144.22283654023596,18.590584643718863,4,off_grade,XGBoost,144.22283654023596
"{'model__learning_rate': 0.03, 'model__max_depth': 5, 'model__n_estimators': 400, 'model__subsample': 1.0}",-148.52827309791843,16.250015911055577,16,off_grade,XGBoost,148.52827309791843
"{'model__learning_rate': 0.03, 'model__max_depth': 7, 'model__n_estimators': 200, 'model__subsample': 0.8}",-145.8611420240522,16.582271490941107,11,off_grade,XGBoost,145.8611420240522
"{'model__learning_rate': 0.03, 'model__max_depth': 7, 'model__n_estimators': 200, 'model__subsample': 1.0}",-149.80109395070298,18.7883531366997,22,off_grade,XGBoost,149.80109395070298
"{'model__learning_rate': 0.03, 'model__max_depth': 7, 'model__n_estimators': 400, 'model__subsample': 0.8}",-145.88397443141375,17.245621195889658,12,off_grade,XGBoost,145.88397443141375
"{'model__learning_rate': 0.03, 'model__max_depth': 7, 'model__n_estimators': 400, 'model__subsample': 1.0}",-149.72031969641856,19.166064148879062,21,off_grade,XGBoost,149.72031969641856
"{'model__learning_rate': 0.05, 'model__max_depth': 3, 'model__n_estimators': 200, 'model__subsample': 0.8}",-151.36505449250532,12.371885647901182,27,off_grade,XGBoost,151.36505449250532
"{'model__learning_rate': 0.05, 'model__max_depth': 3, 'model__n_estimators': 200, 'model__subsample': 1.0}",-153.47910581100456,10.844729597977224,31,off_grade,XGBoost,153.47910581100456
"{'model__learning_rate': 0.05, 'model__max_depth': 3, 'model__n_estimators': 400, 'model__subsample': 0.8}",-151.61773762569322,13.673281509643921,28,off_grade,XGBoost,151.61773762569322
"{'model__learning_rate': 0.05, 'model__max_depth': 3, 'model__n_estimators': 400, 'model__subsample': 1.0}",-156.0514494086119,12.927818085931346,35,off_grade,XGBoost,156.0514494086119
"{'model__learning_rate': 0.05, 'model__max_depth': 5, 'model__n_estimators': 200, 'model__subsample': 0.8}",-144.39580458843594,18.07391878949476,5,off_grade,XGBoost,144.39580458843594
"{'model__learning_rate': 0.05, 'model__max_depth': 5, 'model__n_estimators': 200, 'model__subsample': 1.0}",-148.56338383201538,17.097341582738878,17,off_grade,XGBoost,148.56338383201538
"{'model__learning_rate': 0.05, 'model__max_depth': 5, 'model__n_estimators': 400, 'model__subsample': 0.8}",-144.12135558031096,18.216662506194584,3,off_grade,XGBoost,144.12135558031096
"{'model__learning_rate': 0.05, 'model__max_depth': 5, 'model__n_estimators': 400, 'model__subsample': 1.0}",-148.39573901271766,17.252483094455375,15,off_grade,XGBoost,148.39573901271766
"{'model__learning_rate': 0.05, 'model__max_depth': 7, 'model__n_estimators': 200, 'model__subsample': 0.8}",-144.39593667667003,20.32318925057097,6,off_grade,XGBoost,144.39593667667003
"{'model__learning_rate': 0.05, 'model__max_depth': 7, 'model__n_estimators': 200, 'model__subsample': 1.0}",-149.58013344126212,19.615187217856583,20,off_grade,XGBoost,149.58013344126212
"{'model__learning_rate': 0.05, 'model__max_depth': 7, 'model__n_estimators': 400, 'model__subsample': 0.8}",-144.4436508807613,20.369151959734335,7,off_grade,XGBoost,144.4436508807613
"{'model__learning_rate': 0.05, 'model__max_depth': 7, 'model__n_estimators': 400, 'model__subsample': 1.0}",-149.51641061118042,19.66153930867303,19,off_grade,XGBoost,149.51641061118042
"{'model__learning_rate': 0.1, 'model__max_depth': 3, 'model__n_estimators': 200, 'model__subsample': 0.8}",-153.71390442958108,13.661429342874438,32,off_grade,XGBoost,153.71390442958108
"{'model__learning_rate': 0.1, 'model__max_depth': 3, 'model__n_estimators': 200, 'model__subsample': 1.0}",-154.87794545946844,15.094557856961522,34,off_grade,XGBoost,154.87794545946844
"{'model__learning_rate': 0.1, 'model__max_depth': 3, 'model__n_estimators': 400, 'model__subsample': 0.8}",-154.20830917107622,13.586943034680694,33,off_grade,XGBoost,154.20830917107622
"{'model__learning_rate': 0.1, 'model__max_depth': 3, 'model__n_estimators': 400, 'model__subsample': 1.0}",-156.69609528914,15.018620977060639,36,off_grade,XGBoost,156.69609528914
"{'model__learning_rate': 0.1, 'model__max_depth': 5, 'model__n_estimators': 200, 'model__subsample': 0.8}",-145.02901748204792,17.896331677005197,9,off_grade,XGBoost,145.02901748204792
"{'model__learning_rate': 0.1, 'model__max_depth': 5, 'model__n_estimators': 200, 'model__subsample': 1.0}",-151.17134088571245,14.82424648718261,24,off_grade,XGBoost,151.17134088571245
"{'model__learning_rate': 0.1, 'model__max_depth': 5, 'model__n_estimators': 400, 'model__subsample': 0.8}",-145.0433456904612,17.939208121900705,10,off_grade,XGBoost,145.0433456904612
"{'model__learning_rate': 0.1, 'model__max_depth': 5, 'model__n_estimators': 400, 'model__subsample': 1.0}",-151.22489306947736,14.788619596118021,26,off_grade,XGBoost,151.22489306947736
"{'model__learning_rate': 0.1, 'model__max_depth': 7, 'model__n_estimators': 200, 'model__subsample': 0.8}",-143.9903396276776,17.423259680073603,2,off_grade,XGBoost,143.9903396276776
"{'model__learning_rate': 0.1, 'model__max_depth': 7, 'model__n_estimators': 200, 'model__subsample': 1.0}",-146.94132337668114,22.640324492011313,14,off_grade,XGBoost,146.94132337668114
"{'model__learning_rate': 0.1, 'model__max_depth': 7, 'model__n_estimators': 400, 'model__subsample': 0.8}",-143.9868534096706,17.427950847098945,1,off_grade,XGBoost,143.9868534096706
"{'model__learning_rate': 0.1, 'model__max_depth': 7, 'model__n_estimators': 400, 'model__subsample': 1.0}",-146.93616343004732,22.647490004948178,13,off_grade,XGBoost,146.93616343004732
"{'model__learning_rate': 0.03, 'model__n_estimators': 200, 'model__num_leaves': 31, 'model__subsample': 0.8}",-146.86148194513893,14.717253915670772,1,off_grade,LightGBM,146.86148194513893
"{'model__learning_rate': 0.03, 'model__n_estimators': 200, 'model__num_leaves': 31, 'model__subsample': 1.0}",-146.86148194513893,14.717253915670772,1,off_grade,LightGBM,146.86148194513893
"{'model__learning_rate': 0.03, 'model__n_estimators': 200, 'model__num_leaves': 63, 'model__subsample': 0.8}",-146.86148194513893,14.717253915670772,1,off_grade,LightGBM,146.86148194513893
"{'model__learning_rate': 0.03, 'model__n_estimators': 200, 'model__num_leaves': 63, 'model__subsample': 1.0}",-146.86148194513893,14.717253915670772,1,off_grade,LightGBM,146.86148194513893
"{'model__learning_rate': 0.03, 'model__n_estimators': 400, 'model__num_leaves': 31, 'model__subsample': 0.8}",-149.47604367749108,17.530378212594325,9,off_grade,LightGBM,149.47604367749108
"{'model__learning_rate': 0.03, 'model__n_estimators': 400, 'model__num_leaves': 31, 'model__subsample': 1.0}",-149.47604367749108,17.530378212594325,9,off_grade,LightGBM,149.47604367749108
"{'model__learning_rate': 0.03, 'model__n_estimators': 400, 'model__num_leaves': 63, 'model__subsample': 0.8}",-149.47604367749108,17.530378212594325,9,off_grade,LightGBM,149.47604367749108
"{'model__learning_rate': 0.03, 'model__n_estimators': 400, 'model__num_leaves': 63, 'model__subsample': 1.0}",-149.47604367749108,17.530378212594325,9,off_grade,LightGBM,149.47604367749108
"{'model__learning_rate': 0.05, 'model__n_estimators': 200, 'model__num_leaves': 31, 'model__subsample': 0.8}",-148.70424204451356,15.89941294204717,5,off_grade,LightGBM,148.70424204451356
"{'model__learning_rate': 0.05, 'model__n_estimators': 200, 'model__num_leaves': 31, 'model__subsample': 1.0}",-148.70424204451356,15.89941294204717,5,off_grade,LightGBM,148.70424204451356
"{'model__learning_rate': 0.05, 'model__n_estimators': 200, 'model__num_leaves': 63, 'model__subsample': 0.8}",-148.70424204451356,15.89941294204717,5,off_grade,LightGBM,148.70424204451356
"{'model__learning_rate': 0.05, 'model__n_estimators': 200, 'model__num_leaves': 63, 'model__subsample': 1.0}",-148.70424204451356,15.89941294204717,5,off_grade,LightGBM,148.70424204451356
"{'model__learning_rate': 0.05, 'model__n_estimators': 400, 'model__num_leaves': 31, 'model__subsample': 0.8}",-151.3571640022737,18.412971371667634,13,off_grade,LightGBM,151.3571640022737
"{'model__learning_rate': 0.05, 'model__n_estimators': 400, 'model__num_leaves': 31, 'model__subsample': 1.0}",-151.3571640022737,18.412971371667634,13,off_grade,LightGBM,151.3571640022737
"{'model__learning_rate': 0.05, 'model__n_estimators': 400, 'model__num_leaves': 63, 'model__subsample': 0.8}",-151.3571640022737,18.412971371667634,13,off_grade,LightGBM,151.3571640022737
"{'model__learning_rate': 0.05, 'model__n_estimators': 400, 'model__num_leaves': 63, 'model__subsample': 1.0}",-151.3571640022737,18.412971371667634,13,off_grade,LightGBM,151.3571640022737
"{'model__learning_rate': 0.1, 'model__n_estimators': 200, 'model__num_leaves': 31, 'model__subsample': 0.8}",-151.66019170465015,17.874637486228814,17,off_grade,LightGBM,151.66019170465015
"{'model__learning_rate': 0.1, 'model__n_estimators': 200, 'model__num_leaves': 31, 'model__subsample': 1.0}",-151.66019170465015,17.874637486228814,17,off_grade,LightGBM,151.66019170465015
"{'model__learning_rate': 0.1, 'model__n_estimators': 200, 'model__num_leaves': 63, 'model__subsample': 0.8}",-151.66019170465015,17.874637486228814,17,off_grade,LightGBM,151.66019170465015
"{'model__learning_rate': 0.1, 'model__n_estimators': 200, 'model__num_leaves': 63, 'model__subsample': 1.0}",-151.66019170465015,17.874637486228814,17,off_grade,LightGBM,151.66019170465015
"{'model__learning_rate': 0.1, 'model__n_estimators': 400, 'model__num_leaves': 31, 'model__subsample': 0.8}",-152.55752242379626,18.53348331513043,21,off_grade,LightGBM,152.55752242379626
"{'model__learning_rate': 0.1, 'model__n_estimators': 400, 'model__num_leaves': 31, 'model__subsample': 1.0}",-152.55752242379626,18.53348331513043,21,off_grade,LightGBM,152.55752242379626
"{'model__learning_rate': 0.1, 'model__n_estimators': 400, 'model__num_leaves': 63, 'model__subsample': 0.8}",-152.55752242379626,18.53348331513043,21,off_grade,LightGBM,152.55752242379626
"{'model__learning_rate': 0.1, 'model__n_estimators': 400, 'model__num_leaves': 63, 'model__subsample': 1.0}",-152.55752242379626,18.53348331513043,21,off_grade,LightGBM,152.55752242379626
"{'model__learning_rate': 0.03, 'model__max_depth': 2, 'model__n_estimators': 100}",-157.23072800411438,10.63464225202415,24,off_grade,Gradient Boosting,157.23072800411438
"{'model__learning_rate': 0.03, 'model__max_depth': 2, 'model__n_estimators': 200}",-156.9718010281929,11.658539085542058,23,off_grade,Gradient Boosting,156.9718010281929
"{'model__learning_rate': 0.03, 'model__max_depth': 2, 'model__n_estimators': 400}",-156.85999202352588,11.578888700555144,22,off_grade,Gradient Boosting,156.85999202352588
"{'model__learning_rate': 0.03, 'model__max_depth': 3, 'model__n_estimators': 100}",-150.9981317316636,11.130734256733694,13,off_grade,Gradient Boosting,150.9981317316636
"{'model__learning_rate': 0.03, 'model__max_depth': 3, 'model__n_estimators': 200}",-150.4387047306611,11.798911273294198,10,off_grade,Gradient Boosting,150.4387047306611
"{'model__learning_rate': 0.03, 'model__max_depth': 3, 'model__n_estimators': 400}",-150.86900629734154,14.191149202862835,11,off_grade,Gradient Boosting,150.86900629734154
"{'model__learning_rate': 0.03, 'model__max_depth': 4, 'model__n_estimators': 100}",-148.86962762890693,11.866221490117452,5,off_grade,Gradient Boosting,148.86962762890693
"{'model__learning_rate': 0.03, 'model__max_depth': 4, 'model__n_estimators': 200}",-148.79314183836044,12.618764040033438,3,off_grade,Gradient Boosting,148.79314183836044
"{'model__learning_rate': 0.03, 'model__max_depth': 4, 'model__n_estimators': 400}",-148.75264241034375,13.690849843738267,2,off_grade,Gradient Boosting,148.75264241034375
"{'model__learning_rate': 0.05, 'model__max_depth': 2, 'model__n_estimators': 100}",-156.6453177606736,12.207367881159831,20,off_grade,Gradient Boosting,156.6453177606736
"{'model__learning_rate': 0.05, 'model__max_depth': 2, 'model__n_estimators': 200}",-156.77656381976985,11.78825431604108,21,off_grade,Gradient Boosting,156.77656381976985
"{'model__learning_rate': 0.05, 'model__max_depth': 2, 'model__n_estimators': 400}",-159.9422136814268,14.726529949954967,26,off_grade,Gradient Boosting,159.9422136814268
"{'model__learning_rate': 0.05, 'model__max_depth': 3, 'model__n_estimators': 100}",-152.09597707592712,11.785761069897942,14,off_grade,Gradient Boosting,152.09597707592712
"{'model__learning_rate': 0.05, 'model__max_depth': 3, 'model__n_estimators': 200}",-152.91009622553398,13.340237268310677,17,off_grade,Gradient Boosting,152.91009622553398
"{'model__learning_rate': 0.05, 'model__max_depth': 3, 'model__n_estimators': 400}",-153.9278436809197,15.450487289893575,18,off_grade,Gradient Boosting,153.9278436809197
"{'model__learning_rate': 0.05, 'model__max_depth': 4, 'model__n_estimators': 100}",-148.38108967995703,12.711615154043907,1,off_grade,Gradient Boosting,148.38108967995703
"{'model__learning_rate': 0.05, 'model__max_depth': 4, 'model__n_estimators': 200}",-148.79933113789656,14.69404589718388,4,off_grade,Gradient Boosting,148.79933113789656
"{'model__learning_rate': 0.05, 'model__max_depth': 4, 'model__n_estimators': 400}",-149.769374386205,15.379109991123446,8,off_grade,Gradient Boosting,149.769374386205
"{'model__learning_rate': 0.1, 'model__max_depth': 2, 'model__n_estimators': 100}",-155.43687015465588,11.58631332210561,19,off_grade,Gradient Boosting,155.43687015465588
"{'model__learning_rate': 0.1, 'model__max_depth': 2, 'model__n_estimators': 200}",-157.99606967974464,15.71252929971335,25,off_grade,Gradient Boosting,157.99606967974464
"{'model__learning_rate': 0.1, 'model__max_depth': 2, 'model__n_estimators': 400}",-159.95232385256682,19.308086420969264,27,off_grade,Gradient Boosting,159.95232385256682
"{'model__learning_rate': 0.1, 'model__max_depth': 3, 'model__n_estimators': 100}",-150.91449418804666,13.679441872181766,12,off_grade,Gradient Boosting,150.91449418804666
"{'model__learning_rate': 0.1, 'model__max_depth': 3, 'model__n_estimators': 200}",-152.39746508751296,15.660940011211443,15,off_grade,Gradient Boosting,152.39746508751296
"{'model__learning_rate': 0.1, 'model__max_depth': 3, 'model__n_estimators': 400}",-152.8493347461337,16.794922651498844,16,off_grade,Gradient Boosting,152.8493347461337
"{'model__learning_rate': 0.1, 'model__max_depth': 4, 'model__n_estimators': 100}",-148.9529941491378,12.62954404076948,6,off_grade,Gradient Boosting,148.9529941491378
"{'model__learning_rate': 0.1, 'model__max_depth': 4, 'model__n_estimators': 200}",-148.9777061727478,13.371280782169173,7,off_grade,Gradient Boosting,148.9777061727478
"{'model__learning_rate': 0.1, 'model__max_depth': 4, 'model__n_estimators': 400}",-149.9249781967639,12.560624291332223,9,off_grade,Gradient Boosting,149.9249781967639
"{'model__max_depth': None, 'model__min_samples_leaf': 1, 'model__n_estimators': 200}",-143.3879677670127,14.04790119410664,4,off_grade,Random Forest,143.3879677670127
"{'model__max_depth': None, 'model__min_samples_leaf': 1, 'model__n_estimators': 400}",-143.48094921932002,14.288236137505107,5,off_grade,Random Forest,143.48094921932002
"{'model__max_depth': None, 'model__min_samples_leaf': 3, 'model__n_estimators': 200}",-142.68526585346072,12.73492157419779,1,off_grade,Random Forest,142.68526585346072
"{'model__max_depth': None, 'model__min_samples_leaf': 3, 'model__n_estimators': 400}",-143.6052013580436,13.176517123006528,7,off_grade,Random Forest,143.6052013580436
"{'model__max_depth': None, 'model__min_samples_leaf': 5, 'model__n_estimators': 200}",-144.79692655192693,12.324033605740816,13,off_grade,Random Forest,144.79692655192693
"{'model__max_depth': None, 'model__min_samples_leaf': 5, 'model__n_estimators': 400}",-145.34467949408426,11.972927638594433,16,off_grade,Random Forest,145.34467949408426
"{'model__max_depth': 8, 'model__min_samples_leaf': 1, 'model__n_estimators': 200}",-144.23273698685625,13.834510317622199,11,off_grade,Random Forest,144.23273698685625
"{'model__max_depth': 8, 'model__min_samples_leaf': 1, 'model__n_estimators': 400}",-144.53634733816835,13.840423476667459,12,off_grade,Random Forest,144.53634733816835
"{'model__max_depth': 8, 'model__min_samples_leaf': 3, 'model__n_estimators': 200}",-143.35195905463587,12.268492146967835,3,off_grade,Random Forest,143.35195905463587
"{'model__max_depth': 8, 'model__min_samples_leaf': 3, 'model__n_estimators': 400}",-144.16710440054652,12.696039548596653,10,off_grade,Random Forest,144.16710440054652
"{'model__max_depth': 8, 'model__min_samples_leaf': 5, 'model__n_estimators': 200}",-145.1906105937977,11.997381153684977,15,off_grade,Random Forest,145.1906105937977
"{'model__max_depth': 8, 'model__min_samples_leaf': 5, 'model__n_estimators': 400}",-145.6835695519481,11.695975327441516,18,off_grade,Random Forest,145.6835695519481
"{'model__max_depth': 16, 'model__min_samples_leaf': 1, 'model__n_estimators': 200}",-143.4912605542273,13.914509099450395,6,off_grade,Random Forest,143.4912605542273
"{'model__max_depth': 16, 'model__min_samples_leaf': 1, 'model__n_estimators': 400}",-143.61302598140978,14.128661191287124,9,off_grade,Random Forest,143.61302598140978
"{'model__max_depth': 16, 'model__min_samples_leaf': 3, 'model__n_estimators': 200}",-142.6853548854906,12.734435055764404,2,off_grade,Random Forest,142.6853548854906
"{'model__max_depth': 16, 'model__min_samples_leaf': 3, 'model__n_estimators': 400}",-143.61064890551887,13.172135692186588,8,off_grade,Random Forest,143.61064890551887
"{'model__max_depth': 16, 'model__min_samples_leaf': 5, 'model__n_estimators': 200}",-144.796926551927,12.324033605740809,14,off_grade,Random Forest,144.796926551927
"{'model__max_depth': 16, 'model__min_samples_leaf': 5, 'model__n_estimators': 400}",-145.3446794940843,11.972927638594427,17,off_grade,Random Forest,145.3446794940843
"{'model__learning_rate': 0.03, 'model__max_depth': 3, 'model__n_estimators': 200, 'model__subsample': 0.8}",-152.64002993736128,15.873889796236156,16,dust,XGBoost,152.64002993736128
"{'model__learning_rate': 0.03, 'model__max_depth': 3, 'model__n_estimators': 200, 'model__subsample': 1.0}",-154.5187140665178,18.737795881114476,26,dust,XGBoost,154.5187140665178
"{'model__learning_rate': 0.03, 'model__max_depth': 3, 'model__n_estimators': 400, 'model__subsample': 0.8}",-153.63620402266505,12.596529569723549,23,dust,XGBoost,153.63620402266505
"{'model__learning_rate': 0.03, 'model__max_depth': 3, 'model__n_estimators': 400, 'model__subsample': 1.0}",-154.5969907442032,15.979360651426969,28,dust,XGBoost,154.5969907442032
"{'model__learning_rate': 0.03, 'model__max_depth': 5, 'model__n_estimators': 200, 'model__subsample': 0.8}",-148.96350235462722,15.30188449056969,7,dust,XGBoost,148.96350235462722
"{'model__learning_rate': 0.03, 'model__max_depth': 5, 'model__n_estimators': 200, 'model__subsample': 1.0}",-154.5940732073475,17.748139408645088,27,dust,XGBoost,154.5940732073475
"{'model__learning_rate': 0.03, 'model__max_depth': 5, 'model__n_estimators': 400, 'model__subsample': 0.8}",-149.63209542481735,13.823280703386324,10,dust,XGBoost,149.63209542481735
"{'model__learning_rate': 0.03, 'model__max_depth': 5, 'model__n_estimators': 400, 'model__subsample': 1.0}",-155.92454747076516,16.41910722196765,34,dust,XGBoost,155.92454747076516
"{'model__learning_rate': 0.03, 'model__max_depth': 7, 'model__n_estimators': 200, 'model__subsample': 0.8}",-147.0600736102503,15.654360299592073,3,dust,XGBoost,147.0600736102503
"{'model__learning_rate': 0.03, 'model__max_depth': 7, 'model__n_estimators': 200, 'model__subsample': 1.0}",-152.79655673244326,17.66162156939132,19,dust,XGBoost,152.79655673244326
"{'model__learning_rate': 0.03, 'model__max_depth': 7, 'model__n_estimators': 400, 'model__subsample': 0.8}",-147.30985943411477,15.03857493960986,5,dust,XGBoost,147.30985943411477
"{'model__learning_rate': 0.03, 'model__max_depth': 7, 'model__n_estimators': 400, 'model__subsample': 1.0}",-152.96152257774662,17.22254115246844,20,dust,XGBoost,152.96152257774662
"{'model__learning_rate': 0.05, 'model__max_depth': 3, 'model__n_estimators': 200, 'model__subsample': 0.8}",-151.59767246948428,13.368648796337936,13,dust,XGBoost,151.59767246948428
"{'model__learning_rate': 0.05, 'model__max_depth': 3, 'model__n_estimators': 200, 'model__subsample': 1.0}",-153.30711337816328,15.655080741877383,22,dust,XGBoost,153.30711337816328
"{'model__learning_rate': 0.05, 'model__max_depth': 3, 'model__n_estimators': 400, 'model__subsample': 0.8}",-153.1536231582911,10.533207835843337,21,dust,XGBoost,153.1536231582911
"{'model__learning_rate': 0.05, 'model__max_depth': 3, 'model__n_estimators': 400, 'model__subsample': 1.0}",-154.80521934107082,13.535050994592025,29,dust,XGBoost,154.80521934107082
"{'model__learning_rate': 0.05, 'model__max_depth': 5, 'model__n_estimators': 200, 'model__subsample': 0.8}",-147.2986301727139,13.487662616751727,4,dust,XGBoost,147.2986301727139
"{'model__learning_rate': 0.05, 'model__max_depth': 5, 'model__n_estimators': 200, 'model__subsample': 1.0}",-154.22334922279188,14.798494261219119,24,dust,XGBoost,154.22334922279188
"{'model__learning_rate': 0.05, 'model__max_depth': 5, 'model__n_estimators': 400, 'model__subsample': 0.8}",-147.71215881034132,12.942938708866164,6,dust,XGBoost,147.71215881034132
"{'model__learning_rate': 0.05, 'model__max_depth': 5, 'model__n_estimators': 400, 'model__subsample': 1.0}",-154.49506379080702,14.637183150095655,25,dust,XGBoost,154.49506379080702
"{'model__learning_rate': 0.05, 'model__max_depth': 7, 'model__n_estimators': 200, 'model__subsample': 0.8}",-146.901012922177,14.460801448366826,2,dust,XGBoost,146.901012922177
"{'model__learning_rate': 0.05, 'model__max_depth': 7, 'model__n_estimators': 200, 'model__subsample': 1.0}",-152.71673694613744,17.504470754377675,17,dust,XGBoost,152.71673694613744
"{'model__learning_rate': 0.05, 'model__max_depth': 7, 'model__n_estimators': 400, 'model__subsample': 0.8}",-146.88347779514157,14.252753918747226,1,dust,XGBoost,146.88347779514157
"{'model__learning_rate': 0.05, 'model__max_depth': 7, 'model__n_estimators': 400, 'model__subsample': 1.0}",-152.75228453955384,17.410043116472064,18,dust,XGBoost,152.75228453955384
"{'model__learning_rate': 0.1, 'model__max_depth': 3, 'model__n_estimators': 200, 'model__subsample': 0.8}",-154.95858224586692,10.914706892420782,30,dust,XGBoost,154.95858224586692
"{'model__learning_rate': 0.1, 'model__max_depth': 3, 'model__n_estimators': 200, 'model__subsample': 1.0}",-156.40962119921008,12.644662278464521,35,dust,XGBoost,156.40962119921008
"{'model__learning_rate': 0.1, 'model__max_depth': 3, 'model__n_estimators': 400, 'model__subsample': 0.8}",-155.77868231255883,9.061395074286427,33,dust,XGBoost,155.77868231255883
"{'model__learning_rate': 0.1, 'model__max_depth': 3, 'model__n_estimators': 400, 'model__subsample': 1.0}",-157.51966972535416,11.276523261934365,36,dust,XGBoost,157.51966972535416
"{'model__learning_rate': 0.1, 'model__max_depth': 5, 'model__n_estimators': 200, 'model__subsample': 0.8}",-149.23095025076674,16.138726596162957,9,dust,XGBoost,149.23095025076674
"{'model__learning_rate': 0.1, 'model__max_depth': 5, 'model__n_estimators': 200, 'model__subsample': 1.0}",-155.5222507423269,13.449828754188735,31,dust,XGBoost,155.5222507423269
"{'model__learning_rate': 0.1, 'model__max_depth': 5, 'model__n_estimators': 400, 'model__subsample': 0.8}",-149.21701053453347,15.95728424590857,8,dust,XGBoost,149.21701053453347
"{'model__learning_rate': 0.1, 'model__max_depth': 5, 'model__n_estimators': 400, 'model__subsample': 1.0}",-155.5619200378361,13.319710924276503,32,dust,XGBoost,155.5619200378361
"{'model__learning_rate': 0.1, 'model__max_depth': 7, 'model__n_estimators': 200, 'model__subsample': 0.8}",-151.03340625493703,14.472356332092389,11,dust,XGBoost,151.03340625493703
"{'model__learning_rate': 0.1, 'model__max_depth': 7, 'model__n_estimators': 200, 'model__subsample': 1.0}",-152.0014159155531,17.146094776102725,14,dust,XGBoost,152.0014159155531
"{'model__learning_rate': 0.1, 'model__max_depth': 7, 'model__n_estimators': 400, 'model__subsample': 0.8}",-151.03650776466614,14.467130452368345,12,dust,XGBoost,151.03650776466614
"{'model__learning_rate': 0.1, 'model__max_depth': 7, 'model__n_estimators': 400, 'model__subsample': 1.0}",-152.00223685178838,17.141672928586637,15,dust,XGBoost,152.00223685178838
"{'model__learning_rate': 0.03, 'model__n_estimators': 200, 'model__num_leaves': 31, 'model__subsample': 0.8}",-152.46887434204888,19.812688565659133,1,dust,LightGBM,152.46887434204888
"{'model__learning_rate': 0.03, 'model__n_estimators': 200, 'model__num_leaves': 31, 'model__subsample': 1.0}",-152.46887434204888,19.812688565659133,1,dust,LightGBM,152.46887434204888
"{'model__learning_rate': 0.03, 'model__n_estimators': 200, 'model__num_leaves': 63, 'model__subsample': 0.8}",-152.46887434204888,19.812688565659133,1,dust,LightGBM,152.46887434204888
"{'model__learning_rate': 0.03, 'model__n_estimators': 200, 'model__num_leaves': 63, 'model__subsample': 1.0}",-152.46887434204888,19.812688565659133,1,dust,LightGBM,152.46887434204888
"{'model__learning_rate': 0.03, 'model__n_estimators': 400, 'model__num_leaves': 31, 'model__subsample': 0.8}",-153.5353813057563,18.078252168812188,5,dust,LightGBM,153.5353813057563
"{'model__learning_rate': 0.03, 'model__n_estimators': 400, 'model__num_leaves': 31, 'model__subsample': 1.0}",-153.5353813057563,18.078252168812188,5,dust,LightGBM,153.5353813057563
"{'model__learning_rate': 0.03, 'model__n_estimators': 400, 'model__num_leaves': 63, 'model__subsample': 0.8}",-153.5353813057563,18.078252168812188,5,dust,LightGBM,153.5353813057563
"{'model__learning_rate': 0.03, 'model__n_estimators': 400, 'model__num_leaves': 63, 'model__subsample': 1.0}",-153.5353813057563,18.078252168812188,5,dust,LightGBM,153.5353813057563
"{'model__learning_rate': 0.05, 'model__n_estimators': 200, 'model__num_leaves': 31, 'model__subsample': 0.8}",-154.31416681066767,17.50583903683614,9,dust,LightGBM,154.31416681066767
"{'model__learning_rate': 0.05, 'model__n_estimators': 200, 'model__num_leaves': 31, 'model__subsample': 1.0}",-154.31416681066767,17.50583903683614,9,dust,LightGBM,154.31416681066767
"{'model__learning_rate': 0.05, 'model__n_estimators': 200, 'model__num_leaves': 63, 'model__subsample': 0.8}",-154.31416681066767,17.50583903683614,9,dust,LightGBM,154.31416681066767
"{'model__learning_rate': 0.05, 'model__n_estimators': 200, 'model__num_leaves': 63, 'model__subsample': 1.0}",-154.31416681066767,17.50583903683614,9,dust,LightGBM,154.31416681066767
"{'model__learning_rate': 0.05, 'model__n_estimators': 400, 'model__num_leaves': 31, 'model__subsample': 0.8}",-156.29925414823455,18.379080620606263,17,dust,LightGBM,156.29925414823455
"{'model__learning_rate': 0.05, 'model__n_estimators': 400, 'model__num_leaves': 31, 'model__subsample': 1.0}",-156.29925414823455,18.379080620606263,17,dust,LightGBM,156.29925414823455
"{'model__learning_rate': 0.05, 'model__n_estimators': 400, 'model__num_leaves': 63, 'model__subsample': 0.8}",-156.29925414823455,18.379080620606263,17,dust,LightGBM,156.29925414823455
"{'model__learning_rate': 0.05, 'model__n_estimators': 400, 'model__num_leaves': 63, 'model__subsample': 1.0}",-156.29925414823455,18.379080620606263,17,dust,LightGBM,156.29925414823455
"{'model__learning_rate': 0.1, 'model__n_estimators': 200, 'model__num_leaves': 31, 'model__subsample': 0.8}",-155.03159468828048,16.502137391085128,13,dust,LightGBM,155.03159468828048
"{'model__learning_rate': 0.1, 'model__n_estimators': 200, 'model__num_leaves': 31, 'model__subsample': 1.0}",-155.03159468828048,16.502137391085128,13,dust,LightGBM,155.03159468828048
"{'model__learning_rate': 0.1, 'model__n_estimators': 200, 'model__num_leaves': 63, 'model__subsample': 0.8}",-155.03159468828048,16.502137391085128,13,dust,LightGBM,155.03159468828048
"{'model__learning_rate': 0.1, 'model__n_estimators': 200, 'model__num_leaves': 63, 'model__subsample': 1.0}",-155.03159468828048,16.502137391085128,13,dust,LightGBM,155.03159468828048
"{'model__learning_rate': 0.1, 'model__n_estimators': 400, 'model__num_leaves': 31, 'model__subsample': 0.8}",-156.8627746542756,18.712153607755084,21,dust,LightGBM,156.8627746542756
"{'model__learning_rate': 0.1, 'model__n_estimators': 400, 'model__num_leaves': 31, 'model__subsample': 1.0}",-156.8627746542756,18.712153607755084,21,dust,LightGBM,156.8627746542756
"{'model__learning_rate': 0.1, 'model__n_estimators': 400, 'model__num_leaves': 63, 'model__subsample': 0.8}",-156.8627746542756,18.712153607755084,21,dust,LightGBM,156.8627746542756
"{'model__learning_rate': 0.1, 'model__n_estimators': 400, 'model__num_leaves': 63, 'model__subsample': 1.0}",-156.8627746542756,18.712153607755084,21,dust,LightGBM,156.8627746542756
"{'model__learning_rate': 0.03, 'model__max_depth': 2, 'model__n_estimators': 100}",-166.91936695040107,19.693150843322485,27,dust,Gradient Boosting,166.91936695040107
"{'model__learning_rate': 0.03, 'model__max_depth': 2, 'model__n_estimators': 200}",-161.7259605376318,19.466257343409204,21,dust,Gradient Boosting,161.7259605376318
"{'model__learning_rate': 0.03, 'model__max_depth': 2, 'model__n_estimators': 400}",-162.65141096562644,18.580601801941796,23,dust,Gradient Boosting,162.65141096562644
"{'model__learning_rate': 0.03, 'model__max_depth': 3, 'model__n_estimators': 100}",-152.32021317530345,19.111921938239803,6,dust,Gradient Boosting,152.32021317530345
"{'model__learning_rate': 0.03, 'model__max_depth': 3, 'model__n_estimators': 200}",-151.42992700622204,18.00039930153795,3,dust,Gradient Boosting,151.42992700622204
"{'model__learning_rate': 0.03, 'model__max_depth': 3, 'model__n_estimators': 400}",-151.39882800516384,13.33691989599607,2,dust,Gradient Boosting,151.39882800516384
"{'model__learning_rate': 0.03, 'model__max_depth': 4, 'model__n_estimators': 100}",-151.08290767595236,17.684539312680783,1,dust,Gradient Boosting,151.08290767595236
"{'model__learning_rate': 0.03, 'model__max_depth': 4, 'model__n_estimators': 200}",-151.81219242589782,16.931886883895217,4,dust,Gradient Boosting,151.81219242589782
"{'model__learning_rate': 0.03, 'model__max_depth': 4, 'model__n_estimators': 400}",-152.00542291361438,16.100503063137655,5,dust,Gradient Boosting,152.00542291361438
"{'model__learning_rate': 0.05, 'model__max_depth': 2, 'model__n_estimators': 100}",-162.15950062818825,19.1135640031375,22,dust,Gradient Boosting,162.15950062818825
"{'model__learning_rate': 0.05, 'model__max_depth': 2, 'model__n_estimators': 200}",-160.25384808599762,17.955101861172466,19,dust,Gradient Boosting,160.25384808599762
"{'model__learning_rate': 0.05, 'model__max_depth': 2, 'model__n_estimators': 400}",-162.9555230160833,14.399581592293282,24,dust,Gradient Boosting,162.9555230160833
"{'model__learning_rate': 0.05, 'model__max_depth': 3, 'model__n_estimators': 100}",-152.53917931292574,18.46007687478833,8,dust,Gradient Boosting,152.53917931292574
"{'model__learning_rate': 0.05, 'model__max_depth': 3, 'model__n_estimators': 200}",-153.00431698398546,14.703856622338696,11,dust,Gradient Boosting,153.00431698398546
"{'model__learning_rate': 0.05, 'model__max_depth': 3, 'model__n_estimators': 400}",-154.0181505165264,12.958655164244956,14,dust,Gradient Boosting,154.0181505165264
"{'model__learning_rate': 0.05, 'model__max_depth': 4, 'model__n_estimators': 100}",-152.88175993828696,19.101252415924197,9,dust,Gradient Boosting,152.88175993828696
"{'model__learning_rate': 0.05, 'model__max_depth': 4, 'model__n_estimators': 200}",-152.95068823251444,17.47580136683936,10,dust,Gradient Boosting,152.95068823251444
"{'model__learning_rate': 0.05, 'model__max_depth': 4, 'model__n_estimators': 400}",-153.73807140625786,16.191977098359068,13,dust,Gradient Boosting,153.73807140625786
"{'model__learning_rate': 0.1, 'model__max_depth': 2, 'model__n_estimators': 100}",-161.10221285250995,17.978968463236228,20,dust,Gradient Boosting,161.10221285250995
"{'model__learning_rate': 0.1, 'model__max_depth': 2, 'model__n_estimators': 200}",-164.01828225418342,14.551731249880342,25,dust,Gradient Boosting,164.01828225418342
"{'model__learning_rate': 0.1, 'model__max_depth': 2, 'model__n_estimators': 400}",-166.59743789309363,14.123668921496629,26,dust,Gradient Boosting,166.59743789309363
"{'model__learning_rate': 0.1, 'model__max_depth': 3, 'model__n_estimators': 100}",-152.32065362525304,16.382395728927793,7,dust,Gradient Boosting,152.32065362525304
"{'model__learning_rate': 0.1, 'model__max_depth': 3, 'model__n_estimators': 200}",-153.63996171643495,15.874258768131197,12,dust,Gradient Boosting,153.63996171643495
"{'model__learning_rate': 0.1, 'model__max_depth': 3, 'model__n_estimators': 400}",-154.98949841927157,15.710696619123585,16,dust,Gradient Boosting,154.98949841927157
"{'model__learning_rate': 0.1, 'model__max_depth': 4, 'model__n_estimators': 100}",-154.47397534009784,18.36888902793589,15,dust,Gradient Boosting,154.47397534009784
"{'model__learning_rate': 0.1, 'model__max_depth': 4, 'model__n_estimators': 200}",-155.03564509747403,17.818664034828373,17,dust,Gradient Boosting,155.03564509747403
"{'model__learning_rate': 0.1, 'model__max_depth': 4, 'model__n_estimators': 400}",-155.28269462540112,17.62859045545783,18,dust,Gradient Boosting,155.28269462540112
"{'model__max_depth': None, 'model__min_samples_leaf': 1, 'model__n_estimators': 200}",-143.56618383748028,17.6808382384457,2,dust,Random Forest,143.56618383748028
"{'model__max_depth': None, 'model__min_samples_leaf': 1, 'model__n_estimators': 400}",-143.64150908911515,17.86382315364967,4,dust,Random Forest,143.64150908911515
"{'model__max_depth': None, 'model__min_samples_leaf': 3, 'model__n_estimators': 200}",-145.8178639414486,18.617133762160314,12,dust,Random Forest,145.8178639414486
"{'model__max_depth': None, 'model__min_samples_leaf': 3, 'model__n_estimators': 400}",-145.56142259850026,18.975259876800703,10,dust,Random Forest,145.56142259850026
"{'model__max_depth': None, 'model__min_samples_leaf': 5, 'model__n_estimators': 200}",-149.27511156677107,20.604230878673377,16,dust,Random Forest,149.27511156677107
"{'model__max_depth': None, 'model__min_samples_leaf': 5, 'model__n_estimators': 400}",-149.19630332410642,20.502610272234687,13,dust,Random Forest,149.19630332410642
"{'model__max_depth': 8, 'model__min_samples_leaf': 1, 'model__n_estimators': 200}",-143.87462294741098,18.68459415269901,6,dust,Random Forest,143.87462294741098
"{'model__max_depth': 8, 'model__min_samples_leaf': 1, 'model__n_estimators': 400}",-143.71812040268688,18.414569202249275,5,dust,Random Forest,143.71812040268688
"{'model__max_depth': 8, 'model__min_samples_leaf': 3, 'model__n_estimators': 200}",-145.48973348074657,18.71418066872534,8,dust,Random Forest,145.48973348074657
"{'model__max_depth': 8, 'model__min_samples_leaf': 3, 'model__n_estimators': 400}",-145.3198631744566,19.21908432679178,7,dust,Random Forest,145.3198631744566
"{'model__max_depth': 8, 'model__min_samples_leaf': 5, 'model__n_estimators': 200}",-149.3315995729311,20.68373714932898,18,dust,Random Forest,149.3315995729311
"{'model__max_depth': 8, 'model__min_samples_leaf': 5, 'model__n_estimators': 400}",-149.2647711181377,20.52084495361593,15,dust,Random Forest,149.2647711181377
"{'model__max_depth': 16, 'model__min_samples_leaf': 1, 'model__n_estimators': 200}",-143.5432526125675,17.57658568328973,1,dust,Random Forest,143.5432526125675
"{'model__max_depth': 16, 'model__min_samples_leaf': 1, 'model__n_estimators': 400}",-143.6276365989684,17.81389575315975,3,dust,Random Forest,143.6276365989684
"{'model__max_depth': 16, 'model__min_samples_leaf': 3, 'model__n_estimators': 200}",-145.81116735338955,18.610625435963524,11,dust,Random Forest,145.81116735338955
"{'model__max_depth': 16, 'model__min_samples_leaf': 3, 'model__n_estimators': 400}",-145.5580934454278,18.972001233407624,9,dust,Random Forest,145.5580934454278
"{'model__max_depth': 16, 'model__min_samples_leaf': 5, 'model__n_estimators': 200}",-149.2751115667711,20.604230878673377,17,dust,Random Forest,149.2751115667711
"{'model__max_depth': 16, 'model__min_samples_leaf': 5, 'model__n_estimators': 400}",-149.19630332410642,20.502610272234673,13,dust,Random Forest,149.19630332410642
