sale_id,sale_number,sale_date_raw,sale_year,sale_month,source_file,extracted_at,total_lots,total_kgs,reprint_lots,reprint_quantity,settlement_10pct,settlement_buyers,settlement_sellers,commentary,sentiment_overall,sentiment_ex_estate,sentiment_low_grown,western_nuwara_eliya_weather_desc,western_nuwara_eliya_weather_score,uva_udapussellawa_weather_desc,uva_udapussellawa_weather_score,low_grown_weather_desc,low_grown_weather_score,crop_notes,avg_weather_severity,crop_nuwara_eliya_trend,crop_western_trend,crop_uva_trend,crop_low_grown_trend,private_sales_weekly_2026,private_sales_weekly_2025,private_sales_todate_2026,private_sales_todate_2025,public_auction_weekly_2026,public_auction_weekly_2025,public_auction_todate_2026,public_auction_todate_2025,forward_contracts_weekly_2026,forward_contracts_weekly_2025,forward_contracts_todate_2026,forward_contracts_todate_2025,total_sold_weekly_2026,total_sold_weekly_2025,total_sold_todate_2026,total_sold_todate_2025,fx_usd_2026,fx_usd_2025,fx_usd_2024,fx_gbp_2026,fx_gbp_2025,fx_gbp_2024,fx_eur_2026,fx_eur_2025,fx_eur_2024,fx_jpy_2026,fx_jpy_2025,fx_jpy_2024,sl_production_mkgs,sl_production_yoy_variance,gross_lkr_weekly_uva_high_2026,gross_lkr_weekly_uva_high_2025,gross_lkr_todate_uva_high_2026,gross_lkr_todate_uva_high_2025,gross_lkr_weekly_western_high_2026,gross_lkr_weekly_western_high_2025,gross_lkr_todate_western_high_2026,gross_lkr_todate_western_high_2025,gross_lkr_weekly_ctc_high_2026,gross_lkr_weekly_ctc_high_2025,gross_lkr_todate_ctc_high_2026,gross_lkr_todate_ctc_high_2025,gross_lkr_weekly_high_summary_2026,gross_lkr_weekly_high_summary_2025,gross_lkr_todate_high_summary_2026,gross_lkr_todate_high_summary_2025,gross_lkr_weekly_uva_medium_2026,gross_lkr_weekly_uva_medium_2025,gross_lkr_todate_uva_medium_2026,gross_lkr_todate_uva_medium_2025,gross_lkr_weekly_western_medium_2026,gross_lkr_weekly_western_medium_2025,gross_lkr_todate_western_medium_2026,gross_lkr_todate_western_medium_2025,gross_lkr_weekly_ctc_medium_2026,gross_lkr_weekly_ctc_medium_2025,gross_lkr_todate_ctc_medium_2026,gross_lkr_todate_ctc_medium_2025,gross_lkr_weekly_medium_summary_2026,gross_lkr_weekly_medium_summary_2025,gross_lkr_todate_medium_summary_2026,gross_lkr_todate_medium_summary_2025,gross_lkr_weekly_orthodox_low_2026,gross_lkr_weekly_orthodox_low_2025,gross_lkr_todate_orthodox_low_2026,gross_lkr_todate_orthodox_low_2025,gross_lkr_weekly_ctc_low_2026,gross_lkr_weekly_ctc_low_2025,gross_lkr_todate_ctc_low_2026,gross_lkr_todate_ctc_low_2025,gross_lkr_weekly_low_summary_2026,gross_lkr_weekly_low_summary_2025,gross_lkr_todate_low_summary_2026,gross_lkr_todate_low_summary_2025,gross_lkr_weekly_total_2026,gross_lkr_weekly_total_2025,gross_lkr_todate_total_2026,gross_lkr_todate_total_2025
UNKNOWN_Sale of 30 December 2025.pdf,50,,,,Sale of 30 December 2025.pdf,2026-03-19T23:49:08,8510.0,4201416.0,14.0,9311.0,02/01/2026,05/01/2026,06/01/2026,"The 50th and final sale of the year was conducted today (30 December 2026) following the re-scheduling of sales due to Cyclone Ditwah in late November. On account of a one-day Auction, offerings were restricted to 4.2 M/Kgs, of which Ex-Estate offerings comprised of 0.76 M/Kgs. Overall, a bearish market sentiment perhaps following the fewer number of working days from the previous week's auction. Quality of Ex-Estate offerings were barely maintained. Overall, a sharper decline for teas in the higher price bracket. Western BOP/BOPF's in the higher price bracket declined by up to Rs. 100 per kg and more for select high-priced teas. Most other teas on offer recorded a Rs. 20-40 per kg decline over the previous week's prices. The only exception would the Western High Grown 'BOP Special's' and 'PEK's' which were limited on offer and appreciated by up to Rs. 100 per kg. Low Growns totalled approximately 1.69 M/Kgs. Leafy, Semi-Leafy, Tippy and Premium categories met with fair demand. In the Leafy and Semi-Leafy catalogues, select BOP1's were firm, whilst the Best and Below Best together with the clean/bolder varieties were easier. Teas at the lower end maintained. High-priced OP1's were firm, whilst the Best, Below Best and teas at the bottom appreciated. OP's, in general, were lower. High-priced OPA's were easier, whilst the balance were irregular following quality. A few select Best PEK's appreciated on special inquiry, whilst the balance together with the Best were easier. Howev",-0.2143,-0.5,-0.1667,"Both regions reported bright weather throughout the week. All regions reported a decrease in the According to the Department of Meteorology, intermittent",1,The Uva and Uda Pussellawa regions reported bright mornings and occasional evening showers throughout the week. Showers are expected in both regions in the week ahead according to the Department of Meteorology.,3,"totalled approximately 1.69 M/Kgs. Leafy, Semi-Leafy, Tippy and Premium categories met with fair demand. In the Leafy and Semi-Leafy catalogues, select BOP1's were firm, whilst the Best and Below Best together with the clean/bolder varieties were eas",3,"AND WEATHER Page No 4 FOR THE PERIOD 23 - 30 December 2025 Crop Western/Nuwara Eliya Regions Both regions reported bright weather throughout the week. All regions reported a decrease in the According to the Department of Meteorology, intermittent crop intake. showers are expected in the Western and ",2.33,-1.0,-1.0,-1.0,-1.0,203558.0,177563.0,10575829.0,6523909.0,4877632.0,5356786.0,239324923.0,234486913.0,28000.0,92000.0,2358939.0,2576756.0,5109190.0,5626349.0,252259691.0,243587578.0,305.88,286.44,321.94,411.85,361.8,407.0,358.95,299.53,349.48,1.94,1.85,2.25,,,,,,,,,,,,,,,,,,,,,,,,,,,,,,,,,,,,,,,,,,,,,,,,,,
SALE_38_2025,38,29TH/30TH September 2025,2025.0,September,Sale of  29 & 30 September 2025.pdf,2026-03-20T00:07:46,10039.0,4865936.0,772.0,378620.0,03/10/2025,07/10/2025,08/10/2025,"Auctionofferingsdeclinedandtotalled4.8M/Kgs,thelowestonoffersinceSaleNo.16of22and24April2024(4.7M/Kgs). Ex-Estateofferingsweremaintainedaround0.6M/Kgs.ThelimitedavailabilityofHigh&MidGrownliquoringBOP/BOPF's continuedtosellwell,whilsttheLowGrowns/LargeLeafteasmetwithmixeddemand. IntheEx-Estatecatalogue,overallqualityofteaswerereasonablymaintainedandinthebackdropoflimitedavailability,there wasgooddemand. IntheBestWesterncategory,BOP's-Selectinvoices,wherequalitywasmaintained,werefirmanduptoRs.50perkgdearer, whilsttheotherswereirregularandeasierbyasimilarmargin.CorrespondingBOPF's-Selecthigh-pricedteaswereoften irregularandeasier,whilsttheotherswherequalitywasmaintainedwerefirmwithafewselectinvoicesappreciating followingspecialinquiry.IntheBelowBestcategory,selectimprovedBOP'sappreciatedbyRs.50perkgandmore,whilstthe otherswereirregularfollowingquality.CorrespondingBOPF's-ImprovedteasappreciatedbyRs.50perkgandmore,whilst theotherswerefirmanddearertoalesserextent.Atthelowerend,BOP/BOPF'sweremostlyfirmwithselectBOPFinvoices appreciatingbyuptoRs.20perkg.NuwaraEliyaBOP/BOPF'smostlysoldaroundlast.UdaPussellawaBOP'swereirregular. CorrespondingBOPF's-Cleanleaftypeswerefirm,whilsttheotherswereirregular.UvaBOP'sweremostlyunsoldduetoa lackofsuitablebids.CorrespondingBOPF'swerefirmandRs.20perkgdearerforthebettersorts,whilsttheotherswere lowerbyasimilarmarginandattimesunsold. High&MidGrownCTCteas-BP1'shadhardlyanyofferings,whilstthePF1'swerefirmandselectivelydearerbyRs.20perkg andmore.LowGr",0.1064,0.1064,0.0,The Western and Nuwara Eliya regions reported bright mornings and occasional evening showers throughout the The Western and Nuwara Eliya regions week. Intermittent showers are expected in both regions in reported a slight increase in the,3,Both regions reported bright weather and intermittent showers throughout the week. The Department of Meteorology expects rain in both regions in the week ahead.,3,regions maintained. Uva/Udapussellawa Regions Both regions reported bright weather and intermittent showers throughout the week. The Department of Meteorology expects rain in both regions in the week ahead. Low Growns Rain was reported in the Low Gro,3,AND WEATHER FOR THE PERIOD 24 - 29 September 2025 Crop Western/Nuwara Eliya Regions The Western and Nuwara Eliya regions reported bright mornings and occasional evening showers throughout the The Western and Nuwara Eliya regions week. Intermittent showers are expected in both regions in reported a s,3.0,1.0,1.0,1.0,1.0,,,,,,,,,,,,,,,,,298.76,299.71,318.73,400.06,398.63,389.17,348.99,331.33,337.85,1.99,2.07,2.13,,,,,,,,,,,,,,,,,,,,,,,,,,,,,,,,,,,,,,,,,,,,,,,,,,
SALE_34_2025,34,01ST/02ND September 2025,2025.0,September,Sale of 1 & 2 September 2025.pdf,2026-03-20T00:07:48,10619.0,5105188.0,1039.0,503557.0,04/09/2025,08/09/2025,09/09/2025,"Auctionofferingsdeclinedfurtherandtotalled5.1M/Kgsthisweek,ofwhichapproximately0.5M/Kgscomprisedofre-prints. Onceagain,improveddemandinthebackdropoflimitedavailability. Ex-Estateofferingstoowerelowertolastandtotalled0.64M/Kgs.OverallqualityofteasfromtheWestenslopeswere marginallyimproved,whilsttheNuwaraEliyas'/UdaPussellawas'wereirregular.Uvas'werelimitedtonon-seasonalteasthis week. FromtheWesternslopes,BestavailableBOP/BOPF'swereupbyRs.50perkgandRs.20-40perkgrespectively.IntheBelow Bestcategory,BOP'sgainedbyRs.20-40perkgandmore,whilstthecorrespondingBOPF'sgainedbyRs.50perkgandmore forselectinvoices.Atthelowerendofthemarket,BOP/BOPF'sgainedbyRs.50perkgandmoreforthecleanleaftypes. NuwaraEliyas'wereperhapstheonlydisappointingfeaturewheremostBOP/BOPF'sremainedunsold.UdaPussellawa BOP/BOPF'swereoftenfirmandRs.20-40perkgdearerthoughstillcontinuedtosellatthelowerendofthemarket.Uvas' hadnoseasonalteasonoffer,whilstothernon-seasonalBOP/BOPF'scontinuedtosellaroundlastweek'slevels. High&MediumGrownCTCteas-BP1'shadhardlyanyofferings.PF1's-Bettersortsweregenerallyfirmsubjecttoquality, whilstagreatermajorityofthepoorersortsatthelowerendofthemarketremainedunsold.CorrespondingLowGrowntypes continuedtosellwell. LessactivityfromshipperstotheUKandthecontinent,whilstshipperstoJapan,China,theCISandtheMiddleEastcontinued tooperatefairlyactively. LowGrownstotalledapproximately2.1M/Kgs.Allcategoriesmetwithfairdemand. IntheLeafyandSemi-Leafycatalogues,well-madeBOP1'swerefirm,whilsttheBelowBesttogeth",0.2432,0.2432,0.0,"Bright mornings and evening showers were reported in the Western and Nuwara Eliya regions throughout the week. The Western and Nuwara Eliya regions According to the Department of Meteorology, sporadic showers maintained the",3,The Uva and Uda Pussellawa regions reported sunny weather throughout the week. The Department of Meteorology expects showers in both regions in the week ahead.,3,"average for the month recorded an increase of Rs. 44.01 and USD 0.14 month on month, whilst against the corresponding average of August 2024 shows a decrease of Rs. 5.53 and USD 0.03. * All regions recorded negative variances during the period Januar",3,"AND WEATHER FOR THE PERIOD 27 August - 01 September 2025 Crop Western/Nuwara Eliya Regions Bright mornings and evening showers were reported in the Western and Nuwara Eliya regions throughout the week. The Western and Nuwara Eliya regions According to the Department of Meteorology, sporadic showers ",3.0,1.0,1.0,1.0,1.0,165981.0,82693.0,7111185.0,4186795.0,4541661.0,5030855.0,166249998.0,158312296.0,20000.0,96180.0,1615231.0,1433250.0,4727642.0,5209728.0,174976414.0,163932341.0,298.3,296.36,317.96,402.18,389.53,399.24,347.91,329.29,341.98,2.02,2.03,2.16,,,1078.53,1155.32,1038.76,1114.09,1159.31,1163.53,1093.72,1192.96,1101.42,1000.1,1071.21,1106.24,1128.35,1160.69,1075.71,1167.57,1097.71,1095.6,1068.68,1144.57,1015.67,1012.61,1004.38,1070.98,927.54,949.03,940.02,978.34,1039.68,1038.77,1025.62,1096.09,1314.25,1304.65,1260.54,1380.88,976.92,948.61,980.03,1002.99,1289.61,1280.84,1245.12,1356.55,1221.77,1212.16,1172.55,1271.55
SALE_06_2026,6,10TH/11TH February 2026,2026.0,February,Sale of 10 & 11 February 2026.pdf,2026-03-20T00:07:49,12252.0,5949847.0,2604.0,1265688.0,13/02/2026,17/02/2026,18/02/2026,"AuctionNo.6concludedtodayhadonofferatotalof5.9M/Kgsvis-à-visa6.1M/Kgsonofferthepreviousweek.Therewasfairgeneral demand.LowGrown/Leafyteasmetwithmixeddemand.HighGrownliquoringBOP/BOPF's-SeasonalWesternswitnessedimproved widespreaddemand,whilsttheotherswereasusual. Ex-Estateofferingsdroppedmarginallyandtotalledof0.7M/Kgs.QualityofWesternswereselectivelyimprovedandhadonofferafew seasonalinvoices. IntheBestWesterncategory,selectBOPinvoicesgainedsubstantiallybyRs.100perkgandmore,whilsttheotherswereirregularfollowing quality.CorrespondingBOPF'scontinuedtosellwellalthoughpricestendedtofluctuatefollowingquality.IntheBelowBestcategory, BOP/BOPF'swhereimprovedgainedbyRs.20-40perkg,whilsttheothersweregenerallyfirm.Atthelowerendofthemarket,BOP/BOPF's oftensoldaroundlastweek'slevels.NuwaraEliyas-Followingtheseasonalimprovement,BOP'sappreciatedsubstantially,whilsttheBOPF's werefirmandtendeddearerforthelimitednumberofinvoicesonoffer.UdaPussellawaBOP'sweremostlyeasier,whilstthecorresponding BOPF'sgainedbyuptoRs.50perkg.Uva-BetterBOP/BOPF'swereRs.20-40perkgdearer,whilsttheotherssoldaroundlastweek'slevels. CTCteas-ThelimitedavailabilityofBP1'swereoftenreadilyabsorbed,whilstthePF1'smetwithlessdemandandwereoftenRs.20-40per kgeasier,particularlyforteasinthehigherpricebracket. LiquoringteasmetwithimprovedactivityfromJapan.SelectivebuyingfromshipperstotheUK,thecontinentandSouthAfrica,whilst shipperstotheCISandMiddleEastcontinuedtoparticipateasusual. LowGrownstotalledapproximately2.7M/Kgswithallcate",0.3778,0.3778,0.0,"The Nuwara Eliya Region experienced dull weather conditions,",3,The Uva and Udapussellawa regions reported rain throughout the week. The Department of Meteorology expects misty conditions in both regions in the week ahead.,4,Region showed an increase in the,3,"AND WEATHER FOR THE PERIOD 04 - 09 February 2026 Crop Western/Nuwara Eliya Regions The Nuwara Eliya Region experienced dull weather conditions, Crop intake in the Nuwara Eliya and while the Western Region reported bright weather and Western regions were maintained occasional showers throughout the w",3.33,-1.0,-1.0,-1.0,-1.0,167226.0,245835.0,1119831.0,1177536.0,4898035.0,5185038.0,24012876.0,25587189.0,41600.0,50070.0,191600.0,339970.0,5106861.0,5480943.0,25324307.0,27104695.0,305.76,292.79,308.56,417.26,360.2,387.69,362.86,299.73,330.69,1.95,1.91,2.07,,,,,,,,,,,,,,,,,,,,,,,,,,,,,,,,,,,,,,,,,,,,,,,,,,
SALE_10_2026,10,10TH/11TH March 2026,2026.0,March,Sale of 10 & 11 March 2026.pdf,2026-03-20T00:07:51,10647.0,5153656.0,1268.0,665585.0,13/03/2026,17/03/2026,18/03/2026,"AuctionNo.10concludedtodaywasthe2ndauctionfollowingtherecenttensionintheMiddleEastandnotwithstandingthespeculationof adverserepercussionsvis-à-visoveralldemand/pricesattheauctions-therewasgoodgeneraldemandwithonlytheTippyteasdeclining substantiallyandattimebeingunsellable. TotalAuctionquantitiesdeclinedfurtherwithapproximately5.0M/KgsonofferofwhichEx-Estateofferingstotalled0.75M/Kgs,downfrom 0.8M/Kgsthepreviousweek. OfferingsintheEx-EstatecataloguesshowedlessavailabilityofSelectBestseasonalWesterns,whilstitcontinuedtohaveonofferafairly usefulselectionofteas,particularlyfromtheWesternandNuwaraEliyaregions. BetterWesternBOP/BOPF'swerefirmwithselectBOP,BOPSpandPEKinvoicesappreciatingbyuptoRs.50perkg.IntheBelowBest category,selectbrighterBOP'sappreciatedbyRs.20-40perkg,whilsttheotherswereirregular.CorrespondingBOPF'sinthehigherprice bracketsoldaroundlastlevels,whilsttheotherswerefirmanduptoRs.20perkgdearer.Atthelowerendofthemarket,pricesforBOP's wereirregular,whilstthecorrespondingBOPF'swerefirmanduptoRs.20perkgdearer.NuwaraEliyas'continuedtosellreasonablywell followingquality.UdaPussellawas'wereaweakfeature.Uva-High-pricedBOP'soflastweekdeclinedbyRs.50perkgandmore,whilstthe othersweregenerallyfirm.CorrespondingBOPF'swerefirmanduptoRs.20perkgdearerselectively. High&MidGrownCTCteasshowednosignificantchangeinoverallpricing.CorrespondingLowGrownBP1'sweregenerallyfirm,whilstthe PF1'smetwithbetterdemandandafirmtodearertrendinprices. LowGrownstotalledapproximately2.1M/Kgs.Leafy,Semi-Le",0.3143,0.3143,0.0,The Nuwara Eliya and Western regions experienced bright The,1,Bright weather was reported in the Uva and Uda Pussellawa regions throughout the week. The Department of Meteorology expects misty conditions in the Uva Region during the early hours of the morning in the week ahead.,1,Meteorology. regions reported an increase. Uva/Udapussellawa Regions Bright weather was reported in the Uva and Uda Pussellawa regions throughout the week. The Department of Meteorology expects misty conditions in the Uva Region during the early hour,1,AND WEATHER FOR THE PERIOD 04 - 10 March 2026 Crop Western/Nuwara Eliya Regions The Nuwara Eliya and Western regions experienced bright The crop intake in the Western and weather during the week. Showers are expected in both regions Nuwara Eliya regions reported a during the latter part of the day a,1.0,-1.0,-1.0,-1.0,-1.0,196032.0,305419.0,2297136.0,2052407.0,4063437.0,4624724.0,42324532.0,44598576.0,34000.0,62820.0,370560.0,614336.0,4293469.0,4992963.0,44621668.0,47265319.0,307.18,291.25,306.06,411.75,374.66,386.49,355.81,313.87,330.31,1.93,1.96,2.02,,,,,,,,,,,,,,,,,,,,,,,,,,,,,,,,,,,,,,,,,,,,,,,,,,
SALE_44_2025,44,11TH/12TH November 2025,2025.0,November,Sale of 11 & 12 November 2025.pdf,2026-03-20T00:07:52,10844.0,5189077.0,1017.0,512551.0,14/11/2025,18/11/2025,19/11/2025,"Auctionofferingstotalled5.2M/Kgs,marginallybelowthepreviousweek. Quality:Overall,fairlysimilarandshowednosignificantchange. Demand:Improveddemandfortheliquoringteas,whilsttheothersmetwithfairdemand. Ex-Estateofferingstotalled0.61M/Kgs,marginallybelowthe0.68M/Kgsonofferthepreviousweek.Qualityofteaswere fairlysimilartolast.Improveddemand,moresoatthelowerendofthemarket. BestWesternBOP's,wherequalitywasmaintained,werefirmandappreciatedbyRs.50-100perkgandmoreforselectlarge leafteas.CorrespondingBOPF's,wherequalitywasmaintained,appreciatedbyRs.50perkg,whilsttheothersweregenerally firm.IntheBelowBestcategory,improvedBOP'sappreciatedbyRs.50perkg,whilsttheothersweregenerallyfirm. CorrespondingBOPF'scommencedRs.20perkgdearerandappreciatedfurtherbyRs.20-40perkgandmoretowardsthe close.Atthelowerend,cleanleafcolouryBOP'swereRs.20-40perkgdearer,whilsttheothersweregenerallyfirm. CorrespondingBOPF'satthecommencementwerefirmandRs.20perkgdearer,andappreciatedbyafurtherRs.20perkgas thesaleprogressed.NuwaraEliyaBOP/BOPF'ssoldaroundlastlevels,whilsttheLeafytypeswereoftenneglectedand remainedunsold.Uva/UdaPussellawaBOP'sgainedbyuptoRs.100perkg,whilstthecorrespondingBOPF'sgainedbyupto Rs.50perkg. High&MediumCTCteascontinuedtosellaroundlastlevels,whilstthecorrespondingLowGrowntypesweremarginally easier. HardlyanyactivityfromshipperstotheUKandthecontinent.ImprovedactivityfromshipperstoChina,JapanandtheCIS togetherwithsomeselectiveinterestfromshipperstotheMiddleEast. LowGrownstotalledapproximately2.4M",0.5484,0.5484,0.0,Bright weather was reported in both regions throughout the The Western and Nuwara Eliya regions week. Showers are expected in the Western and Nuwara Eliya maintained the,3,"Sunny weather was reported in the Uva and Uda Pussellawa regions throughout the week. According to the Department of Meteorology, showers are expected in both regions in the week ahead.",3,"Meteorology. regions reported an increase. Uva/Udapussellawa Regions Sunny weather was reported in the Uva and Uda Pussellawa regions throughout the week. According to the Department of Meteorology, showers are expected in both regions in the week ah",3,"fell by 11.5% in first seven months Kenya’s tea production fell by 11.5% in the first seven months of 2025 to 322.29 million kilograms, down from 364.13 million kilograms during the same period in 2024. The decline was largely attributed to extended dry and cold weather conditions that suppressed yi",3.0,,,,,134264.0,173299.0,9033346.0,5665178.0,4605134.0,4870545.0,211071443.0,205924381.0,20000.0,63050.0,2085259.0,2148336.0,4759398.0,5106894.0,222190048.0,213737895.0,300.5,288.54,321.59,349.3,371.41,395.57,345.78,309.42,342.73,1.93,1.86,2.13,,,,,,,,,,,,,,,,,,,,,,,,,,,,,,,,,,,,,,,,,,,,,,,,,,
SALE_02_2026,2,12TH/13TH January 2026,2026.0,January,Sale of 12 & 13 January 2026.pdf,2026-03-20T00:07:54,11404.0,5554655.0,879.0,426348.0,16/01/2026,19/01/2026,20/01/2026,"Auctionofferingtotalled6.0M/Kgs.Therewasfairdemandmostlyateasierrates.LessactivityfromIranandtheMiddleEasternmarkets followingtherecentrestrictionsintradingconditions. Ex-Estateofferingswerefairlysimilarandtotalled0.74M/Kgs.Overallqualityofteasonoffershowednosignificantchange. TeasfromtheWesternSlopes-BestWesternBOP/BOPF's-AselectrangeofinvoiceswerefirmandRs.20-40perkgdearer,whilstthe otherswereirregularandofteneasierbyasimilarmargin.IntheBelowBestcategory,BOP's-wherequalitywasmaintained-were reasonablyfirm,whilsttheotherswereirregular.CorrespondingBOPF's-Cleanleaftypessoldaroundlastlevels,whilsttheothersdeclined byRs.20-40perkg.Atthelowerend,BOP'sdeclinedbyuptoRs.50perkg,whilstthecorrespondingBOPF'swerefirmandRs.20perkg easier.Consequently,thepriceparitybetweentheBOP/BOPF'satthelowerendofthemarkethaswidenedsignificantlytoRs.150-200per kginfavourofthelatter.NuwaraEliyaBOP/BOPF'scontinuedtobeaweakfeaturewithmostinvoicesremainingunsoldduetoalackof suitablebids.Uva/UdaPussellawa-BOP's,wherequalitywasmaintained,werefirmanddeclinedbyRs.20-30perkgandmoreforselect invoicesfollowingquality.CorrespondingBOPF's-UdaPussellawa'swereuptoRs.20perkgeasier,whilsttheUva'sgainedbyasimilar marginforselectinvoices. High&MediumGrownCTCteassoldaroundlastweek'slevels,whilsttheLowGrowntypeswereuptoRs.20perkgeasier. SelectivedemandfromshipperstotheUK,thecontinentandSouthAfrica,whilstshipperstoJapan,China,theMiddleEastandtheCISwere reasonablyactivemostlyatlowerlevels. LowGrownstotalledapproximately2.4",-0.1515,-0.1515,0.0,"Both regions reported bright weather throughout the week. The The Western, Nuwara Eliya, Uva and Department of Meteorology expects scattered showers in the Uda Pussellawa regions maintained the Western and Nuwara Eliya regions in the week ahead.",3,The Uva and Uda Pussellawa regions reported rain throughout the week. Showers are expected in both regions in the week ahead according to the Department of Meteorology.,4,Region reported a slight increase. Uva/Udapussellawa Regions The Uva and Uda Pussellawa regions reported rain throughout the week. Showers are expected in both regions in the week ahead according to the Department of Meteorology. Low Growns Sunny wea,4,"AND WEATHER FOR THE PERIOD 07 - 12 January 2026 Crop Western/Nuwara Eliya Regions Both regions reported bright weather throughout the week. The The Western, Nuwara Eliya, Uva and Department of Meteorology expects scattered showers in the Uda Pussellawa regions maintained the Western and Nuwara Eliya",3.67,1.0,1.0,1.0,1.0,174966.0,77364.0,174966.0,77364.0,4751955.0,5287479.0,4751955.0,5287479.0,22000.0,15000.0,22000.0,15000.0,4948921.0,5379843.0,4948921.0,5379843.0,305.53,290.74,291.32,408.91,352.54,363.13,354.82,297.76,300.65,1.92,1.83,1.83,21.37,,,,,,,,,,,,,,,,,,,,,,,,,,,,,,,,,,,,,,,,,,,,,,,,,
SALE_40_2025,40,14TH/15TH October 2025,2025.0,October,Sale of 14 & 15 October 2025.pdf,2026-03-20T00:07:55,11103.0,5502438.0,658.0,309458.0,17/10/2025,21/10/2025,22/10/2025,"Auctionofferingstotalled5.5M/Kgs.Therewasfairgeneraldemand. Ex-Estateofferingsweresimilartolastandtotalled0.75M/Kgs.Theselectionofteaswerenotasuseful,particularlyfromthe Westernslopes. WesternHighGrownBOP/BOPF's,wherequalitywasmaintained,werefirmwithafewselectinvoicesappreciatingonlast followingspecialinquiry,whilsttheothersdeclinedbyRs.50perkgandmorefollowingquality.IntheBelowBestcategory, BOP'sinthehigh-pricebracketdeclinedbyRs.50perkgandmore,whilstthecorrespondingBOPF'stoowereirregularand easierfollowingquality.Atthelowerendofthemarket,BOP'sdeclinedbyRs.20-30perkgandmorefollowingquality,whilst thecorrespondingBOPF'swereirregularandtendedeasier.NuwaraEliyas'metwithsluggishdemandwithonlyselectBOP invoicessellingaroundlastweek'spricelevels,whilstthecorrespondingBOPF'sweremostoftenunsold.UdaPussellawas' werebarelysteadyandcontinuedtosellatthelowerendofthemarket.Uva-Selecthigh-pricedBOP'soflastweekdeclined byRs.100perkg,whilsttheothersdeclinedbyuptoRs.50perkg.CorrespondingBOPF'swereRs.20-40perkgeasier. High&MidGrownCTCteas-BP1'shadverylimitedofferings.PF1's-Betterteascontinuedtosellaroundlast,whilstthe otherswereirregular.CorrespondingLowGrownvarietiessoldwellmostlyaroundlastweek'slevels. LessactivityfromshipperstotheUKandSouthAfrica.ShipperstoJapanandChinacontinuedtobequiteactiveatlowerlevels tolast,whilstshipperstotheCISandMiddleEastcontinuedtobefairlyactiveonawidecross-sectionoftheteas. LowGrownstotalledapproximately2.3M/Kgs,withfairdemandwitnessedbyallcategories. IntheLeafy",-0.3333,-0.3333,0.0,The Western and Nuwara Eliya regions reported bright mornings and evening showers throughout the week. Rain is The Western and Nuwara Eliya regions expected in both regions in the week ahead according to the reported a slight increase in the,3,"Both regions reported bright weather and evening showers throughout the week. According to the Department of Meteorology, sporadic showers are expected in the Uva and Uda Pussellawa regions in the week ahead.",3,"regions reported a decrease. Uva/Udapussellawa Regions Both regions reported bright weather and evening showers throughout the week. According to the Department of Meteorology, sporadic showers are expected in the Uva and Uda Pussellawa regions in th",3,AND WEATHER Page No 4 FOR THE PERIOD 08 - 13 October 2025 Crop Western/Nuwara Eliya Regions The Western and Nuwara Eliya regions reported bright mornings and evening showers throughout the week. Rain is The Western and Nuwara Eliya regions expected in both regions in the week ahead according to the ,3.0,-1.0,-1.0,-1.0,-1.0,134899.0,191085.0,8366341.0,5055397.0,4476080.0,5165167.0,192952381.0,186791052.0,44250.0,71046.0,1948069.0,1899176.0,4655229.0,5427298.0,203266791.0,193745625.0,298.84,288.96,318.02,397.49,376.96,390.21,344.58,315.81,335.88,1.95,1.94,2.13,,,,,,,,,,,,,,,,,,,,,,,,,,,,,,,,,,,,,,,,,,,,,,,,,,
SALE_48_2025,48,15TH/16TH December 2025,2025.0,December,Sale of 15 & 16 December 2025_1765962768.pdf,2026-03-20T00:07:56,11648.0,5758309.0,756.0,364463.0,19/12/2025,22/12/2025,23/12/2025,"Auctionofferingstotalled6.0M/Kgs,recordingasignificantincreasefromthe5.2M/Kgsonofferthepreviousweek.Therewasgood generaldemand. Ex-Estateofferingscomprisedof0.79M/Kgs,amarginalincreasefromthe0.71M/Kgsonofferthepreviousweek.Overallqualityofteas showednosignificantchange.Gooddemandandgenerally,afirmtomarginallydearertrendinprices. Westerns'intheBestcategoryweremarginallyweakertoagreatextent,whilstimprovedandbrightersortsintheBelowBestcategory showedanappreciation.Betterdemandandafirmtomarginallydearertrendinpricesatthelowerendofthemarket.NuwaraEliyas' continuedsluggish,whilsttheUva/UdaPussellawas'soldaroundlastlevelswithnosignificantchangeintheoverallpricestructure. High&MediumGrownCTCteas-BP1'shadhardlyanyofferings.PF1'swerefirmandgainedbyRs.20perkgandmore,whilstthe correspondingLowGrownPF1'sweakenedbyasimilarmarginandmore. Overallpricesareencouragingperhapsfollowingsomeseasonalinterest. ShippertotheUK,thecontinentandSouthAfricacontinuedtobeselective,whilsttherewasfairactivityfromshippertoChina,Japan,the CISandtheMiddleEast. LowGrownstotalledapproximately2.4M/Kgs.Leafy,Semi-Leafy,Tippycategoriesmetwithfairdemand,whilstthePremiumcategory witnessedgooddemand. IntheLeafyandSemi-Leafycatalogues,BOP1'singeneralwerefullyfirm.High-pricedOP1'smaintained,whilsttheBestandBelowBest varietiesappreciated.Teasatthelowerenddeclinedsubstantially.High-pricedOP'swereeasier,whilsttheBestandBelowBesttogether withtheshortvarietieswerefirm.Teasatthelowerendwereeasier.High-pricedOPA'sweredearer,whil",0.3333,0.3333,0.0,Bright mornings and evening showers were reported in both The Western and Nuwara Eliya regions regions throughout the week. According to the Department of maintained the,3,Rain was reported in the Uva and Uda Pussellawa regions throughout the week. The Department of Meteorology expects heavy showers in both regions in the week ahead.,4,Eliya regions in the week ahead. regions reported a slight decrease. Uva/Udapussellawa Regions Rain was reported in the Uva and Uda Pussellawa regions throughout the week. The Department of Meteorology expects heavy showers in both regions in the wee,3,"-specific tools that support carbon reporting, regenerative agriculture, and industry-wide environmental goals. Source: Africa Business News (Extracts), Courtesy: Tea Exporters’ Association Sri Lanka",3.33,,,,,274893.0,142517.0,10133599.0,6133159.0,4682978.0,4262590.0,229436758.0,224655080.0,36800.0,58600.0,2256139.0,2379756.0,4994671.0,4463707.0,241826496.0,233167995.0,305.34,286.19,322.68,406.85,360.91,405.36,357.02,298.63,346.81,1.95,1.9,2.18,,,,,,,,,,,,,,,,,,,,,,,,,,,,,,,,,,,,,,,,,,,,,,,,,,
SALE_36_2025,36,16TH/17TH September 2025,2025.0,September,Sale of 16 & 17 September 2025.pdf,2026-03-20T00:07:58,10562.0,5082669.0,741.0,368812.0,19/09/2025,23/09/2025,24/09/2025,"TotalAuctionofferingswerebarelymaintainedandtotalled5.0M/Kgs,ofwhichthere-printedquantitycomprisedof0.37 M/Kgs.Onceagain,therewasgoodgeneraldemandinthebackdropoflimitedavailability. Ex-Estateofferingscomprisedof0.65M/Kgs.Overallqualityofteaswerereasonablywellmaintained,andwitnessedstrong demandandingeneral,afirmtodearertrendinprices. BestWesternBOP'swereirregularfollowingquality.CorrespondingBOPF's-SelectinvoicesgainedbyuptoRs.100perkgand morefollowingspecialinquiry,whilsttheotherswereirregularandpricestendtofluctuatefollowingquality.IntheBelow Bestcategory,selectcleanleafcolouryBOP'sgainedbyRs.20-40perkg,whilsttheotherswereirregular.Corresponding BOPF'sgainedbyuptoRs.50perkg.Atthelowerend,BOP'swerebarelysteady.CorrespondingBOPF's-Betterteaswere barelysteady,whilstthepoorersortsgainedbyRs.20-40perkg.NuwaraEliyas'weremostlyunsold.UdaPussellawaBOP's wereirregular.CorrespondingBOPF's-CleanSmallLeaftypeswereuptoRs.50perkgdearer,whilsttheotherswerebarely steady.UvaBOP's-SelectinvoiceswerefirmandRs.20-40perkgdearer,whilsttheotherswerebarelysteady.Corresponding BOPF'swerefirmandRs.20-40perkgdearer. CTCteascontinuedtosellaroundlastwithnosignificantchangeinpricing. FairactivityfromshipperstotheUK,JapanandChina.ShipperstoSouthAfricaweresomewhatselective,whilstshippersto theCIScontinuedtobeactiveonawidecross-sectionoftheteas. LowGrownstotalledapproximately2.2M/Kgs.Allcategoriesmetwithfairdemand. IntheLeafyandSemi-Leafycatalogues,BOP1'singeneralwerefirm.High-pricedOP1'swereeasier,whilstt",0.3793,0.3793,0.0,The Western and Nuwara Eliya regions reported bright weather The Western and Nuwara Eliya regions and occasional evening showers throughout the week. reported an increase in the,3,"Both regions reported sunny weather throughout the week. Overcast conditions are expected in the Uva and Uda Pussellawa regions, in the week ahead.",1,Bright weather was reported in the Low Grown Region throughout the week. The Department of Meteorology expects rain in the Low Grown Region in the week ahead.,1,"AND WEATHER FOR THE PERIOD 09 - 16 September 2025 Crop Western/Nuwara Eliya Regions The Western and Nuwara Eliya regions reported bright weather The Western and Nuwara Eliya regions and occasional evening showers throughout the week. reported an increase in the crop intake, Intermittent showers are ",1.67,1.0,1.0,1.0,1.0,210438.0,168725.0,7479682.0,4445044.0,4512363.0,4865958.0,175162234.0,167935564.0,33580.0,69330.0,1674819.0,1576560.0,4756381.0,5104013.0,184316735.0,173957168.0,298.31,294.59,316.77,404.9,385.47,394.46,350.0,324.8,338.96,2.01,2.05,2.14,,,,,,,,,,,,,,,,,,,,,,,,,,,,,,,,,,,,,,,,,,,,,,,,,,
SALE_07_2026,7,17TH/18TH February 2026,2026.0,February,Sale of 17 & 18 February 2026.pdf,2026-03-20T00:07:59,11975.0,5723014.0,2154.0,958048.0,20/02/2026,24/02/2026,25/02/2026,"Auctionofferingsdeclinedfurtherthisweekandtotalled5.7M/Kgs.Leafy/LowGrowntypeteasmetwithfairgeneraldemand,whilstthe HighGrownliquoringBOP/BOPF'switnessedimprovedactivity. Ex-Estateofferingstotalledof0.8M/Kgs.AwiderselectionofimprovedSeasonalWesternswereonofferandconsequently,selectinvoices realisedpremiumpricesinkeepingwithquality. BOP'satthelowerendofthemarketwitnessedabearishsentiment,whilstthecorrespondingBOPF'swerefirmanddearerfollowinglimited availability. High&MidGrownCTC'switnessedslightlybetterdemandforteasinthehigherpricebracket,whilsttheotherscontinuedtosellaroundlast week'slevels.CorrespondingLowGrowntypessoldwell. ThefeatureofthesalewouldbethecontinueddemandforOrthodoxwholeleafBOPSpandPEK'sfromtheWesternSlopes,inparticular, whichcontinuedtorealisepremiumpricesvis-à-vistheircorrespondingBOP/BOPFgrades. LowGrownstotalledapproximately2.41M/Kgsandmetwithfairdemand. IntheLeafyandSemi-Leafycatalogues,high-pricedBOP1'swerefirm,whilsttheBestandBelowBesttogetherwiththeboldervarietiesmet withimproveddemand.Teasatthebottomsoldaroundlastlevels.High-pricedOP1'swereeasier,whilsttheBestandBelowBestvarieties werefirmtodearer.Teasatthebottommaintained.Well-madeOP/OPA'sappreciated,whilstthebalancesoldaroundlastlevels.High- pricedPEK/PEK1'sgained,whilsttheBestvarietieswerefirmtodearer.BelowBestvarietiestogetherwiththemixed/openteaswere irregular,whilstthecleanleafteasatthebottomsoldatlastlevels. IntheTippycatalogue,well-madeFBOP'stogetherwiththecleanerBelowBestandneatboldvarietieswe",0.5152,0.5152,0.0,"Rain was reported in the Nuwara Eliya Region, while bright The Nuwara Eliya and Western regions weather was reported in the Western Region throughout the reported a decrease in the",1,Both regions reported bright weather and occasional showers throughout the week. Rain is expected in the Uva Region in the week ahead according to the Department of Meteorology.,3,"elevation declined by 0.97 M/Kgs vis-à-vis January 2025. * Compared to 18.54 M/Kgs of January 2024, the corresponding month in 2026 shows an increase of 2.14 M/Kgs (Refer table below). (Refer statistical details on Page No. 14)",3,"AND WEATHER Page No 5 FOR THE PERIOD 10 - 16 February 2026 Crop Western/Nuwara Eliya Regions Rain was reported in the Nuwara Eliya Region, while bright The Nuwara Eliya and Western regions weather was reported in the Western Region throughout the reported a decrease in the crop intake, week. whilst ",2.33,-1.0,-1.0,-1.0,-1.0,336885.0,185706.0,1456717.0,1363242.0,4779486.0,4765046.0,28792362.0,30352236.0,26000.0,68446.0,217600.0,408416.0,5142371.0,5019198.0,30466679.0,32123894.0,305.67,291.28,308.85,413.1,365.55,388.13,360.73,303.05,330.64,1.98,1.9,2.05,20.68,-0.78,,,,,,,,,,,,,,,,,,,,,,,,,,,,,,,,,,,,,,,,,,,,,,,,
SALE_45_2025,45,18TH/19TH November 2025,2025.0,November,Sale of 19 & 20 November 2025.pdf,2026-03-20T00:08:01,10306.0,4971311.0,759.0,375089.0,21/11/2025,25/11/2025,26/11/2025,"Auctionofferingsdroppeddownto5.0M/Kgsandoverallqualityofteasshowednosignificantchange.Therewasfair demand.NotwithstandingthelowervolumesonofferandasignificantdevaluationoftheSriLankanRupeeweekonweek,it wasdisappointingtonotethattheteamarketfailedtoreactinapositivemanner. Ex-Estateofferingstoocontinuedtobelimitedandtotalled0.6M/Kgs.Hereagain,overallqualityofteaswerefairlysimilarto lastandaconcerningfactorwouldbetheweakeninginpricesforthebetterteas,particularlytheBOP's,whilsttheteafor pricecategorycontinuedtosellwell. CTCteascontinuedtosellaroundlastwithlimitedpricefluctuations. LimitedactivityfromshipperstotheUKandthecontinent.ThereappearedtobelessactivityfromshipperstoChina,selective buyingfromshipperstoSouthAfrica,whilstshipperstoJapan,theCISandtheMiddleEastcontinuedtooperateasusual. LowGrownstotalledapproximately2.2M/Kgswithfairdemandwitnessedbyallcategories.ShipperstoIran,Russiaand Türkiyewerefairlyactive. IntheLeafyandSemi-Leafycatalogues,BOP1'singeneralwerefirmtodearer.SelectBestandBestOP1'stogetherwiththe cleanerBelowBestappreciated,whilstthebalancewereirregularfollowingquality.Well-madeOP'sweredearer,whilstthe teasintheBelowBestcategorywerefirm.ShorterOPvarietiestogetherwiththeteasatthebottomdeclined.High-priced OPA'sgained,whilstthebalancesoldaroundlastlevels.PEK's,ingeneral,werefirm.High-pricedPEK1'smaintained,whilstthe BestandBelowBesttogetherwithteasatthebottomwereirregularandmostlylower. IntheTippycatalogue,SelectBestandBestFBOP'swerefirmtoselectivelydearer,whilst",0.3333,0.3333,0.0,The Western and Nuwara Eliya regions reported bright mornings and evening showers throughout the week. The Department of The Western and Nuwara Eliya regions Meteorology expects rain in both regions in the week ahead. maintained the,3,The Uva and Uda Pussellawa regions reported sunny weather and occasional showers throughout the week. Misty conditions are expected in both regions in the week ahead according to the Department of Meteorology.,3,regions reported a slight increase. Uva/Udapussellawa Regions The Uva and Uda Pussellawa regions reported sunny weather and occasional showers throughout the week. Misty conditions are expected in both regions in the week ahead according to the Depar,3,AND WEATHER Page No 5 FOR THE PERIOD 12 - 18 November 2025 Crop Western/Nuwara Eliya Regions The Western and Nuwara Eliya regions reported bright mornings and evening showers throughout the week. The Department of The Western and Nuwara Eliya regions Meteorology expects rain in both regions in the w,3.0,1.0,1.0,1.0,1.0,236813.0,110191.0,9270160.0,5775369.0,4489564.0,4985264.0,215561007.0,210909645.0,55750.0,99520.0,2141009.0,2247856.0,4782127.0,5194975.0,226972176.0,218932870.0,303.32,288.19,321.71,397.76,369.08,393.47,350.38,305.25,342.47,1.94,1.86,2.11,,,,,,,,,,,,,,,,,,,,,,,,,,,,,,,,,,,,,,,,,,,,,,,,,,
SALE_05_2026,5,02ND/03RD February 2026,2026.0,February,Sale of 2 & 3 February 2026.pdf,2026-03-20T00:08:02,12493.0,6089722.0,1645.0,717593.0,06/02/2026,09/02/2026,10/02/2026,"Thisweek'sauctioncomprisedof6.1M/Kgs.Therewasfairgeneraldemandmostlyatfirmtoeasierrates,exceptfortheseasonalteasfrom theWesternslopeswhichappreciatedsignificantlyfollowingquality.Theoverallbearishsentimentamidstthedecliningrupeewouldno doubtbeconcerning. Ex-Estateofferingscomprisedof0.78M/Kgs.QualityofteasfromtheWesternslopesshowedafurtherimprovementandhadonoffera widerselectionofteas.Itwasencouragingtoobservetheimprovedactivityandtheappreciationinpricesfortheseasonalteas. Activityatthelowerendofthemarketwaslargelylimitedtothecleanerleafteas,whilstthepoorerteasdeclinedinvalue. High&MidGrownCTCteastoofollowedasimilartrendwiththebetterteascontinuingtosellaroundlastweek'slevels,whilstthepoorer counterpartslostoutinvalue.CorrespondingLowGrowntypestoowerebarelymaintainedandwereofteneasierforthepoorersortswhich wereadverselyimpactedduetolimitedinterestfromtheCISandMiddleEast. LowGrownstotalledapproximately2.77M/KgswiththeLeafy,Semi-LeafyandTippycategorieswitnessingfairdemand,whilstthePremium categorymetwithimproveddemand.LimitedactivityfromshipperstotheCIS,TürkiyeandSyria,whilsttherewasimprovedactivityfrom shipperstoIran. IntheLeafyandSemi-Leafycatalogues,SelectBestBOP1'stogetherwithteasatthebottomwerefirm,whilsttheBest,BelowBestand boldervarietiesdeclined.Aselectionofhigh-pricedOP1'sappreciated,whilstthebalancesoldatlastlevels.OP/OPA's,ingeneral,were lower.Well-madePEK'swereeasier,whilstthebalancetogetherwiththemixed/openvarietiessoldatlastlevels.PEK1'sdeclined. IntheTippycatalogu",0.0,0.0,0.0,Both regions experienced bright weather at the beginning of the,1,"Both regions reported sunny weather and occasional showers throughout the week. According to the Department of Meteorology, rain is expected in the Uva Region in the week ahead.",4,"average for the month of Rs. 1,221.63 (USD 3.95) showed a decline both LKR and USD terms of Rs. 36.62 and USD 0.12 month on month vis-à-vis Rs. 1,258.25 (USD 4.07) recorded in December 2025, whilst in the corresponding period records a negative varia",3,AND WEATHER FOR THE PERIOD 28 January - 03 February 2026 Crop Western/Nuwara Eliya Regions Both regions experienced bright weather at the beginning of the Crop intake in the Nuwara Eliya Region week and dull weather with scattered showers towards the remained stable during the week. The latter part ,2.67,-1.0,-1.0,-1.0,-1.0,344946.0,202993.0,952605.0,931701.0,4709425.0,5529222.0,19115718.0,20402151.0,40200.0,14720.0,150000.0,289900.0,5094571.0,5746935.0,20218323.0,21623752.0,305.58,295.51,315.5,417.07,366.85,399.75,361.28,304.98,342.29,1.96,1.91,2.12,,,1017.57,1063.68,1030.09,1051.14,1214.42,1160.74,1195.15,1150.25,1161.42,1125.3,1130.11,1098.15,1160.73,1129.37,1142.26,1116.37,936.44,1073.99,958.57,1069.24,989.2,1070.32,990.22,1028.0,1036.78,1022.1,1013.39,966.57,973.46,1071.55,980.01,1043.0,1244.5,1310.6,1253.65,1293.39,982.91,1016.31,960.45,950.31,1228.31,1298.8,1233.52,1279.42,1173.31,1226.61,1174.2,1208.08
SALE_03_2026,3,20TH/21ST January 2026,2026.0,January,Sale of 20 & 21 January 2026_1769052416.pdf,2026-03-20T00:08:04,12472.0,6349608.0,480.0,229010.0,23/01/2026,27/01/2026,28/01/2026,"Auctionofferingtotalled6.4M/Kgs,upfroma6.0M/Kgsonofferthepreviousweek.Fairgeneraldemandandmostlyafirmtoeasiertrend inprices. Ex-Estateofferingscomprisedof0.8M/Kgs,upfroma0.7M/Kgsonofferthepreviousweek.Overallqualityofteasshowednosignificant change. BestWesternBOP/BOPF's-SelectinvoicesappreciatedbyRs.20-40perkg,whilsttheotherswereirregularandfirmtoeasierbyasimilar margin,particularlyfortheBOP's.IntheBelowBestcategory,selectimprovedBOP'sappreciatedbyuptoRs.50perkg,whilsttheothers wereirregular.CorrespondingBOPF'sfollowedasimilartrendwithimprovedinvoicesappreciatingbyRs.20-40perkgandmore,whilstthe otherswerebarelysteady.Atthelowerendofthemarket,BOP'swerefirmandRs.20perkgdearer.CorrespondingBOPF's-Cleanleaf typeswerefirm,whilsttheotherswereRs.20perkglower.NuwaraEliyas'weregenerallyfirmandaslightlybetteroutlookforthe BOP/BOPF's.UdaPussellawaBOP'sgainedbyRs.20-40perkg,whilstthecorrespondingBOPF'swerelowerbyasimilarmargin.UvaBOP's wereirregular,whilstthecorrespondingBOPF'ssoldaroundlastweek'slevels. CTCteascontinuedtosellaroundlastweek'slevels. ThefeatureofthesalewasthestrongdemandfortheLargeLeafBOP'sandthewell-madeSmallLeafPEK'swhichcontinuedtosellwell. LessdemandfromshipperstotheUKandthecontinent,whilstshipperstoSouthAfricawereselective.ShipperstoJapan,China,theCISand MiddleEasternsectorcontinuedtobereasonablyactive. LowGrownstotalledapproximately2.87M/Kgswithallcategorieswitnessingfairdemand. IntheLeafyandSemi-Leafycatalogues,SelectBestBOP1'stogetherwithteasatthebottomwerefirm,wh",0.1351,0.1351,0.0,The Western and Nuwara Eliya regions The Western and Nuwara Eliya regions reported bright weather maintained the,1,"Both regions reported sunny mornings and evening showers throughout the week. According to the Department of Meteorology, scattered showers are expected in the Uva and Uda Pussellawa regions in the week ahead.",3,"regions in the week ahead according to the Department of regions reported a decrease. Meteorology. Uva/Udapussellawa Regions Both regions reported sunny mornings and evening showers throughout the week. According to the Department of Meteorology, sca",3,"AND WEATHER FOR THE PERIOD 13 - 19 January 2026 Crop Western/Nuwara Eliya Regions The Western and Nuwara Eliya regions The Western and Nuwara Eliya regions reported bright weather maintained the crop intake, whilst the throughout the week. Intermittent showers are expected in both Uva, Uda Pussellaw",2.33,-1.0,-1.0,-1.0,-1.0,188040.0,154281.0,363006.0,467425.0,4465515.0,3596046.0,9214550.0,8883525.0,42000.0,70720.0,64000.0,182760.0,257440687.0,245787876.0,11652811.0,1760.0,305.95,292.83,317.35,409.54,358.4,400.88,355.14,302.31,344.85,1.92,1.87,2.16,257.44,,,,,,,,,,,,,,,,,,,,,,,,,,,,,,,,,,,,,,,,,,,,,,,,,
SALE_41_2025,41,21ST/22ND October 2025,2025.0,October,Sale of 21 & 22 October 2025.pdf,2026-03-20T00:08:06,11019.0,5440998.0,932.0,413504.0,24/10/2025,28/10/2025,29/10/2025,"TotalAuctionofferingsremainedaroundlastandtotalled5.4M/Kgs,ofwhichEx-Estateofferingscomprisedof0.75M/Kgs. Therewasfairdemand. IntheEx-Estatecatalogue,BestWesternBOP's-AfewselectinvoiceswerefirmanduptoRs.20perkgdearer,whilstthe otherswereirregularmostlyfollowingquality.CorrespondingBOPF'stoohadafewselectinvoiceswhichwerefirmand dearer,whilsttheothersdeclinedbyRs.20-40perkg.IntheBelowBestcategory,afewselectBOPinvoicesappreciatedbyRs. 20perkg,whilsttheotherswereirregularandlowerbyasimilarmargin.CorrespondingBOPF's-Teasinthehigherprice bracketwerebarelysteady,whilsttheothersdeclinedbyRs.20perkgandmore.Atthelowerend,BOP'smostlydeclinedby uptoRs.20perkg,whilstthecorrespondingBOPF'sweregenerallyfirm.NuwaraEliyas'continuedsluggishwithmanyunsold teas.UdaPussellawaBOP'sdeclinedbyRs.50perkgandmore,whilstthecorrespondingBOPF'swerefirmandRs.20perkg dearer.UvaBOP'sdeclinedbyuptoRs.50perkg,whilstthecorrespondingBOPF'ssoldaroundlast. High&MidGrownCTCteas-BP1'shadhardlyanyofferings.PF1's-Bettersortssoldaroundlast,whilsttheotherswere irregularandRs.20-40perkgeasier.CorrespondingLowGrowntypescontinuedtosellwell. LessactivityfromshipperstotheUKandthecontinent.ImprovedthoughselectiveinterestfromshipperstoSouthAfrica, whilstshipperstoJapanandChinacontinuedtomaintainmarketactivity.ShipperstotheCISandMiddleEastbidonawider cross-sectionoftheteas. LowGrownstotalledapproximately2.3M/KgswithfairdemandwitnessedintheLeafy,Semi-Leafy,TippyandPremium categories. IntheLeafyandSemi-Leafycatalogues,well-madeBO",0.1304,0.1304,0.0,Rain was reported in the Western and Nuwara Eliya regions The Western and Nuwara Eliya regions throughout the week. According to the Department of maintained the,4,The Uva and Uda Pussellawa regions reported rain throughout the week. Heavy showers are expected in both regions in the week ahead according to the Department of Meteorology.,4,ahead. regions reported a slight increase. Uva/Udapussellawa Regions The Uva and Uda Pussellawa regions reported rain throughout the week. Heavy showers are expected in both regions in the week ahead according to the Department of Meteorology. Low Gr,3,"AND WEATHER FOR THE PERIOD 14 - 21 October 2025 Crop Western/Nuwara Eliya Regions Rain was reported in the Western and Nuwara Eliya regions The Western and Nuwara Eliya regions throughout the week. According to the Department of maintained the crop intake, whilst the Meteorology, showers are expecte",3.67,1.0,1.0,1.0,1.0,137629.0,145081.0,8503971.0,5200479.0,4609442.0,4976078.0,197561823.0,191767130.0,31360.0,66710.0,1979429.0,1965886.0,4778431.0,5187869.0,208045223.0,198933495.0,299.22,288.91,318.27,399.56,376.26,387.28,346.91,313.1,334.39,1.97,1.93,2.12,,,,,,,,,,,,,,,,,,,,,,,,,,,,,,,,,,,,,,,,,,,,,,,,,,
SALE_49_2025,49,22ND/23RD December 2025,2025.0,December,Sale of 22 & 23 December 2025_1766552379.pdf,2026-03-20T00:08:09,11576.0,5765763.0,1020.0,489352.0,29/12/2025,29/12/2025,30/12/2025,"Thepenultimatesaleoftheyear,forwhichcataloguesclosedintheaftermathofCycloneDitwah,hadonofferatotalof6.0M/Kgs.Overall, abearishmarketsentiment. Ex-Estateofferingsweresimilartolastandcomprisedof0.8M/Kgs.Overallqualitywasbarelymaintained. Consequently,thebetterliquoringWesternBOP/BOPF'softendeclinedbyuptoRs.50perkg.TeasintheBelowBestandPlainercategories toowereofteneasierbyRs.20-40perkginmostinstances.NuwaraEliyaBOP/BOPF'scontinuedtobesluggishandbarelysoldaroundlast week'slevels.UdaPussellawas'weakenedbyRs.20-40perkg.UvaBOP's,wherequalitywasmaintained,werebarelysteady,whilstthe otherstogetherwiththecorrespondingBOPF'sdeclinedbyRs.20perkg. CTCteas-BP1'shadhardlyanyofferings,whilstthePF1'swerefirmandRs.20perkgeasierinmostinstancesexceptforteasatthevery bottomendofthemarketwhichperhapsdeclinefurtherandattimeswereunsellable. ShipperstotheUKandthecontinentweremostlyinactive.ShipperstoJapan,China,theCISandMiddleEastcontinuedtooperateatlower levels,whilsttherewashardlyanyactivityfromshipperstoSouthAfrica. LowGrownstotalledapproximately2.45M/Kgswithfairdemandwitnessedbyallcategories. IntheLeafyandSemi-Leafycatalogues,SelectBestandBestBOP1'stogetherwithteasatthelowerendwerefirm,whilstthebalance appreciated.Well-madeOP1's,ingeneral,werefirm.However,thepoorerteasatthebottomdeclinedsubstantially.OP'stogetherwith high-pricedOPA'swereeasier,whilstthebalancewereirregular.SelectBestandBestPEK/PEK1'swerefirmtoselectivelydearer,whilstthe balancewereirregular. IntheTippycatalogue,well-madeFBOP'swe",0.0667,0.0667,0.0,The Western and Nuwara Eliya regions reported bright mornings All regions reported a decrease in the and occasional evening showers throughout the week.,3,"Both regions reported rain throughout the week. According to the Department of Meteorology, heavy showers are expected in both regions in the week ahead.",4,The Low Grown Region reported bright mornings and evening showers throughout the week. The Department of Meteorology expects fairly heavy showers in the Low Grown Region in the week ahead.,3,AND WEATHER Page No 4 FOR THE PERIOD 17- 22 December 2025 Crop Western/Nuwara Eliya Regions The Western and Nuwara Eliya regions reported bright mornings All regions reported a decrease in the and occasional evening showers throughout the week. crop intake. Intermittent showers are expected in both ,3.33,-1.0,-1.0,-1.0,-1.0,238672.0,213187.0,10372271.0,6346346.0,5010533.0,4475047.0,234447291.0,229130127.0,74800.0,105000.0,2330939.0,2484756.0,5324005.0,4793234.0,247150501.0,237961229.0,305.72,286.02,322.24,408.27,363.04,403.42,356.93,300.08,345.28,1.93,1.88,2.2,,,,,,,,,,,,,,,,,,,,,,,,,,,,,,,,,,,,,,,,,,,,,,,,,,
SALE_08_2026,8,24TH/25TH February 2026,2026.0,February,Sale of 24 & 25 February 2026_1772104697.pdf,2026-03-20T00:08:11,11421.0,5533190.0,1854.0,906217.0,27/02/2026,03/03/2026,04/03/2026,"Thisweek'sAuctionofferingsdeclinedfurtherandtotalled5.5M/Kgs.LiquoringseasonalBOP/BOPF'sfromtheWesternSlopescontinuedto sellwellfollowingquality,whilsttheLeafy/LowGrowntypesmetwithreasonablygooddemandandhereagain,thebetterteaswerewell sortafter. Ex-Estateofferingscomprisedofafairlysimilarvolumetolasttotalling0.8M/Kgs.QualityofofferingsfromtheWesternSlopescontinuedto beusefulwithafairselectionofseasonalteasonoffer.NuwaraEliyas'toofollowedasimilartrend,whilstteasfromtheUva/UdaPussellawa regionsshowednochange.Onceagain,seasonalBOPSpandPEKinvoicescontinuedtosellatapremiumvis-à-visthecorresponding BOP/BOPF's. BestWesternBOP/BOPF's,wherequalitywasmaintained,continuedtosellwellwithselectinvoicesappreciatinginvaluefollowingspecial inquiry.IntheBelowBestcategorytoo,selectseasonalinvoicesinthehigherpricebracketappreciated,attimes,substantiallyfollowing specialinquiry,whilsttheotherswereirregular.Atthelowerendofthemarket,cleanneatleafBOP'swereRs.20-40perkgdearer,whilst theothersdeclinedbyasimilarmargin.CorrespondingBOPF'swerefirmandRs.20perkgeasier,particularlytowardsthecloseofthesale. NuwaraEliyas'werefirmanddearerfollowingqualityandindeedawelcomeimprovementinprices.UdaPussellawaBOP'swere disappointing,whilstthecorrespondingBOPF'sdeclinedquitesignificantlybyRs.50perkgandmore.UvaBOP's-Selecthigh-pricedteasof lastweekweresubstantiallyeasier,whilsttheothersdeclinedbyRs.50perkg.CorrespondingBOPF'swereRs.20-40perkgdearer. High&MidGrownCTCteascontinuedtosellaroundthepreviousweek'slevelswithp",0.0909,0.0909,0.0,"The Nuwara Eliya Region reported rain, while the Western The",4,The Uva and Uda Pussellawa regions reported showers throughout the week. The Department of Meteorology expects misty conditions in the Uva Region during the week ahead.,3,regions week ahead according to the Department of Meteorology. reported a decrease during the week. Uva/Udapussellawa Regions The Uva and Uda Pussellawa regions reported showers throughout the week. The Department of Meteorology expects misty conditi,3,"AND WEATHER FOR THE PERIOD 17 - 23 February 2026 Crop Western/Nuwara Eliya Regions The Nuwara Eliya Region reported rain, while the Western The crop intake in the Western and Region reported bright mornings and evening showers Nuwara Eliya regions were maintained, throughout the week. Rain is expect",3.33,-1.0,-1.0,-1.0,-1.0,269852.0,167044.0,1726569.0,1530286.0,4797184.0,4857288.0,33589546.0,35209524.0,46000.0,69480.0,263600.0,477896.0,5113036.0,5093812.0,35579715.0,37217706.0,305.69,291.43,308.58,411.22,366.6,388.13,358.91,303.36,330.64,1.96,1.93,2.05,20.71,,,,,,,,,,,,,,,,,,,,,,,,,,,,,,,,,,,,,,,,,,,,,,,,,
SALE_46_2025,46,25TH/26TH November 2025,2025.0,November,Sale of 25 & 26 November 2025.pdf,2026-03-20T00:08:13,11730.0,5762191.0,825.0,410849.0,28/11/2025,02/12/2025,03/12/2025,"OverallAuctionofferingsincreasedandtotalled5.8M/Kgsvis-à-visa5.0M/Kgsonofferthepreviousweek.Therewasfair demand. Ex-Estateofferingstoowerehigherandtotalled0.75M/Kgsvis-à-visa0.6M/Kgsonofferthepreviousweek.Overallqualityof teasshowednosignificantchange. TherewaslessdemandforthebetterliquoringWesternBOP'swhichdeclinedforthe2ndconsecutiveweekquite significantly.CorrespondingBOPF'softensoldfollowingqualitywithnosignificantpricefluctuations.NuwaraEliyaBOP/BOPF's weremostlyunsoldfollowinglimitedinterest.Uva/UdaPussellawaBOP'swereRs.20-40perkgeasier,whilstthe correspondingBOPF'sweremostlyfirmfollowingquality. CTCteasfromtheHighGrownsectorsoldaroundlast,whilsttheMediumGrownsdeclinedbyRs.50perkgandsubstantially moreforthepoorersortstowardsthecloseofthesale.CorrespondingLowGrownvarieties,aselectrangeofteassoldfirm andwereRs.20perkgeasier,whilsttheslightlypoorersortsdeclinedfurtherandattimesremainedunsoldduetoalackof bids. LessactivityfromshipperstotheUKandthecontinent.ShipperstoSouthAfricaandtheMiddleEastwerelessactive.There wassomeinterestfromshipperstoChina,whilstshipperstoJapanandtheCIScontinuedtoparticipateintheusualmanner. LowGrownstotalledapproximately2.6M/Kg.Leafy,Semi-Leafy,TippyandPremiumcategoriesmetwithfairdemand. ShipperstoIrancontinuedtobeactive,whilsttherewasselectivebuyingfromshipperstoRussiaandTürkiye. IntheLeafyandSemi-Leafycatalogue,high-pricedBOP1'swerefirm,whilstthecleanboldervarietiestogetherwithteasatthe lowerendwerefirmtodearer.SelectBestandBestOP1'swerefirm.Clea",0.1429,0.1429,0.0,"Bright mornings and evening showers were reported in both regions throughout the week. According to the Department of The Western and Nuwara Eliya regions Meteorology, rain is expected in the Western and Nuwara Eliya maintained the",3,Sunny weather and occasional showers were reported in the Uva and Uda Pussellawa regions throughout the week. The Department of Meteorology expects misty conditions in both regions in the week ahead.,3,regions reported a slight increase. Uva/Udapussellawa Regions Sunny weather and occasional showers were reported in the Uva and Uda Pussellawa regions throughout the week. The Department of Meteorology expects misty conditions in both regions in the ,4,"AND WEATHER FOR THE PERIOD 19 - 25 November 2025 Crop Western/Nuwara Eliya Regions Bright mornings and evening showers were reported in both regions throughout the week. According to the Department of The Western and Nuwara Eliya regions Meteorology, rain is expected in the Western and Nuwara Eliya ",3.33,1.0,1.0,1.0,1.0,285166.0,205268.0,9555326.0,5980638.0,4324792.0,4512613.0,219885799.0,215422258.0,31920.0,59000.0,2172929.0,2306856.0,4641878.0,4776881.0,231614054.0,223709752.0,304.06,286.55,323.05,397.41,362.15,403.32,349.2,302.03,352.37,1.93,1.84,2.17,,,,,,,,,,,,,,,,,,,,,,,,,,,,,,,,,,,,,,,,,,,,,,,,,,
SALE_04_2026,4,27TH/28TH January 2026,2026.0,January,Sale of 27 & 28 January 2026.pdf,2026-03-20T00:08:14,12175.0,6024398.0,2214.0,1039800.0,30/01/2026,03/02/2026,05/02/2026,"The 4th Sale of the year concluded today had a total of 6.0 M/Kgs on offer. There was fair demand mostly at firm to easier rates. Ex-Estate offerings were barely maintained at 0.81 M/Kgs. Quality - A few select Westerns' showed improvement, whilst the others showed no significant change. Better demand for improved teas, whilst the others met with fair interest mostly selling around last week's levels. Improved teas were often sort after by interest emanating from shipper to the UK, the continent and perhaps South Africa, China and Japan. Less forceful buying from shippers to the CIS and Middle East, and consequently a bearish trend for teas at the lower end of the market. Accordingly, improved liquoring teas both in the Best and Below Best categories appreciated by Rs. 20-40 per kg, whilst the others were irregular and continued to sell around last week's levels. CTC teas, in general, too were weaker with only a few select invoices selling around last levels and the trend could be attributed to the slack demand from shippers to the CIS and Middle East, in general. Auction volumes in the forthcoming sale are likely to record a decline following current climatic conditions in the plantations which perhaps is not unusual for the time of year. Similarly, liquoring teas particularly from the Western slopes are seen to improve from Sale No. 5 onwards. Renewed interest for liquoring FBOP's, PEK's and PEK1's which were often selling between Rs. 1,400-1,600 per kg. Low Growns totalled",0.1515,0.2,0.1304,Both regions experienced bright weather conditions throughout the week. Frost was reported in parts of the Nuwara Eliya Region,1,"consistent intake levels. The Uva Region experienced sunny weather conditions throughout the week. Rain is expected in the Uva Region in the week ahead, according to the Department of Meteorology.",4,"totalled approximately 2.7 M/Kgs. The Leafy category witnessed less demand, whilst the Semi-Leafy, Tippy and Premium categories met with fair demand. In the Leafy and Semi-Leafy catalogues, Select Best BOP1's together with teas at the bottom were fir",3,AND WEATHER FOR THE PERIOD 20 - 27 January 2026 Crop Western/Nuwara Eliya Regions Both regions experienced bright weather conditions throughout the week. Frost was reported in parts of the Nuwara Eliya Region Crop intake levels in the Nuwara Eliya during the early morning hours. According to the Dep,2.67,0.0,0.0,0.0,0.0,244652.0,261282.0,607658.0,728708.0,5191743.0,5989404.0,14406293.0,14872929.0,45800.0,92420.0,109800.0,275180.0,5482195.0,6343106.0,15123751.0,15876817.0,305.83,294.18,317.35,417.42,364.6,400.88,362.28,305.15,344.85,1.97,1.88,2.16,,,,,,,,,,,,,,,,,,,,,,,,,,,,,,,,,,,,,,,,,,,,,,,,,,
SALE_42_2025,42,28TH/29TH October 2025,2025.0,October,Sale of 28 & 29 October 2025.pdf,2026-03-20T00:08:16,10291.0,4984791.0,1113.0,517694.0,31/10/2025,04/11/2025,06/11/2025,"Auction offerings totalled 5.0 M/Kgs, marginally below the previous week's 5.4 M/Kgs. Overall quality was mostly similar to last Demand: Fair demand. Liquoring Teas: Western High Grown BOP/BOPF's - Teas in the higher price bracket were irregular and sluggish partially following qualitative variances. Lighter/thinner liquoring teas notwithstanding an improved level of brightness failed to realise its value. Tea for price category, which at the commencement of the sale remained sluggish, gathered momentum as the sale progressed and sold around last week's levels with select coloury invoices appreciating by Rs. 20 per kg and more. Nuwara Eliyas - Limited interest and prices were barely maintained at its previous levels. Uda Pussellawas - Recorded a marginal appreciation in prices selectively though the price structure still continued at the lower end of the market. Uva - BOP's weakened by Rs. 20-40 per kg, whilst the BOPF's sold around last week's levels. High & Medium CTC teas - BP1's had hardly any offerings, whilst the PF1's continued to sell around last. Low Grown CTC teas - BP1's continued to maintain its previous momentum and sold at premium levels ranging between Rs. 1,300-1,400 per kg. Corresponding PF1's too continued to sell well recording prices ranging between Rs. 1,350-1,450 per kg and could be considered attractive in the current market context. Shippers - Less activity from the UK and the continent. Japan and China continued to be fairly active together with the M",0.0909,-0.5,0.4286,Both regions reported rain throughout the week. Showers are The Western and Nuwara Eliya regions expected in the Western and Nuwara Eliya regions in the week reported an increase in the,4,"Bright mornings and evening showers were reported in the Uva and Uda Pussellawa regions throughout the week. According to the Department of Meteorology, showers are expected in both regions in the week ahead.",3,"CTC teas - BP1's continued to maintain its previous momentum and sold at premium levels ranging between Rs. 1,300-1,400 per kg. Corresponding PF1's too continued to sell well recording prices ranging between Rs. 1,350-1,450 per kg and could be consid",3,"AND WEATHER Page No 3 FOR THE PERIOD 22 - 28 October 2025 Crop Western/Nuwara Eliya Regions Both regions reported rain throughout the week. Showers are The Western and Nuwara Eliya regions expected in the Western and Nuwara Eliya regions in the week reported an increase in the crop intake, ahead acc",3.33,1.0,1.0,1.0,1.0,175713.0,169824.0,8679685.0,5370303.0,4580311.0,4557139.0,202142734.0,196324269.0,53910.0,69850.0,2033339.0,2035736.0,4809934.0,4796813.0,212855758.0,203730308.0,300.48,288.65,320.81,399.95,373.68,392.2,348.87,310.75,341.06,1.96,1.9,2.13,5.0,,,,,,,,,,,,,,,,,,,,,,,,,,,,,,,,,,,,,,,,,,,,,,,,,
SALE_09_2026,9,03RD/04TH March 2026,2026.0,March,Sale of 3 & 4 March 2026.pdf,2026-03-20T00:08:18,10717.0,5301543.0,1659.0,839717.0,06/03/2026,10/03/2026,11/03/2026,"TotalAuctionofferingsshowedafurtherdeclineandtotalled5.3M/Kgs.LessdemandandaneasiertrendinpricesforselectLowGrown gradesfollowingthetensionintheMiddleEasternRegion.HighGrownliquoringteascontinuedtosellwellwithaselectionofseasonal Westernscontinuingtorealisepremiumprices. Ex-Estateofferingswerefairlysimilarandtotalled0.8M/Kgs.Therewasgoodgeneraldemand.Onceagain,seasonalBOPSpandPEK invoicescontinuedtosellatapremiumvis-à-visthecorrespondingBOP/BOPF's. BetterWesternBOP/BOPF's,wherequalitywasmaintained,soldaroundlastweek'slevels,whilsttheotherswereirregular.IntheBelow Bestcategory,selectimprovedBOPinvoicesgainedsubstantiallyfollowingspecialinquiry,whilsttheotherswereirregular.Corresponding BOPF'swerefirmandRs.20perkgeasier.Atthelowerendofthemarket,BOP'sappreciatedbyRs.20-40perkg,whilstthecorresponding BOPF'swhichcommencedbyRs.20perkgeasierfirmeduptowardstheclose.NuwaraEliyas'continuedtosellwellfollowingquality.Uda PussellawaBOP'swerefirmanddearer.Uva-SelectBestBOP'sgainedbyuptoRs.50perkg,whilsttheotherssoldaroundlastlevels. CorrespondingUva/UdaPussellawaBOPF'sweremostlyfirm. High&MidGrownCTCteas-PF1'scontinuedtosellaroundlastlevels.CorrespondingLowGrowntypes-Selectinvoiceswerebarelysteady, whilsttheotherdeclinedbyRs.20-40perkgandmore.BP1'shadhardlyanyofferings. LowGrownstotalledapproximately2.1M/Kgs.LeafyandSemi-Leafycategoriesmetwithgooddemand,whilsttheTippy/SmallLeaf categorywitnessedfairdemandateasierrates.Premiumteasmetwithlessdemand. IntheLeafyandSemi-Leafycatalogues,BOP1'sto",0.1667,0.1667,0.0,"Bright weather was reported in both regions throughout the All regions reported a decrease in the week. According to the Department of Meteorology, dry",1,Both regions reported sunny weather throughout the week. Misty conditions are expected in the Uva Region during the early hours of the morning in the week ahead according to the Department of Meteorology.,1,"average for the month recorded a decline of Rs. 26.38 and USD 0.08 month on month, whilst against the corresponding average of January 2026, shows a negative variance of Rs. 30.25 and USD 0.28. (Refer statistical details on Page No. 14)",3,"AND WEATHER FOR THE PERIOD 24 February - 03 March 2026 Crop Western/Nuwara Eliya Regions Bright weather was reported in both regions throughout the All regions reported a decrease in the week. According to the Department of Meteorology, dry crop intake during the week. weather conditions are expecte",1.67,-1.0,-1.0,-1.0,-1.0,374534.0,216701.0,2101103.0,1746988.0,4670360.0,4764328.0,38259906.0,39973852.0,72960.0,73620.0,336560.0,551516.0,5117854.0,5054649.0,40697569.0,42272356.0,305.7,290.99,306.06,408.78,367.9,386.49,356.46,303.26,330.31,1.93,1.94,2.02,,,1026.0,1014.57,1024.96,1035.95,1210.16,1153.13,1202.71,1148.48,1140.45,1070.48,1122.0,1091.27,1156.24,1123.21,1149.13,1114.11,1016.2,1086.63,973.61,1063.75,987.93,1033.24,982.59,1027.35,971.75,952.62,996.03,966.59,995.89,1043.81,979.83,1039.07,1252.92,1280.88,1239.16,1274.52,949.35,977.13,961.25,960.18,1232.68,1266.08,1221.26,1261.54,1177.54,1205.51,1168.57,1197.79
SALE_43_2025,43,03RD/04TH November 2025,2025.0,November,Sale of 3 & 4 November 2025.pdf,2026-03-20T00:08:20,10935.0,5341192.0,1067.0,508162.0,07/11/2025,10/11/2025,11/11/2025,"Auctionofferingstotalled5.34M/Kgs,marginallyhighertothepreviousweek. Quality:Overall,mostlysimilartolast. Demand:Fairgeneraldemand. Ex-Estateofferingstotalled0.68M/Kgs. IntheWesternHighGrowncategory-Lessactivityandconsequently,aneasiertrendinpricesforthebetterliquoringteas, whilsttherewasimprovedactivityforBOPF'sintheteaforpricecategory.NuwaraEliyas'continuedsluggishandbarelysold aroundlastweek'slevels.UdaPussellawas'soldaroundlastandcontinuedtorealisepricesatthelowerendofthemarket. Uvas'-TeasinthehigherpricebracketdeclinedbyuptoRs.50perkg,whilsttheotherstoowerelowerbuttoalesserextent. High&MediumCTCteaswerebarelymaintained,whilstthecorrespondingLowGrownswereRs.20-40perkgeasier. HardlyanyactivityfromshipperstotheUKandthecontinent.SelectivebuyingfromshipperstoSouthAfrica.Fairactivityfrom shipperstoChinaandJapan,whilstshipperstotheCISandMiddleEastcontinuedtoparticipateintheusualmanner. LowGrownscontinuedtomeetwithgooddemand.TherewasimprovedactivityfromshipperstoIranandtheCIS. Well-madeBOP1/OP1'scontinuedtosellatlastlevels,whilstthebottomendofthemarkettendedirregularfollowingquality. OP/OPA'smetwithgooddemandandweredearer.PEK'stogetherwiththewell-madePEK1'sgainedinvalue,whilstthe balancewereeasier FBOP'stogetherwiththeTippyteasappreciated.However,theFF1'swerefullyfirm. FORBES&WALKERWEEKLYTEAMARKETREPORT03RD/04THNOVEMBER2025 Page No 3",0.0667,0.0667,0.0,The Western and Nuwara Eliya regions reported bright weather The Western and Nuwara Eliya regions throughout the week. According to the Department of reported a decrease in the,1,The Uva and Uda Pussellawa regions reported sunny weather throughout the week. Showers are expected in both regions in the week ahead according to the Department of Meteorology.,3,"elevations recorded decreases both in LKR and USD terms against the previous month  The High Grown and Medium Grown elevations gained, whilst the Low Grown elevation declined in LKR terms. All elevations declined in USD terms vis-à-vis October 2024 ",3,"AND WEATHER Page No 5 FOR THE PERIOD 29 October - 03 November 2025 Crop Western/Nuwara Eliya Regions The Western and Nuwara Eliya regions reported bright weather The Western and Nuwara Eliya regions throughout the week. According to the Department of reported a decrease in the crop intake, Meteorolo",2.33,-1.0,-1.0,-1.0,-1.0,219397.0,121576.0,8899082.0,5491879.0,4324525.0,4729567.0,206466809.0,201053836.0,31920.0,49550.0,2065259.0,2085286.0,4575842.0,4900693.0,217431150.0,208631001.0,300.7,289.06,322.17,393.82,374.51,390.08,345.43,311.2,339.94,1.94,1.87,2.14,,,1036.32,1046.85,1042.24,1107.24,1198.82,1172.18,1116.4,1190.12,1134.76,1073.73,1082.4,1096.59,1155.81,1133.24,1092.5,1163.15,1069.94,1011.08,1069.27,1133.32,1017.12,973.46,1008.26,1058.88,998.48,932.1,944.83,970.69,1028.0,985.42,1027.54,1083.72,1279.83,1242.76,1264.02,1364.13,962.72,953.1,980.03,994.11,1253.85,1225.41,1247.75,1340.76,1193.8,1165.48,1178.36,1259.59
SALE_01_2026,1,06TH/07TH January 2026,2026.0,January,Sale of 6 & 7 January 2026.pdf,2026-03-20T00:08:25,11915.0,5794884.0,741.0,345468.0,09/01/2026,13/01/2026,14/01/2026,"The first sale of the year 2026 had on offer 5.8 M/Kgs. An irregular trend in prices was witnessed and overall, in general, a bearish market sentiment. Ex-Estate offerings comprised of 0.73 M/Kgs. Overall quality of offerings were irregular and barely maintained. Best Western BOP's were Rs. 20-40 per kg easier. Corresponding BOPF's with the exception of a few select invoices appreciated by up to Rs. 50 per kg and more, the others in general declined by Rs. 20-40 per kg. In the Below Best category, BOP's were generally firm, whilst the corresponding BOPF's declined by Rs. 20-40 per kg. At the lower end of the market, BOP's were irregular and easier, whilst the corresponding BOPF's declined by Rs. 20-40 per kg. Nuwara Eliya BOP/BOPF's were firm and easier. Uda Pussellawa BOP/BOPF's were lower by Rs. 50 per kg and Rs. 20-40 per kg respectively. Uva BOP/BOPF's declined by Rs. 20-40 per kg and Rs. 20 per kg respectively. CTC teas - BP1's had hardly any offerings. High & Medium Grown PF1's - Better teas were Rs. 20-40 per kg easier, whilst the others were generally firm. Low Grown types were firm to marginally easier. Selective interest from shippers to the UK, the continent and South Africa, whilst there was fair activity from shippers to Japan, China and the Middle East. Low Growns totalled approximately 2.51 M/Kgs with all categories witnessing fair demand. Shippers to Türkiye and Iran were active, whilst shippers to Russia operated at lower levels. In the Leafy and Semi-Leafy c",-0.2571,-0.5556,0.0588,,3,"regions reported a decrease. Both regions reported sunny mornings and evening showers throughout the week. According to the Department of Meteorology, showers are expected in the Uva and Uda Pussellawa regions in the week ahead.",3,"types were firm to marginally easier. Selective interest from shippers to the UK, the continent and South Africa, whilst there was fair activity from shippers to Japan, China and the Middle East. Low Growns totalled approximately 2.51 M/Kgs with all ",3,AND WEATHER FOR THE PERIOD 31 December 2025 - 06 January 2026 Western/Nuwara Eliya Regions Crop The Western and Nuwara Eliya regions reported bright weather throughout the week. Intermittent showers are expected in both regions in the week ahead according to the Department of Meteorology. The Wester,3.0,-1.0,-1.0,-1.0,-1.0,277579.0,161148.0,10853408.0,6685057.0,3509490.0,4865410.0,242834413.0,239352323.0,82000.0,116760.0,2440939.0,2693516.0,3869069.0,5143318.0,256128760.0,248730896.0,306.23,291.32,321.94,413.65,363.13,407.0,358.0,300.65,349.48,1.95,1.83,2.25,,,1065.25,1071.37,1049.51,1097.36,1193.81,1146.15,1130.82,1184.2,1170.79,1037.94,1094.41,1089.14,1146.98,1124.35,1104.67,1156.34,1013.7,1059.92,1071.5,1120.88,1046.74,985.29,1009.48,1046.14,962.34,934.79,951.13,965.31,1032.27,1012.79,1029.17,1070.85,1305.8,1284.11,1269.17,1345.34,943.65,919.69,977.83,981.17,1278.14,1264.58,1252.16,1322.94,1207.29,1188.02,1184.15,1245.54
SALE_39_2025,39,07TH/08TH October 2025,2025.0,October,Sale of 7 & 8 October 2025.pdf,2026-03-20T00:08:37,10732.0,5293284.0,613.0,297566.0,10/10/2025,14/10/2025,15/10/2025,"OverallAuctionofferingsimprovedmarginallyonlastweekandtotalled5.3M/Kgs.ConsequenttotheabolishingofSVATand transitiontoaVATregime,therewasmixedreactionamidstmuchspeculationofasignificantadverseimpactinauction prices.Therewasfairdemandformostteasonoffer. Ex-Estateofferingstooshowedsomerecoveryoverlastweek'svolumeandtotalled0.7M/Kgs.Overallqualityofteasfromthe Westernslopeswerenotasuseful,whilstteasfromtheEasternsectorshowednochange. BestWesternBOP/BOPF'sdeclinedbyRs.50perkgandmoreforselecthigh-pricedteasoflastweek.IntheBelowBest category,BOP'sinthehigherpricebracketdeclinedbyRs.50perkgandmore,whilsttheothersandteasatthelowerendof themarketwerefirmtomarginallydearerforthecleanleaftypes.CorrespondingBOPF's,wherequalitywasmaintained,were firmandRs.20perkgeasier,whilsttheothersdeclinedfurther.BOPF'satthelowerendofthemarketweremarginallydearer followingquality.NuwaraEliyas'continuedtosellaroundlastweek'slevels.UdaPussellawaBOP'sdeclinedbyRs.50perkg andmore,whilstthecorrespondingBOPF'swereirregularthoughsoldaroundlastweek'slevels.UvaBOP's-Selectinvoices wereuptoRs.50perkgdearer,whilsttheotherswereirregularfollowingquality.CorrespondingBOPF'swerefirmandRs.20 perkgeasier. CTC'sinHigh&MidGrowncategory-BP1'shadhardlyanyofferings.PF1's-SelectBestwerefirmfollowingspecialinquiry, whilsttheotherswereirregularlyeasier,attimes,substantially.CorrespondingLowGrownvarietiessoldaroundlast. LimitedinterestfromshipperstotheUK,whilsttherewasfairdemandfromshipperstoJapanandChina.Selectivebuying fromsh",-0.0435,-0.0435,0.0,Both regions reported sunny mornings and evening showers The Western and Nuwara Eliya regions throughout the week. The Department of Meteorology expects reported a slight increase in the,3,The Uva and Uda Pussellawa regions reported bright weather and rain throughout the week. Intermittent showers are expected in both regions according to the Department of Meteorology.,3,"elevation gained in LKR terms despite a USD decline on a month on month basis ➢ The High Grown elevation gained by USD 0.08, although negative variances were recorded in the Medium and Low Grown elevations vis-à-vis September 2024 ➢ Cumulative varian",3,AND WEATHER FOR THE PERIOD 30 September - 07 October 2025 Crop Western/Nuwara Eliya Regions Both regions reported sunny mornings and evening showers The Western and Nuwara Eliya regions throughout the week. The Department of Meteorology expects reported a slight increase in the crop rain in the West,3.0,-1.0,-1.0,-1.0,-1.0,586211.0,100633.0,8231442.0,4864312.0,4220669.0,5272353.0,188477613.0,181625885.0,149120.0,101300.0,1903819.0,1828130.0,4956000.0,5474286.0,198612874.0,188318327.0,298.74,290.3,318.31,401.36,384.28,383.84,348.28,319.75,331.89,1.97,2.0,2.11,,,1059.35,1089.32,1041.51,1111.56,1240.68,1183.57,1107.75,1190.48,1155.61,1059.62,1078.48,1098.81,1191.07,1150.3,1086.07,1164.85,1084.53,1120.09,1069.2,1139.4,1040.95,1064.74,1006.72,1064.5,1001.42,964.36,943.86,972.93,1050.66,1081.17,1026.88,1089.58,1299.92,1369.73,1264.13,1372.89,930.48,956.79,977.43,998.09,1274.19,1347.64,1247.89,1349.22,1217.01,1264.55,1177.04,1266.08
SALE_47_2025,47,08TH/09TH December 2025,2025.0,December,Sale of 8 & 9 December 2025.pdf,2026-03-20T00:08:42,10785.0,5263732.0,853.0,411876.0,12/12/2025,15/12/2025,16/12/2025,"CycloneDitwah,whichhadadevastingaffectonSriLanka,causedonlylimiteddisruptionstotheteaindustrywhichonce againdemonstrateditsresiliencewithSaleNo.47whichwasscheduledfor01/02Decemberbeingconductedon08/09 December.TheAuctionwitnessedabuoyantmarketallroundemanatingperhapspartiallyduetoanabsenceofanauction lastweek. IntheEx-Estatecatalogue,betterliquoringWesternBOP/BOPF'softenappreciatedbyRs.20-40perkg,whilstteaatthelower endofthemarketgainedbyRs.20-40perkgandmoreforthecleanerleafteas.Oftentheappreciationinpricesatthelower endofthemarketseemedgreater,narrowingtheparitybetweenteasintheBelowBestcategoryandthoseatthelowerend ofthemarket.NuwaraEliyaBOP/BOPF'switnessedbetterdemandandsoldatfirmtomarginallydearerrates,whilstthe Uva/UdaPussellawas'tooappreciatedbyRs.50perkgandRs.20-40perkgforBOP/BOPF'srespectively. High&MediumGrownCTCteascontinuedtosellatlastlevels,whilsttheLowGrownsandparticularlythePF1gradedeclined byanaverageRs.20perkg. InterestfromshipperstotheUKandthecontinentappearedsubdued.TherewasfairactivityfromshipperstoChina,Japan, MiddleEastandtheCIS,whilstshipperstoSouthAfricaappearedselective. LowGrownstotalledapproximately2.24M/Kgs.Allcategoriesmetwithfairdemand. IntheLeafyandSemi-Leafycatalogues,well-madeBOP1'swerefirm,whilstthebalancetogetherwiththeOP1'sweredearer. High-pricedOPA'swereirregular,whilstthebalancetogetherwiththeOP'sappreciated.SelectBestPEK'sweredearer,whilst thebalancesoldaroundlastlevels.PEK1'stoo,ingeneral,soldaroundlastlevels. IntheTippycatalogue,FBOP/FF1",0.3333,0.3333,0.0,The Western and Nuwara Eliya regions reported heavy rain All regions reported a decrease in the throughout the week. The Department of Meteorology expects,5,The Uva and Uda Pussellawa regions reported bright mornings and evening showers throughout the week. Misty conditions are expected in both regions in the week ahead according to the Department of Meteorology.,3,"elevations recorded positive variances both in LKR and USD terms in comparison with the previous month, whilst the Medium Grown elevation witnessed a marginal decline of Rs. 0.73 and USD terms 0.03 ➢ All elevations gained in LKR terms and in USD term",3,"for 2025 Kenya’s tea production declined by 4.5 per cent in August 2025 to 36.87 million kgs, down from 38.6 million kgs recorded during the same period in 2024. The decline is attributed to prolonged dry and cold weather conditions, as well as reduced rainfall across major tea-growing regions. Spec",3.67,,,,,303380.0,215272.0,9858706.0,5990642.0,4868461.0,4970232.0,224754260.0,220392490.0,46410.0,73300.0,2219339.0,2321156.0,5218251.0,5258804.0,236832305.0,228704288.0,304.8,286.66,324.15,405.24,357.94,410.81,353.85,298.48,355.16,1.95,1.85,2.19,,,1092.93,1020.09,1044.43,1099.97,1211.17,1131.92,1123.05,1186.02,1144.8,1068.31,1087.42,1091.14,1174.97,1102.11,1097.83,1158.31,1116.91,1054.53,1069.67,1124.52,1022.3,967.94,1007.22,1050.41,978.95,897.55,946.63,965.96,1049.13,992.63,1026.75,1074.92,1313.81,1241.23,1266.66,1350.8,983.74,858.19,979.7,986.75,1296.02,1219.53,1250.06,1328.1,1233.85,1161.82,1181.2,1249.75
SALE_35_2025,35,09TH/10TH September 2025,2025.0,September,Sale of 9 & 10 September 2025.pdf,2026-03-20T00:08:44,10763.0,5183611.0,786.0,416833.0,12/09/2025,16/09/2025,17/09/2025,"OverallAuctionofferingswerebarelymaintainedandtotalled5.18M/Kgs.Therewasgoodgeneraldemandalthoughat irregularrates. Ex-Estateofferingscontinuedtobelimitedto0.65M/Kgs.Overallqualityofteasshowednosignificantchange. BestWesternBOP/BOPF's-AfewselectinvoicesappreciatedbyuptoRs.50perkg,whilsttheotherswereirregularandoften easierfollowingquality.IntheBelowBestcategory,cleanleafcolouryBOP'swerefirmandRs.20perkgdearer,whilstthe otherswerelowerbyRs.20-40perkg.CorrespondingBOPF's-TeasinthehigherpricebracketdeclinedbyRs.20-40perkg, whilsttheotherssoldaroundlastweek'slevels.PlainerBOP/BOPF'swerebarelysteady.NuwaraEliyas'continuedtobea weakfeaturewithamajorityofthetearemainingunsold.UdaPussellawaBOP/BOPF'ssellingatthelowerendofthemarket andinthebackdropofthelimitedavailability,appreciatedbyRs.20perkgandmore.UvaBOP'ssoldaroundlastlevels,whilst thecorrespondingBOPF'sdeclinedbyanaverageRs.20perkg. High&MediumGrownCTCteas-BP1'shadhardlyanyofferings.PF1's-Afewselectinvoices,wherequalitywasmaintained, soldaroundlast,whilsttheotherswereeasier.However,teasatthelowerendofthemarketwitnessedbetterdemandand consequently,fewerunsoldsthisweek.CorrespondingLowGrowntypes-BP1'shadhardlyanyofferings.PF1'scontinuedto sellwellwithafewselectinvoicesappreciatingbyRs.20perkg. LowGrownstotalledapproximately2.3M/Kgs,withfairdemandwitnessedintheLeafy,Semi-Leafy,TippyandPremium categories. IntheLeafyandSemi-Leafycatalogues,BOP1'singeneralwerefirm.Well-madeOP1'smaintained,whistthebalancewere irregular.AselectionofSel",-0.0667,-0.0667,0.0,"Both regions reported sunny weather throughout the week. The Western and Nuwara Eliya regions The Department of Meteorology, expects intermitted recorded an increase in the",1,"Bright weather was reported in the Uva and Uda Pussellawa regions throughout the week. Showers are expected in both regions in the week ahead, according to the Department of Meteorology.",3,"The Low Grown region reported sunny weather throughout the week. According to the Department of Meteorology, rain is expected in the Low Grown region in the week ahead.",4,". West Bengal and Assam – the two major tea-producing states – registered 44 per cent and 14 per cent growth respectively over 2024. However, the recovery has been modest for big growers, with production still down by 12.89 per cent in West Bengal and 8.65 per cent in Assam when compared to 2023 lev",2.67,,,,,158059.0,89524.0,7269244.0,4276319.0,4398633.0,4757310.0,170649871.0,163069606.0,26008.0,73980.0,1641239.0,1507230.0,4582700.0,4920814.0,179560354.0,168853155.0,298.25,294.48,314.81,403.35,384.5,396.18,349.79,323.87,338.13,2.01,2.01,2.13,,,,,,,,,,,,,,,,,,,,,,,,,,,,,,,,,,,,,,,,,,,,,,,,,,
