sale_id,elevation,grade,tier,price_lo_lkr,price_hi_lkr
UNKNOWN_Sale of 30 December 2025.pdf,low_grown,fbopf_tippy,select_best,5200.0,6200.0
UNKNOWN_Sale of 30 December 2025.pdf,low_grown,fbopf_tippy,best,3550.0,4500.0
UNKNOWN_Sale of 30 December 2025.pdf,low_grown,fbopf_tippy,below_best,2750.0,3000.0
UNKNOWN_Sale of 30 December 2025.pdf,low_grown,fbopf_tippy,others,1000.0,1100.0
UNKNOWN_Sale of 30 December 2025.pdf,low_grown,fbopf1,select_best,1650.0,1850.0
UNKNOWN_Sale of 30 December 2025.pdf,low_grown,fbopf1,best,1500.0,1550.0
UNKNOWN_Sale of 30 December 2025.pdf,low_grown,fbopf1,below_best,1300.0,1350.0
UNKNOWN_Sale of 30 December 2025.pdf,low_grown,fbopf1,others,1000.0,1100.0
UNKNOWN_Sale of 30 December 2025.pdf,low_grown,fbopf,select_best,1700.0,1900.0
UNKNOWN_Sale of 30 December 2025.pdf,low_grown,fbopf,best,1450.0,1550.0
UNKNOWN_Sale of 30 December 2025.pdf,low_grown,fbopf,below_best,1250.0,1300.0
UNKNOWN_Sale of 30 December 2025.pdf,low_grown,fbopf,others,900.0,950.0
UNKNOWN_Sale of 30 December 2025.pdf,low_grown,fbop1,select_best,1700.0,1900.0
UNKNOWN_Sale of 30 December 2025.pdf,low_grown,fbop1,best,1450.0,1500.0
UNKNOWN_Sale of 30 December 2025.pdf,low_grown,fbop1,below_best,1250.0,1300.0
UNKNOWN_Sale of 30 December 2025.pdf,low_grown,fbop1,others,950.0,1000.0
UNKNOWN_Sale of 30 December 2025.pdf,low_grown,fbop,select_best,1800.0,2500.0
UNKNOWN_Sale of 30 December 2025.pdf,low_grown,fbop,best,1550.0,1600.0
UNKNOWN_Sale of 30 December 2025.pdf,low_grown,fbop,below_best,1300.0,1350.0
UNKNOWN_Sale of 30 December 2025.pdf,low_grown,fbop,others,1000.0,1100.0
UNKNOWN_Sale of 30 December 2025.pdf,low_grown,bop1,select_best,2400.0,3000.0
UNKNOWN_Sale of 30 December 2025.pdf,low_grown,bop1,best,1800.0,2300.0
UNKNOWN_Sale of 30 December 2025.pdf,low_grown,bop1,below_best,1360.0,1600.0
UNKNOWN_Sale of 30 December 2025.pdf,low_grown,bop1,others,900.0,1300.0
UNKNOWN_Sale of 30 December 2025.pdf,low_grown,bopf,select_best,1400.0,1700.0
UNKNOWN_Sale of 30 December 2025.pdf,low_grown,bopf,best,950.0,1000.0
UNKNOWN_Sale of 30 December 2025.pdf,low_grown,bopf,below_best,850.0,900.0
UNKNOWN_Sale of 30 December 2025.pdf,low_grown,bopf,others,800.0,850.0
UNKNOWN_Sale of 30 December 2025.pdf,low_grown,bop,select_best,1800.0,2100.0
UNKNOWN_Sale of 30 December 2025.pdf,low_grown,bop,best,1500.0,1550.0
UNKNOWN_Sale of 30 December 2025.pdf,low_grown,bop,below_best,1250.0,1300.0
UNKNOWN_Sale of 30 December 2025.pdf,low_grown,bop,others,950.0,1050.0
UNKNOWN_Sale of 30 December 2025.pdf,low_grown,op1,select_best,2950.0,3600.0
UNKNOWN_Sale of 30 December 2025.pdf,low_grown,op1,best,2600.0,2900.0
UNKNOWN_Sale of 30 December 2025.pdf,low_grown,op1,below_best,1650.0,2550.0
UNKNOWN_Sale of 30 December 2025.pdf,low_grown,op1,others,900.0,1600.0
UNKNOWN_Sale of 30 December 2025.pdf,low_grown,opa,select_best,1440.0,2100.0
UNKNOWN_Sale of 30 December 2025.pdf,low_grown,opa,best,1300.0,1420.0
UNKNOWN_Sale of 30 December 2025.pdf,low_grown,opa,below_best,1200.0,1280.0
UNKNOWN_Sale of 30 December 2025.pdf,low_grown,opa,others,850.0,1180.0
UNKNOWN_Sale of 30 December 2025.pdf,low_grown,op,select_best,1500.0,1750.0
UNKNOWN_Sale of 30 December 2025.pdf,low_grown,op,best,1400.0,1480.0
UNKNOWN_Sale of 30 December 2025.pdf,low_grown,op,below_best,1220.0,1380.0
UNKNOWN_Sale of 30 December 2025.pdf,low_grown,op,others,850.0,1200.0
UNKNOWN_Sale of 30 December 2025.pdf,low_grown,pekoe,select_best,1460.0,2700.0
UNKNOWN_Sale of 30 December 2025.pdf,low_grown,pekoe,best,1300.0,1440.0
UNKNOWN_Sale of 30 December 2025.pdf,low_grown,pekoe,below_best,1200.0,1280.0
UNKNOWN_Sale of 30 December 2025.pdf,low_grown,pekoe,others,850.0,1180.0
UNKNOWN_Sale of 30 December 2025.pdf,low_grown,pek1,select_best,1800.0,2400.0
UNKNOWN_Sale of 30 December 2025.pdf,low_grown,pek1,best,1500.0,1750.0
UNKNOWN_Sale of 30 December 2025.pdf,low_grown,pek1,below_best,1300.0,1480.0
UNKNOWN_Sale of 30 December 2025.pdf,low_grown,pek1,others,900.0,1280.0
SALE_38_2025,low_grown,fbopf_tippy,select_best,3800.0,4600.0
SALE_38_2025,low_grown,fbopf_tippy,best,3000.0,3400.0
SALE_38_2025,low_grown,fbopf_tippy,below_best,2000.0,2200.0
SALE_38_2025,low_grown,fbopf_tippy,others,1000.0,
SALE_38_2025,low_grown,fbopf1,select_best,1600.0,1700.0
SALE_38_2025,low_grown,fbopf1,best,1400.0,1500.0
SALE_38_2025,low_grown,fbopf1,below_best,1250.0,1300.0
SALE_38_2025,low_grown,fbopf1,others,900.0,950.0
SALE_38_2025,low_grown,fbopf,select_best,1500.0,1700.0
SALE_38_2025,low_grown,fbopf,best,1300.0,1400.0
SALE_38_2025,low_grown,fbopf,below_best,1100.0,1150.0
SALE_38_2025,low_grown,fbopf,others,900.0,950.0
SALE_38_2025,low_grown,fbop1,select_best,1650.0,1800.0
SALE_38_2025,low_grown,fbop1,best,1400.0,1450.0
SALE_38_2025,low_grown,fbop1,below_best,1200.0,1300.0
SALE_38_2025,low_grown,fbop1,others,900.0,1000.0
SALE_38_2025,low_grown,fbop,select_best,1700.0,2400.0
SALE_38_2025,low_grown,fbop,best,1480.0,1500.0
SALE_38_2025,low_grown,fbop,below_best,1200.0,1300.0
SALE_38_2025,low_grown,fbop,others,900.0,950.0
SALE_38_2025,low_grown,bop1,select_best,2350.0,2900.0
SALE_38_2025,low_grown,bop1,best,1800.0,2300.0
SALE_38_2025,low_grown,bop1,below_best,1160.0,1500.0
SALE_38_2025,low_grown,bop1,others,850.0,1140.0
SALE_38_2025,low_grown,bopf,select_best,1400.0,1500.0
SALE_38_2025,low_grown,bopf,best,950.0,1000.0
SALE_38_2025,low_grown,bopf,below_best,850.0,900.0
SALE_38_2025,low_grown,bopf,others,800.0,850.0
SALE_38_2025,low_grown,bop,select_best,1800.0,2400.0
SALE_38_2025,low_grown,bop,best,1400.0,1450.0
SALE_38_2025,low_grown,bop,below_best,1150.0,1250.0
SALE_38_2025,low_grown,bop,others,900.0,1000.0
SALE_38_2025,low_grown,op1,select_best,2450.0,3200.0
SALE_38_2025,low_grown,op1,best,2200.0,2400.0
SALE_38_2025,low_grown,op1,below_best,1320.0,2150.0
SALE_38_2025,low_grown,op1,others,900.0,1300.0
SALE_38_2025,low_grown,opa,select_best,1480.0,1850.0
SALE_38_2025,low_grown,opa,best,1340.0,1460.0
SALE_38_2025,low_grown,opa,below_best,1240.0,1320.0
SALE_38_2025,low_grown,opa,others,920.0,1220.0
SALE_38_2025,low_grown,op,select_best,1480.0,1650.0
SALE_38_2025,low_grown,op,best,1420.0,1460.0
SALE_38_2025,low_grown,op,below_best,1280.0,1400.0
SALE_38_2025,low_grown,op,others,900.0,1260.0
SALE_38_2025,low_grown,pekoe,select_best,1550.0,2600.0
SALE_38_2025,low_grown,pekoe,best,1440.0,1500.0
SALE_38_2025,low_grown,pekoe,below_best,1300.0,1420.0
SALE_38_2025,low_grown,pekoe,others,900.0,1280.0
SALE_38_2025,low_grown,pek1,select_best,1850.0,2700.0
SALE_38_2025,low_grown,pek1,best,1700.0,1800.0
SALE_38_2025,low_grown,pek1,below_best,1460.0,1650.0
SALE_38_2025,low_grown,pek1,others,1000.0,1440.0
SALE_34_2025,low_grown,fbopf_tippy,select_best,4300.0,5500.0
SALE_34_2025,low_grown,fbopf_tippy,best,3600.0,4000.0
SALE_34_2025,low_grown,fbopf_tippy,below_best,2400.0,2800.0
SALE_34_2025,low_grown,fbopf_tippy,others,1000.0,
SALE_34_2025,low_grown,fbopf1,select_best,1600.0,1750.0
SALE_34_2025,low_grown,fbopf1,best,1400.0,1500.0
SALE_34_2025,low_grown,fbopf1,below_best,1280.0,1300.0
SALE_34_2025,low_grown,fbopf1,others,900.0,950.0
SALE_34_2025,low_grown,fbopf,select_best,1700.0,1800.0
SALE_34_2025,low_grown,fbopf,best,1450.0,1550.0
SALE_34_2025,low_grown,fbopf,below_best,1150.0,1200.0
SALE_34_2025,low_grown,fbopf,others,900.0,950.0
SALE_34_2025,low_grown,fbop1,select_best,1800.0,1900.0
SALE_34_2025,low_grown,fbop1,best,1400.0,1450.0
SALE_34_2025,low_grown,fbop1,below_best,1200.0,1300.0
SALE_34_2025,low_grown,fbop1,others,950.0,1000.0
SALE_34_2025,low_grown,fbop,select_best,1800.0,2400.0
SALE_34_2025,low_grown,fbop,best,1500.0,1550.0
SALE_34_2025,low_grown,fbop,below_best,1250.0,1300.0
SALE_34_2025,low_grown,fbop,others,900.0,950.0
SALE_34_2025,low_grown,bop1,select_best,2400.0,2950.0
SALE_34_2025,low_grown,bop1,best,1850.0,2350.0
SALE_34_2025,low_grown,bop1,below_best,1200.0,1400.0
SALE_34_2025,low_grown,bop1,others,850.0,1180.0
SALE_34_2025,low_grown,bopf,select_best,1400.0,1600.0
SALE_34_2025,low_grown,bopf,best,950.0,1050.0
SALE_34_2025,low_grown,bopf,below_best,850.0,900.0
SALE_34_2025,low_grown,bopf,others,800.0,850.0
SALE_34_2025,low_grown,bop,select_best,1900.0,2300.0
SALE_34_2025,low_grown,bop,best,1450.0,1500.0
SALE_34_2025,low_grown,bop,below_best,1200.0,1300.0
SALE_34_2025,low_grown,bop,others,900.0,1000.0
SALE_34_2025,low_grown,op1,select_best,2450.0,3100.0
SALE_34_2025,low_grown,op1,best,2200.0,2400.0
SALE_34_2025,low_grown,op1,below_best,1400.0,2150.0
SALE_34_2025,low_grown,op1,others,900.0,1380.0
SALE_34_2025,low_grown,opa,select_best,1420.0,2000.0
SALE_34_2025,low_grown,opa,best,1280.0,1400.0
SALE_34_2025,low_grown,opa,below_best,1200.0,1260.0
SALE_34_2025,low_grown,opa,others,880.0,1180.0
SALE_34_2025,low_grown,op,select_best,1440.0,1550.0
SALE_34_2025,low_grown,op,best,1380.0,1420.0
SALE_34_2025,low_grown,op,below_best,1240.0,1360.0
SALE_34_2025,low_grown,op,others,880.0,1220.0
SALE_34_2025,low_grown,pekoe,select_best,1600.0,2500.0
SALE_34_2025,low_grown,pekoe,best,1480.0,1550.0
SALE_34_2025,low_grown,pekoe,below_best,1280.0,1460.0
SALE_34_2025,low_grown,pekoe,others,900.0,1260.0
SALE_34_2025,low_grown,pek1,select_best,1800.0,2850.0
SALE_34_2025,low_grown,pek1,best,1650.0,1750.0
SALE_34_2025,low_grown,pek1,below_best,1400.0,1600.0
SALE_34_2025,low_grown,pek1,others,1000.0,1380.0
SALE_06_2026,low_grown,fbopf_tippy,select_best,3500.0,3900.0
SALE_06_2026,low_grown,fbopf_tippy,best,2800.0,3450.0
SALE_06_2026,low_grown,fbopf_tippy,below_best,2500.0,2900.0
SALE_06_2026,low_grown,fbopf_tippy,others,1000.0,
SALE_06_2026,low_grown,fbopf1,select_best,1500.0,1650.0
SALE_06_2026,low_grown,fbopf1,best,1400.0,1480.0
SALE_06_2026,low_grown,fbopf1,below_best,1320.0,1340.0
SALE_06_2026,low_grown,fbopf1,others,950.0,1000.0
SALE_06_2026,low_grown,fbopf,select_best,1500.0,1800.0
SALE_06_2026,low_grown,fbopf,best,1350.0,1400.0
SALE_06_2026,low_grown,fbopf,below_best,1250.0,1300.0
SALE_06_2026,low_grown,fbopf,others,900.0,1300.0
SALE_06_2026,low_grown,fbop1,select_best,1600.0,1900.0
SALE_06_2026,low_grown,fbop1,best,1400.0,1450.0
SALE_06_2026,low_grown,fbop1,below_best,1250.0,1300.0
SALE_06_2026,low_grown,fbop1,others,900.0,950.0
SALE_06_2026,low_grown,fbop,select_best,1800.0,2400.0
SALE_06_2026,low_grown,fbop,best,1500.0,1550.0
SALE_06_2026,low_grown,fbop,below_best,1250.0,1300.0
SALE_06_2026,low_grown,fbop,others,900.0,950.0
SALE_06_2026,low_grown,bop1,select_best,2250.0,2950.0
SALE_06_2026,low_grown,bop1,best,1650.0,2200.0
SALE_06_2026,low_grown,bop1,below_best,1240.0,1550.0
SALE_06_2026,low_grown,bop1,others,900.0,1220.0
SALE_06_2026,low_grown,bopf,select_best,1300.0,1500.0
SALE_06_2026,low_grown,bopf,best,900.0,1000.0
SALE_06_2026,low_grown,bopf,below_best,850.0,880.0
SALE_06_2026,low_grown,bopf,others,800.0,850.0
SALE_06_2026,low_grown,bop,select_best,1500.0,1800.0
SALE_06_2026,low_grown,bop,best,1400.0,1450.0
SALE_06_2026,low_grown,bop,below_best,1100.0,1200.0
SALE_06_2026,low_grown,bop,others,900.0,1000.0
SALE_06_2026,low_grown,op1,select_best,3150.0,3700.0
SALE_06_2026,low_grown,op1,best,2500.0,3050.0
SALE_06_2026,low_grown,op1,below_best,1650.0,2450.0
SALE_06_2026,low_grown,op1,others,900.0,1600.0
SALE_06_2026,low_grown,opa,select_best,1380.0,1700.0
SALE_06_2026,low_grown,opa,best,1220.0,1360.0
SALE_06_2026,low_grown,opa,below_best,1120.0,1200.0
SALE_06_2026,low_grown,opa,others,800.0,1100.0
SALE_06_2026,low_grown,op,select_best,1460.0,1700.0
SALE_06_2026,low_grown,op,best,1360.0,1440.0
SALE_06_2026,low_grown,op,below_best,1160.0,1340.0
SALE_06_2026,low_grown,op,others,800.0,1140.0
SALE_06_2026,low_grown,pekoe,select_best,1420.0,2500.0
SALE_06_2026,low_grown,pekoe,best,1260.0,1400.0
SALE_06_2026,low_grown,pekoe,below_best,1180.0,1240.0
SALE_06_2026,low_grown,pekoe,others,850.0,1160.0
SALE_06_2026,low_grown,pek1,select_best,1700.0,2250.0
SALE_06_2026,low_grown,pek1,best,1360.0,1650.0
SALE_06_2026,low_grown,pek1,below_best,1220.0,1340.0
SALE_06_2026,low_grown,pek1,others,900.0,1200.0
SALE_10_2026,low_grown,fbopf1,select_best,1500.0,1650.0
SALE_10_2026,low_grown,fbopf1,best,1380.0,1420.0
SALE_10_2026,low_grown,fbopf1,below_best,1250.0,1300.0
SALE_10_2026,low_grown,fbopf1,others,900.0,950.0
SALE_10_2026,low_grown,fbopf,select_best,1400.0,1500.0
SALE_10_2026,low_grown,fbopf,best,1300.0,1350.0
SALE_10_2026,low_grown,fbopf,below_best,1200.0,1250.0
SALE_10_2026,low_grown,fbopf,others,900.0,1000.0
SALE_10_2026,low_grown,fbop1,select_best,1650.0,1950.0
SALE_10_2026,low_grown,fbop1,best,1400.0,1500.0
SALE_10_2026,low_grown,fbop1,below_best,1300.0,1350.0
SALE_10_2026,low_grown,fbop1,others,900.0,950.0
SALE_10_2026,low_grown,fbop,select_best,1800.0,2500.0
SALE_10_2026,low_grown,fbop,best,1600.0,1650.0
SALE_10_2026,low_grown,fbop,below_best,1300.0,1350.0
SALE_10_2026,low_grown,fbop,others,900.0,950.0
SALE_10_2026,low_grown,bop1,select_best,2250.0,2950.0
SALE_10_2026,low_grown,bop1,best,1650.0,2250.0
SALE_10_2026,low_grown,bop1,below_best,1220.0,1500.0
SALE_10_2026,low_grown,bop1,others,900.0,1200.0
SALE_10_2026,low_grown,bopf,select_best,1300.0,1400.0
SALE_10_2026,low_grown,bopf,best,900.0,1000.0
SALE_10_2026,low_grown,bopf,below_best,800.0,850.0
SALE_10_2026,low_grown,bopf,others,750.0,780.0
SALE_10_2026,low_grown,bop,select_best,1500.0,1800.0
SALE_10_2026,low_grown,bop,best,1400.0,1450.0
SALE_10_2026,low_grown,bop,below_best,1050.0,1150.0
SALE_10_2026,low_grown,bop,others,900.0,950.0
SALE_10_2026,low_grown,op1,select_best,3100.0,3700.0
SALE_10_2026,low_grown,op1,best,2550.0,3050.0
SALE_10_2026,low_grown,op1,below_best,1800.0,2500.0
SALE_10_2026,low_grown,op1,others,950.0,1750.0
SALE_10_2026,low_grown,opa,select_best,1550.0,1950.0
SALE_10_2026,low_grown,opa,best,1360.0,1500.0
SALE_10_2026,low_grown,opa,below_best,1260.0,1340.0
SALE_10_2026,low_grown,opa,others,850.0,1240.0
SALE_10_2026,low_grown,op,select_best,1550.0,1650.0
SALE_10_2026,low_grown,op,best,1440.0,1500.0
SALE_10_2026,low_grown,op,below_best,1300.0,1420.0
SALE_10_2026,low_grown,op,others,850.0,1280.0
SALE_10_2026,low_grown,pekoe,select_best,1480.0,2650.0
SALE_10_2026,low_grown,pekoe,best,1300.0,1460.0
SALE_10_2026,low_grown,pekoe,below_best,1200.0,1280.0
SALE_10_2026,low_grown,pekoe,others,850.0,1180.0
SALE_10_2026,low_grown,pek1,select_best,1750.0,2250.0
SALE_10_2026,low_grown,pek1,best,1400.0,1750.0
SALE_10_2026,low_grown,pek1,below_best,1220.0,1380.0
SALE_10_2026,low_grown,pek1,others,900.0,1200.0
SALE_44_2025,low_grown,fbopf_tippy,select_best,5000.0,6000.0
SALE_44_2025,low_grown,fbopf_tippy,best,3400.0,4300.0
SALE_44_2025,low_grown,fbopf_tippy,below_best,2500.0,2900.0
SALE_44_2025,low_grown,fbopf_tippy,others,1000.0,1100.0
SALE_44_2025,low_grown,fbopf1,select_best,1550.0,1700.0
SALE_44_2025,low_grown,fbopf1,best,1400.0,1450.0
SALE_44_2025,low_grown,fbopf1,below_best,1250.0,1320.0
SALE_44_2025,low_grown,fbopf1,others,950.0,1000.0
SALE_44_2025,low_grown,fbopf,select_best,1600.0,1800.0
SALE_44_2025,low_grown,fbopf,best,1400.0,1450.0
SALE_44_2025,low_grown,fbopf,below_best,1200.0,1250.0
SALE_44_2025,low_grown,fbopf,others,900.0,950.0
SALE_44_2025,low_grown,fbop1,select_best,1650.0,1800.0
SALE_44_2025,low_grown,fbop1,best,1450.0,1500.0
SALE_44_2025,low_grown,fbop1,below_best,1250.0,1300.0
SALE_44_2025,low_grown,fbop1,others,950.0,1000.0
SALE_44_2025,low_grown,fbop,select_best,1900.0,2550.0
SALE_44_2025,low_grown,fbop,best,1500.0,1550.0
SALE_44_2025,low_grown,fbop,below_best,1250.0,1300.0
SALE_44_2025,low_grown,fbop,others,900.0,950.0
SALE_44_2025,low_grown,bop1,select_best,2350.0,3000.0
SALE_44_2025,low_grown,bop1,best,1750.0,2250.0
SALE_44_2025,low_grown,bop1,below_best,1240.0,1400.0
SALE_44_2025,low_grown,bop1,others,900.0,1100.0
SALE_44_2025,low_grown,bopf,select_best,1400.0,1600.0
SALE_44_2025,low_grown,bopf,best,900.0,1000.0
SALE_44_2025,low_grown,bopf,below_best,850.0,900.0
SALE_44_2025,low_grown,bopf,others,800.0,850.0
SALE_44_2025,low_grown,bop,select_best,2000.0,2300.0
SALE_44_2025,low_grown,bop,best,1500.0,1550.0
SALE_44_2025,low_grown,bop,below_best,1200.0,1250.0
SALE_44_2025,low_grown,bop,others,900.0,1000.0
SALE_44_2025,low_grown,op1,select_best,2700.0,3400.0
SALE_44_2025,low_grown,op1,best,2450.0,2650.0
SALE_44_2025,low_grown,op1,below_best,1500.0,2350.0
SALE_44_2025,low_grown,op1,others,900.0,1420.0
SALE_44_2025,low_grown,opa,select_best,1500.0,1900.0
SALE_44_2025,low_grown,opa,best,1360.0,1480.0
SALE_44_2025,low_grown,opa,below_best,1260.0,1340.0
SALE_44_2025,low_grown,opa,others,900.0,1240.0
SALE_44_2025,low_grown,op,select_best,1480.0,1800.0
SALE_44_2025,low_grown,op,best,1420.0,1460.0
SALE_44_2025,low_grown,op,below_best,1300.0,1400.0
SALE_44_2025,low_grown,op,others,900.0,1280.0
SALE_44_2025,low_grown,pekoe,select_best,1440.0,2250.0
SALE_44_2025,low_grown,pekoe,best,1360.0,1420.0
SALE_44_2025,low_grown,pekoe,below_best,1260.0,1340.0
SALE_44_2025,low_grown,pekoe,others,850.0,1240.0
SALE_44_2025,low_grown,pek1,select_best,1900.0,2400.0
SALE_44_2025,low_grown,pek1,best,1600.0,1850.0
SALE_44_2025,low_grown,pek1,below_best,1340.0,1500.0
SALE_44_2025,low_grown,pek1,others,900.0,1320.0
SALE_02_2026,low_grown,fbopf_tippy,select_best,4000.0,5000.0
SALE_02_2026,low_grown,fbopf_tippy,best,3000.0,3800.0
SALE_02_2026,low_grown,fbopf_tippy,below_best,2500.0,2900.0
SALE_02_2026,low_grown,fbopf_tippy,others,1000.0,
SALE_02_2026,low_grown,fbopf1,select_best,1550.0,1650.0
SALE_02_2026,low_grown,fbopf1,best,1460.0,1500.0
SALE_02_2026,low_grown,fbopf1,below_best,1300.0,1350.0
SALE_02_2026,low_grown,fbopf1,others,1000.0,1100.0
SALE_02_2026,low_grown,fbopf,select_best,1600.0,1900.0
SALE_02_2026,low_grown,fbopf,best,1400.0,1500.0
SALE_02_2026,low_grown,fbopf,below_best,1200.0,1300.0
SALE_02_2026,low_grown,fbopf,others,900.0,950.0
SALE_02_2026,low_grown,fbop1,select_best,1600.0,1800.0
SALE_02_2026,low_grown,fbop1,best,1400.0,1450.0
SALE_02_2026,low_grown,fbop1,below_best,1200.0,1300.0
SALE_02_2026,low_grown,fbop1,others,900.0,950.0
SALE_02_2026,low_grown,fbop,select_best,1700.0,2400.0
SALE_02_2026,low_grown,fbop,best,1500.0,1550.0
SALE_02_2026,low_grown,fbop,below_best,1250.0,1300.0
SALE_02_2026,low_grown,fbop,others,900.0,950.0
SALE_02_2026,low_grown,bop1,select_best,2400.0,3100.0
SALE_02_2026,low_grown,bop1,best,1800.0,2300.0
SALE_02_2026,low_grown,bop1,below_best,1400.0,1600.0
SALE_02_2026,low_grown,bop1,others,900.0,1380.0
SALE_02_2026,low_grown,bopf,select_best,1300.0,1600.0
SALE_02_2026,low_grown,bopf,best,900.0,1000.0
SALE_02_2026,low_grown,bopf,below_best,850.0,880.0
SALE_02_2026,low_grown,bopf,others,800.0,850.0
SALE_02_2026,low_grown,bop,select_best,1600.0,2000.0
SALE_02_2026,low_grown,bop,best,1400.0,1500.0
SALE_02_2026,low_grown,bop,below_best,1150.0,1250.0
SALE_02_2026,low_grown,bop,others,900.0,1000.0
SALE_02_2026,low_grown,op1,select_best,2950.0,3600.0
SALE_02_2026,low_grown,op1,best,2600.0,2900.0
SALE_02_2026,low_grown,op1,below_best,1650.0,2550.0
SALE_02_2026,low_grown,op1,others,900.0,1600.0
SALE_02_2026,low_grown,opa,select_best,1380.0,1850.0
SALE_02_2026,low_grown,opa,best,1240.0,1360.0
SALE_02_2026,low_grown,opa,below_best,1140.0,1220.0
SALE_02_2026,low_grown,opa,others,850.0,1120.0
SALE_02_2026,low_grown,op,select_best,1440.0,1650.0
SALE_02_2026,low_grown,op,best,1340.0,1420.0
SALE_02_2026,low_grown,op,below_best,1160.0,1320.0
SALE_02_2026,low_grown,op,others,850.0,1140.0
SALE_02_2026,low_grown,pekoe,select_best,1460.0,2700.0
SALE_02_2026,low_grown,pekoe,best,1280.0,1420.0
SALE_02_2026,low_grown,pekoe,below_best,1180.0,1260.0
SALE_02_2026,low_grown,pekoe,others,850.0,1160.0
SALE_02_2026,low_grown,pek1,select_best,1700.0,2650.0
SALE_02_2026,low_grown,pek1,best,1440.0,1650.0
SALE_02_2026,low_grown,pek1,below_best,1280.0,1420.0
SALE_02_2026,low_grown,pek1,others,900.0,1260.0
SALE_40_2025,low_grown,fbopf_tippy,select_best,4200.0,5200.0
SALE_40_2025,low_grown,fbopf_tippy,best,3200.0,3800.0
SALE_40_2025,low_grown,fbopf_tippy,below_best,2200.0,2400.0
SALE_40_2025,low_grown,fbopf_tippy,others,1000.0,1100.0
SALE_40_2025,low_grown,fbopf1,select_best,1550.0,1650.0
SALE_40_2025,low_grown,fbopf1,best,1380.0,1450.0
SALE_40_2025,low_grown,fbopf1,below_best,1200.0,1250.0
SALE_40_2025,low_grown,fbopf1,others,900.0,950.0
SALE_40_2025,low_grown,fbopf,select_best,1500.0,1600.0
SALE_40_2025,low_grown,fbopf,best,1350.0,1400.0
SALE_40_2025,low_grown,fbopf,below_best,1150.0,1200.0
SALE_40_2025,low_grown,fbopf,others,900.0,950.0
SALE_40_2025,low_grown,fbop1,select_best,1650.0,1850.0
SALE_40_2025,low_grown,fbop1,best,1400.0,1450.0
SALE_40_2025,low_grown,fbop1,below_best,1200.0,1250.0
SALE_40_2025,low_grown,fbop1,others,900.0,1000.0
SALE_40_2025,low_grown,fbop,select_best,1700.0,2300.0
SALE_40_2025,low_grown,fbop,best,1450.0,1500.0
SALE_40_2025,low_grown,fbop,below_best,1200.0,1250.0
SALE_40_2025,low_grown,fbop,others,900.0,950.0
SALE_40_2025,low_grown,bop1,select_best,2350.0,3000.0
SALE_40_2025,low_grown,bop1,best,1750.0,2250.0
SALE_40_2025,low_grown,bop1,below_best,1120.0,1480.0
SALE_40_2025,low_grown,bop1,others,900.0,1120.0
SALE_40_2025,low_grown,bopf,select_best,1400.0,1500.0
SALE_40_2025,low_grown,bopf,best,900.0,1000.0
SALE_40_2025,low_grown,bopf,below_best,850.0,900.0
SALE_40_2025,low_grown,bopf,others,800.0,850.0
SALE_40_2025,low_grown,bop,select_best,1700.0,1800.0
SALE_40_2025,low_grown,bop,best,1400.0,1450.0
SALE_40_2025,low_grown,bop,below_best,1150.0,1200.0
SALE_40_2025,low_grown,bop,others,900.0,1000.0
SALE_40_2025,low_grown,op1,select_best,2550.0,3300.0
SALE_40_2025,low_grown,op1,best,2400.0,2500.0
SALE_40_2025,low_grown,op1,below_best,1400.0,2300.0
SALE_40_2025,low_grown,op1,others,900.0,1340.0
SALE_40_2025,low_grown,opa,select_best,1480.0,1800.0
SALE_40_2025,low_grown,opa,best,1340.0,1460.0
SALE_40_2025,low_grown,opa,below_best,1240.0,1320.0
SALE_40_2025,low_grown,opa,others,900.0,1220.0
SALE_40_2025,low_grown,op,select_best,1460.0,1600.0
SALE_40_2025,low_grown,op,best,1400.0,1440.0
SALE_40_2025,low_grown,op,below_best,1280.0,1380.0
SALE_40_2025,low_grown,op,others,900.0,1260.0
SALE_40_2025,low_grown,pekoe,select_best,1500.0,2450.0
SALE_40_2025,low_grown,pekoe,best,1400.0,1500.0
SALE_40_2025,low_grown,pekoe,below_best,1280.0,1400.0
SALE_40_2025,low_grown,pekoe,others,900.0,1260.0
SALE_40_2025,low_grown,pek1,select_best,1800.0,2500.0
SALE_40_2025,low_grown,pek1,best,1600.0,1750.0
SALE_40_2025,low_grown,pek1,below_best,1400.0,1550.0
SALE_40_2025,low_grown,pek1,others,1000.0,1400.0
SALE_48_2025,low_grown,fbopf_tippy,select_best,5200.0,6200.0
SALE_48_2025,low_grown,fbopf_tippy,best,3500.0,4400.0
SALE_48_2025,low_grown,fbopf_tippy,below_best,2700.0,3000.0
SALE_48_2025,low_grown,fbopf_tippy,others,1000.0,1100.0
SALE_48_2025,low_grown,fbopf1,select_best,1650.0,1850.0
SALE_48_2025,low_grown,fbopf1,best,1500.0,1550.0
SALE_48_2025,low_grown,fbopf1,below_best,1300.0,1350.0
SALE_48_2025,low_grown,fbopf1,others,1000.0,1100.0
SALE_48_2025,low_grown,fbopf,select_best,1800.0,2100.0
SALE_48_2025,low_grown,fbopf,best,1450.0,1550.0
SALE_48_2025,low_grown,fbopf,below_best,1250.0,1300.0
SALE_48_2025,low_grown,fbopf,others,900.0,950.0
SALE_48_2025,low_grown,fbop1,select_best,1800.0,2000.0
SALE_48_2025,low_grown,fbop1,best,1450.0,1500.0
SALE_48_2025,low_grown,fbop1,below_best,1250.0,1300.0
SALE_48_2025,low_grown,fbop1,others,950.0,1000.0
SALE_48_2025,low_grown,fbop,select_best,1900.0,2600.0
SALE_48_2025,low_grown,fbop,best,1550.0,1600.0
SALE_48_2025,low_grown,fbop,below_best,1300.0,1350.0
SALE_48_2025,low_grown,fbop,others,950.0,1000.0
SALE_48_2025,low_grown,bop1,select_best,2350.0,3000.0
SALE_48_2025,low_grown,bop1,best,1750.0,2250.0
SALE_48_2025,low_grown,bop1,below_best,1320.0,1550.0
SALE_48_2025,low_grown,bop1,others,900.0,1240.0
SALE_48_2025,low_grown,bopf,select_best,1450.0,1700.0
SALE_48_2025,low_grown,bopf,best,950.0,1000.0
SALE_48_2025,low_grown,bopf,below_best,850.0,900.0
SALE_48_2025,low_grown,bopf,others,800.0,850.0
SALE_48_2025,low_grown,bop,select_best,1950.0,2300.0
SALE_48_2025,low_grown,bop,best,1500.0,1550.0
SALE_48_2025,low_grown,bop,below_best,1250.0,1300.0
SALE_48_2025,low_grown,bop,others,900.0,1000.0
SALE_48_2025,low_grown,op1,select_best,2900.0,3600.0
SALE_48_2025,low_grown,op1,best,2600.0,2850.0
SALE_48_2025,low_grown,op1,below_best,1650.0,2550.0
SALE_48_2025,low_grown,op1,others,900.0,1550.0
SALE_48_2025,low_grown,opa,select_best,1480.0,1900.0
SALE_48_2025,low_grown,opa,best,1340.0,1460.0
SALE_48_2025,low_grown,opa,below_best,1240.0,1320.0
SALE_48_2025,low_grown,opa,others,850.0,1220.0
SALE_48_2025,low_grown,op,select_best,1550.0,2050.0
SALE_48_2025,low_grown,op,best,1440.0,1500.0
SALE_48_2025,low_grown,op,below_best,1260.0,1420.0
SALE_48_2025,low_grown,op,others,850.0,1240.0
SALE_48_2025,low_grown,pekoe,select_best,1480.0,2350.0
SALE_48_2025,low_grown,pekoe,best,1360.0,1480.0
SALE_48_2025,low_grown,pekoe,below_best,1260.0,1340.0
SALE_48_2025,low_grown,pekoe,others,850.0,1220.0
SALE_48_2025,low_grown,pek1,select_best,1900.0,2450.0
SALE_48_2025,low_grown,pek1,best,1600.0,1850.0
SALE_48_2025,low_grown,pek1,below_best,1300.0,1550.0
SALE_48_2025,low_grown,pek1,others,900.0,1280.0
SALE_36_2025,low_grown,fbopf_tippy,select_best,4000.0,5100.0
SALE_36_2025,low_grown,fbopf_tippy,best,3300.0,3700.0
SALE_36_2025,low_grown,fbopf_tippy,below_best,2100.0,2600.0
SALE_36_2025,low_grown,fbopf_tippy,others,1000.0,
SALE_36_2025,low_grown,fbopf1,select_best,1600.0,1700.0
SALE_36_2025,low_grown,fbopf1,best,1400.0,1500.0
SALE_36_2025,low_grown,fbopf1,below_best,1250.0,1300.0
SALE_36_2025,low_grown,fbopf1,others,900.0,950.0
SALE_36_2025,low_grown,fbopf,select_best,1500.0,1650.0
SALE_36_2025,low_grown,fbopf,best,1350.0,1450.0
SALE_36_2025,low_grown,fbopf,below_best,1100.0,1150.0
SALE_36_2025,low_grown,fbopf,others,900.0,950.0
SALE_36_2025,low_grown,fbop1,select_best,1700.0,1800.0
SALE_36_2025,low_grown,fbop1,best,1400.0,1450.0
SALE_36_2025,low_grown,fbop1,below_best,1200.0,1300.0
SALE_36_2025,low_grown,fbop1,others,900.0,1000.0
SALE_36_2025,low_grown,fbop,select_best,1800.0,2400.0
SALE_36_2025,low_grown,fbop,best,1500.0,1550.0
SALE_36_2025,low_grown,fbop,below_best,1200.0,1300.0
SALE_36_2025,low_grown,fbop,others,900.0,950.0
SALE_36_2025,low_grown,bop1,select_best,2400.0,3000.0
SALE_36_2025,low_grown,bop1,best,1850.0,2350.0
SALE_36_2025,low_grown,bop1,below_best,1200.0,1500.0
SALE_36_2025,low_grown,bop1,others,850.0,1180.0
SALE_36_2025,low_grown,bopf,select_best,1400.0,1500.0
SALE_36_2025,low_grown,bopf,best,950.0,1000.0
SALE_36_2025,low_grown,bopf,below_best,850.0,900.0
SALE_36_2025,low_grown,bopf,others,800.0,850.0
SALE_36_2025,low_grown,bop,select_best,1800.0,2300.0
SALE_36_2025,low_grown,bop,best,1400.0,1500.0
SALE_36_2025,low_grown,bop,below_best,1200.0,1300.0
SALE_36_2025,low_grown,bop,others,900.0,1000.0
SALE_36_2025,low_grown,op1,select_best,2550.0,3300.0
SALE_36_2025,low_grown,op1,best,2300.0,2500.0
SALE_36_2025,low_grown,op1,below_best,1360.0,2250.0
SALE_36_2025,low_grown,op1,others,900.0,1340.0
SALE_36_2025,low_grown,opa,select_best,1480.0,1950.0
SALE_36_2025,low_grown,opa,best,1320.0,1460.0
SALE_36_2025,low_grown,opa,below_best,1240.0,1300.0
SALE_36_2025,low_grown,opa,others,920.0,1220.0
SALE_36_2025,low_grown,op,select_best,1480.0,1650.0
SALE_36_2025,low_grown,op,best,1420.0,1460.0
SALE_36_2025,low_grown,op,below_best,1280.0,1400.0
SALE_36_2025,low_grown,op,others,900.0,1260.0
SALE_36_2025,low_grown,pekoe,select_best,1700.0,3050.0
SALE_36_2025,low_grown,pekoe,best,1500.0,1650.0
SALE_36_2025,low_grown,pekoe,below_best,1300.0,1480.0
SALE_36_2025,low_grown,pekoe,others,900.0,1280.0
SALE_36_2025,low_grown,pek1,select_best,1850.0,3050.0
SALE_36_2025,low_grown,pek1,best,1700.0,1800.0
SALE_36_2025,low_grown,pek1,below_best,1460.0,1650.0
SALE_36_2025,low_grown,pek1,others,1000.0,1440.0
SALE_07_2026,low_grown,fbopf_tippy,select_best,3800.0,4100.0
SALE_07_2026,low_grown,fbopf_tippy,best,3000.0,3600.0
SALE_07_2026,low_grown,fbopf_tippy,below_best,2800.0,2950.0
SALE_07_2026,low_grown,fbopf_tippy,others,1000.0,
SALE_07_2026,low_grown,fbopf1,select_best,1500.0,1650.0
SALE_07_2026,low_grown,fbopf1,best,1400.0,1480.0
SALE_07_2026,low_grown,fbopf1,below_best,1320.0,1340.0
SALE_07_2026,low_grown,fbopf1,others,950.0,1000.0
SALE_07_2026,low_grown,fbopf,select_best,1600.0,1900.0
SALE_07_2026,low_grown,fbopf,best,1400.0,1450.0
SALE_07_2026,low_grown,fbopf,below_best,1300.0,1350.0
SALE_07_2026,low_grown,fbopf,others,950.0,1350.0
SALE_07_2026,low_grown,fbop1,select_best,1700.0,2000.0
SALE_07_2026,low_grown,fbop1,best,1450.0,1500.0
SALE_07_2026,low_grown,fbop1,below_best,1300.0,1350.0
SALE_07_2026,low_grown,fbop1,others,950.0,1000.0
SALE_07_2026,low_grown,fbop,select_best,1900.0,2500.0
SALE_07_2026,low_grown,fbop,best,1600.0,1650.0
SALE_07_2026,low_grown,fbop,below_best,1300.0,1350.0
SALE_07_2026,low_grown,fbop,others,950.0,1000.0
SALE_07_2026,low_grown,bop1,select_best,2250.0,3000.0
SALE_07_2026,low_grown,bop1,best,1650.0,2200.0
SALE_07_2026,low_grown,bop1,below_best,1260.0,1550.0
SALE_07_2026,low_grown,bop1,others,900.0,1240.0
SALE_07_2026,low_grown,bopf,select_best,1300.0,1500.0
SALE_07_2026,low_grown,bopf,best,900.0,1000.0
SALE_07_2026,low_grown,bopf,below_best,850.0,880.0
SALE_07_2026,low_grown,bopf,others,800.0,850.0
SALE_07_2026,low_grown,bop,select_best,1500.0,1800.0
SALE_07_2026,low_grown,bop,best,1400.0,1450.0
SALE_07_2026,low_grown,bop,below_best,1150.0,1250.0
SALE_07_2026,low_grown,bop,others,950.0,1050.0
SALE_07_2026,low_grown,op1,select_best,3150.0,3600.0
SALE_07_2026,low_grown,op1,best,2550.0,3100.0
SALE_07_2026,low_grown,op1,below_best,1650.0,2500.0
SALE_07_2026,low_grown,op1,others,950.0,1600.0
SALE_07_2026,low_grown,opa,select_best,1420.0,1800.0
SALE_07_2026,low_grown,opa,best,1260.0,1400.0
SALE_07_2026,low_grown,opa,below_best,1160.0,1240.0
SALE_07_2026,low_grown,opa,others,850.0,1140.0
SALE_07_2026,low_grown,op,select_best,1500.0,1800.0
SALE_07_2026,low_grown,op,best,1400.0,1480.0
SALE_07_2026,low_grown,op,below_best,1200.0,1380.0
SALE_07_2026,low_grown,op,others,850.0,1180.0
SALE_07_2026,low_grown,pekoe,select_best,1460.0,2650.0
SALE_07_2026,low_grown,pekoe,best,1260.0,1440.0
SALE_07_2026,low_grown,pekoe,below_best,1180.0,1240.0
SALE_07_2026,low_grown,pekoe,others,850.0,1160.0
SALE_07_2026,low_grown,pek1,select_best,1750.0,2450.0
SALE_07_2026,low_grown,pek1,best,1360.0,1700.0
SALE_07_2026,low_grown,pek1,below_best,1220.0,1340.0
SALE_07_2026,low_grown,pek1,others,900.0,1200.0
SALE_45_2025,low_grown,fbopf_tippy,select_best,5200.0,6200.0
SALE_45_2025,low_grown,fbopf_tippy,best,3500.0,4400.0
SALE_45_2025,low_grown,fbopf_tippy,below_best,2700.0,3000.0
SALE_45_2025,low_grown,fbopf_tippy,others,1000.0,1100.0
SALE_45_2025,low_grown,fbopf1,select_best,1600.0,1750.0
SALE_45_2025,low_grown,fbopf1,best,1450.0,1500.0
SALE_45_2025,low_grown,fbopf1,below_best,1280.0,1320.0
SALE_45_2025,low_grown,fbopf1,others,950.0,1000.0
SALE_45_2025,low_grown,fbopf,select_best,1650.0,1900.0
SALE_45_2025,low_grown,fbopf,best,1400.0,1500.0
SALE_45_2025,low_grown,fbopf,below_best,1200.0,1250.0
SALE_45_2025,low_grown,fbopf,others,900.0,950.0
SALE_45_2025,low_grown,fbop1,select_best,1700.0,1900.0
SALE_45_2025,low_grown,fbop1,best,1450.0,1500.0
SALE_45_2025,low_grown,fbop1,below_best,1250.0,1300.0
SALE_45_2025,low_grown,fbop1,others,950.0,1000.0
SALE_45_2025,low_grown,fbop,select_best,1950.0,2600.0
SALE_45_2025,low_grown,fbop,best,1500.0,1550.0
SALE_45_2025,low_grown,fbop,below_best,1250.0,1300.0
SALE_45_2025,low_grown,fbop,others,900.0,950.0
SALE_45_2025,low_grown,bop1,select_best,2350.0,3050.0
SALE_45_2025,low_grown,bop1,best,1750.0,2250.0
SALE_45_2025,low_grown,bop1,below_best,1240.0,1500.0
SALE_45_2025,low_grown,bop1,others,900.0,1160.0
SALE_45_2025,low_grown,bopf,select_best,1400.0,1600.0
SALE_45_2025,low_grown,bopf,best,900.0,1000.0
SALE_45_2025,low_grown,bopf,below_best,850.0,900.0
SALE_45_2025,low_grown,bopf,others,800.0,850.0
SALE_45_2025,low_grown,bop,select_best,2000.0,2300.0
SALE_45_2025,low_grown,bop,best,1500.0,1550.0
SALE_45_2025,low_grown,bop,below_best,1200.0,1250.0
SALE_45_2025,low_grown,bop,others,900.0,1000.0
SALE_45_2025,low_grown,op1,select_best,2800.0,3400.0
SALE_45_2025,low_grown,op1,best,2550.0,2750.0
SALE_45_2025,low_grown,op1,below_best,1500.0,2450.0
SALE_45_2025,low_grown,op1,others,900.0,1420.0
SALE_45_2025,low_grown,opa,select_best,1500.0,1950.0
SALE_45_2025,low_grown,opa,best,1360.0,1480.0
SALE_45_2025,low_grown,opa,below_best,1260.0,1340.0
SALE_45_2025,low_grown,opa,others,900.0,1240.0
SALE_45_2025,low_grown,op,select_best,1500.0,1650.0
SALE_45_2025,low_grown,op,best,1420.0,1480.0
SALE_45_2025,low_grown,op,below_best,1300.0,1400.0
SALE_45_2025,low_grown,op,others,900.0,1280.0
SALE_45_2025,low_grown,pekoe,select_best,1440.0,2550.0
SALE_45_2025,low_grown,pekoe,best,1360.0,1420.0
SALE_45_2025,low_grown,pekoe,below_best,1260.0,1340.0
SALE_45_2025,low_grown,pekoe,others,850.0,1240.0
SALE_45_2025,low_grown,pek1,select_best,1850.0,2550.0
SALE_45_2025,low_grown,pek1,best,1550.0,1800.0
SALE_45_2025,low_grown,pek1,below_best,1320.0,1500.0
SALE_45_2025,low_grown,pek1,others,900.0,1300.0
SALE_05_2026,low_grown,fbopf_tippy,select_best,4000.0,4950.0
SALE_05_2026,low_grown,fbopf_tippy,best,3000.0,3800.0
SALE_05_2026,low_grown,fbopf_tippy,below_best,2500.0,2900.0
SALE_05_2026,low_grown,fbopf_tippy,others,1000.0,
SALE_05_2026,low_grown,fbopf1,select_best,1550.0,1650.0
SALE_05_2026,low_grown,fbopf1,best,1450.0,1500.0
SALE_05_2026,low_grown,fbopf1,below_best,1340.0,1380.0
SALE_05_2026,low_grown,fbopf1,others,950.0,1000.0
SALE_05_2026,low_grown,fbopf,select_best,1400.0,1600.0
SALE_05_2026,low_grown,fbopf,best,1300.0,1350.0
SALE_05_2026,low_grown,fbopf,below_best,1200.0,1300.0
SALE_05_2026,low_grown,fbopf,others,900.0,950.0
SALE_05_2026,low_grown,fbop1,select_best,1600.0,1900.0
SALE_05_2026,low_grown,fbop1,best,1400.0,1450.0
SALE_05_2026,low_grown,fbop1,below_best,1200.0,1250.0
SALE_05_2026,low_grown,fbop1,others,900.0,950.0
SALE_05_2026,low_grown,fbop,select_best,1800.0,2500.0
SALE_05_2026,low_grown,fbop,best,1480.0,1550.0
SALE_05_2026,low_grown,fbop,below_best,1200.0,1250.0
SALE_05_2026,low_grown,fbop,others,900.0,950.0
SALE_05_2026,low_grown,bop1,select_best,2250.0,3000.0
SALE_05_2026,low_grown,bop1,best,1600.0,2200.0
SALE_05_2026,low_grown,bop1,below_best,1260.0,1500.0
SALE_05_2026,low_grown,bop1,others,900.0,1240.0
SALE_05_2026,low_grown,bopf,select_best,1300.0,1400.0
SALE_05_2026,low_grown,bopf,best,900.0,1000.0
SALE_05_2026,low_grown,bopf,below_best,850.0,880.0
SALE_05_2026,low_grown,bopf,others,800.0,850.0
SALE_05_2026,low_grown,bop,select_best,1500.0,1800.0
SALE_05_2026,low_grown,bop,best,1400.0,1450.0
SALE_05_2026,low_grown,bop,below_best,1100.0,1200.0
SALE_05_2026,low_grown,bop,others,900.0,1000.0
SALE_05_2026,low_grown,op1,select_best,3100.0,3800.0
SALE_05_2026,low_grown,op1,best,2450.0,3000.0
SALE_05_2026,low_grown,op1,below_best,1650.0,2400.0
SALE_05_2026,low_grown,op1,others,900.0,1600.0
SALE_05_2026,low_grown,opa,select_best,1360.0,1600.0
SALE_05_2026,low_grown,opa,best,1200.0,1340.0
SALE_05_2026,low_grown,opa,below_best,1100.0,1180.0
SALE_05_2026,low_grown,opa,others,800.0,1080.0
SALE_05_2026,low_grown,op,select_best,1440.0,1600.0
SALE_05_2026,low_grown,op,best,1340.0,1420.0
SALE_05_2026,low_grown,op,below_best,1140.0,1320.0
SALE_05_2026,low_grown,op,others,800.0,1120.0
SALE_05_2026,low_grown,pekoe,select_best,1440.0,2250.0
SALE_05_2026,low_grown,pekoe,best,1280.0,1420.0
SALE_05_2026,low_grown,pekoe,below_best,1180.0,1260.0
SALE_05_2026,low_grown,pekoe,others,850.0,1160.0
SALE_05_2026,low_grown,pek1,select_best,1650.0,2200.0
SALE_05_2026,low_grown,pek1,best,1360.0,1600.0
SALE_05_2026,low_grown,pek1,below_best,1240.0,1340.0
SALE_05_2026,low_grown,pek1,others,900.0,1260.0
SALE_03_2026,low_grown,fbopf_tippy,select_best,4000.0,5000.0
SALE_03_2026,low_grown,fbopf_tippy,best,3000.0,3800.0
SALE_03_2026,low_grown,fbopf_tippy,below_best,2500.0,2900.0
SALE_03_2026,low_grown,fbopf_tippy,others,1000.0,
SALE_03_2026,low_grown,fbopf1,select_best,1500.0,1650.0
SALE_03_2026,low_grown,fbopf1,best,1440.0,1480.0
SALE_03_2026,low_grown,fbopf1,below_best,1300.0,1350.0
SALE_03_2026,low_grown,fbopf1,others,950.0,1000.0
SALE_03_2026,low_grown,fbopf,select_best,1400.0,1600.0
SALE_03_2026,low_grown,fbopf,best,1300.0,1350.0
SALE_03_2026,low_grown,fbopf,below_best,1200.0,1300.0
SALE_03_2026,low_grown,fbopf,others,900.0,950.0
SALE_03_2026,low_grown,fbop1,select_best,1500.0,1800.0
SALE_03_2026,low_grown,fbop1,best,1400.0,1450.0
SALE_03_2026,low_grown,fbop1,below_best,1200.0,1300.0
SALE_03_2026,low_grown,fbop1,others,900.0,950.0
SALE_03_2026,low_grown,fbop,select_best,1700.0,2400.0
SALE_03_2026,low_grown,fbop,best,1480.0,1550.0
SALE_03_2026,low_grown,fbop,below_best,1250.0,1300.0
SALE_03_2026,low_grown,fbop,others,900.0,950.0
SALE_03_2026,low_grown,bop1,select_best,2400.0,3000.0
SALE_03_2026,low_grown,bop1,best,1700.0,2300.0
SALE_03_2026,low_grown,bop1,below_best,1340.0,1550.0
SALE_03_2026,low_grown,bop1,others,900.0,1300.0
SALE_03_2026,low_grown,bopf,select_best,1300.0,1500.0
SALE_03_2026,low_grown,bopf,best,900.0,1000.0
SALE_03_2026,low_grown,bopf,below_best,850.0,880.0
SALE_03_2026,low_grown,bopf,others,800.0,850.0
SALE_03_2026,low_grown,bop,select_best,1500.0,1800.0
SALE_03_2026,low_grown,bop,best,1400.0,1450.0
SALE_03_2026,low_grown,bop,below_best,1100.0,1200.0
SALE_03_2026,low_grown,bop,others,900.0,1000.0
SALE_03_2026,low_grown,op1,select_best,3000.0,3700.0
SALE_03_2026,low_grown,op1,best,2500.0,2900.0
SALE_03_2026,low_grown,op1,below_best,1650.0,2450.0
SALE_03_2026,low_grown,op1,others,900.0,1600.0
SALE_03_2026,low_grown,opa,select_best,1400.0,1850.0
SALE_03_2026,low_grown,opa,best,1260.0,1380.0
SALE_03_2026,low_grown,opa,below_best,1160.0,1240.0
SALE_03_2026,low_grown,opa,others,850.0,1140.0
SALE_03_2026,low_grown,op,select_best,1480.0,1600.0
SALE_03_2026,low_grown,op,best,1360.0,1460.0
SALE_03_2026,low_grown,op,below_best,1180.0,1340.0
SALE_03_2026,low_grown,op,others,850.0,1160.0
SALE_03_2026,low_grown,pekoe,select_best,1460.0,2250.0
SALE_03_2026,low_grown,pekoe,best,1280.0,1420.0
SALE_03_2026,low_grown,pekoe,below_best,1180.0,1260.0
SALE_03_2026,low_grown,pekoe,others,850.0,1160.0
SALE_03_2026,low_grown,pek1,select_best,1700.0,2350.0
SALE_03_2026,low_grown,pek1,best,1400.0,1650.0
SALE_03_2026,low_grown,pek1,below_best,1280.0,1380.0
SALE_03_2026,low_grown,pek1,others,900.0,1260.0
SALE_41_2025,low_grown,fbopf_tippy,select_best,4500.0,5500.0
SALE_41_2025,low_grown,fbopf_tippy,best,3500.0,4200.0
SALE_41_2025,low_grown,fbopf_tippy,below_best,2500.0,2800.0
SALE_41_2025,low_grown,fbopf_tippy,others,1000.0,1100.0
SALE_41_2025,low_grown,fbopf1,select_best,1550.0,1700.0
SALE_41_2025,low_grown,fbopf1,best,1400.0,1450.0
SALE_41_2025,low_grown,fbopf1,below_best,1200.0,1250.0
SALE_41_2025,low_grown,fbopf1,others,900.0,950.0
SALE_41_2025,low_grown,fbopf,select_best,1550.0,1650.0
SALE_41_2025,low_grown,fbopf,best,1350.0,1400.0
SALE_41_2025,low_grown,fbopf,below_best,1150.0,1200.0
SALE_41_2025,low_grown,fbopf,others,900.0,950.0
SALE_41_2025,low_grown,fbop1,select_best,1700.0,1900.0
SALE_41_2025,low_grown,fbop1,best,1450.0,1500.0
SALE_41_2025,low_grown,fbop1,below_best,1200.0,1250.0
SALE_41_2025,low_grown,fbop1,others,900.0,1000.0
SALE_41_2025,low_grown,fbop,select_best,1800.0,2400.0
SALE_41_2025,low_grown,fbop,best,1500.0,1550.0
SALE_41_2025,low_grown,fbop,below_best,1250.0,1300.0
SALE_41_2025,low_grown,fbop,others,900.0,950.0
SALE_41_2025,low_grown,bop1,select_best,2350.0,2950.0
SALE_41_2025,low_grown,bop1,best,1750.0,2250.0
SALE_41_2025,low_grown,bop1,below_best,1200.0,1480.0
SALE_41_2025,low_grown,bop1,others,900.0,1180.0
SALE_41_2025,low_grown,bopf,select_best,1400.0,1600.0
SALE_41_2025,low_grown,bopf,best,900.0,1000.0
SALE_41_2025,low_grown,bopf,below_best,850.0,900.0
SALE_41_2025,low_grown,bopf,others,800.0,850.0
SALE_41_2025,low_grown,bop,select_best,1700.0,1800.0
SALE_41_2025,low_grown,bop,best,1400.0,1450.0
SALE_41_2025,low_grown,bop,below_best,1150.0,1200.0
SALE_41_2025,low_grown,bop,others,900.0,1000.0
SALE_41_2025,low_grown,op1,select_best,2600.0,3450.0
SALE_41_2025,low_grown,op1,best,2400.0,2550.0
SALE_41_2025,low_grown,op1,below_best,1400.0,2300.0
SALE_41_2025,low_grown,op1,others,900.0,1340.0
SALE_41_2025,low_grown,opa,select_best,1480.0,1950.0
SALE_41_2025,low_grown,opa,best,1340.0,1460.0
SALE_41_2025,low_grown,opa,below_best,1260.0,1320.0
SALE_41_2025,low_grown,opa,others,900.0,1240.0
SALE_41_2025,low_grown,op,select_best,1460.0,1700.0
SALE_41_2025,low_grown,op,best,1400.0,1440.0
SALE_41_2025,low_grown,op,below_best,1300.0,1380.0
SALE_41_2025,low_grown,op,others,900.0,1280.0
SALE_41_2025,low_grown,pekoe,select_best,1480.0,2300.0
SALE_41_2025,low_grown,pekoe,best,1380.0,1460.0
SALE_41_2025,low_grown,pekoe,below_best,1280.0,1360.0
SALE_41_2025,low_grown,pekoe,others,900.0,1260.0
SALE_41_2025,low_grown,pek1,select_best,1850.0,2400.0
SALE_41_2025,low_grown,pek1,best,1600.0,1800.0
SALE_41_2025,low_grown,pek1,below_best,1380.0,1550.0
SALE_41_2025,low_grown,pek1,others,1000.0,1360.0
SALE_49_2025,low_grown,fbopf_tippy,select_best,5200.0,6200.0
SALE_49_2025,low_grown,fbopf_tippy,best,3550.0,4500.0
SALE_49_2025,low_grown,fbopf_tippy,below_best,2750.0,3000.0
SALE_49_2025,low_grown,fbopf_tippy,others,1000.0,1100.0
SALE_49_2025,low_grown,fbopf1,select_best,1650.0,1850.0
SALE_49_2025,low_grown,fbopf1,best,1500.0,1550.0
SALE_49_2025,low_grown,fbopf1,below_best,1300.0,1350.0
SALE_49_2025,low_grown,fbopf1,others,1000.0,1100.0
SALE_49_2025,low_grown,fbopf,select_best,1800.0,2100.0
SALE_49_2025,low_grown,fbopf,best,1450.0,1550.0
SALE_49_2025,low_grown,fbopf,below_best,1250.0,1300.0
SALE_49_2025,low_grown,fbopf,others,900.0,950.0
SALE_49_2025,low_grown,fbop1,select_best,1700.0,1900.0
SALE_49_2025,low_grown,fbop1,best,1450.0,1500.0
SALE_49_2025,low_grown,fbop1,below_best,1250.0,1300.0
SALE_49_2025,low_grown,fbop1,others,950.0,1000.0
SALE_49_2025,low_grown,fbop,select_best,1800.0,2500.0
SALE_49_2025,low_grown,fbop,best,1550.0,1600.0
SALE_49_2025,low_grown,fbop,below_best,1300.0,1350.0
SALE_49_2025,low_grown,fbop,others,1000.0,1100.0
SALE_49_2025,low_grown,bop1,select_best,2400.0,3000.0
SALE_49_2025,low_grown,bop1,best,1800.0,2300.0
SALE_49_2025,low_grown,bop1,below_best,1360.0,1600.0
SALE_49_2025,low_grown,bop1,others,900.0,1300.0
SALE_49_2025,low_grown,bopf,select_best,1450.0,1700.0
SALE_49_2025,low_grown,bopf,best,950.0,1000.0
SALE_49_2025,low_grown,bopf,below_best,850.0,900.0
SALE_49_2025,low_grown,bopf,others,800.0,850.0
SALE_49_2025,low_grown,bop,select_best,1900.0,2200.0
SALE_49_2025,low_grown,bop,best,1500.0,1550.0
SALE_49_2025,low_grown,bop,below_best,1250.0,1300.0
SALE_49_2025,low_grown,bop,others,950.0,1050.0
SALE_49_2025,low_grown,op1,select_best,2950.0,3600.0
SALE_49_2025,low_grown,op1,best,2650.0,2900.0
SALE_49_2025,low_grown,op1,below_best,1650.0,2650.0
SALE_49_2025,low_grown,op1,others,900.0,1550.0
SALE_49_2025,low_grown,opa,select_best,1460.0,2000.0
SALE_49_2025,low_grown,opa,best,1320.0,1440.0
SALE_49_2025,low_grown,opa,below_best,1220.0,1300.0
SALE_49_2025,low_grown,opa,others,850.0,1200.0
SALE_49_2025,low_grown,op,select_best,1550.0,1900.0
SALE_49_2025,low_grown,op,best,1420.0,1500.0
SALE_49_2025,low_grown,op,below_best,1240.0,1400.0
SALE_49_2025,low_grown,op,others,850.0,1220.0
SALE_49_2025,low_grown,pekoe,select_best,1460.0,2500.0
SALE_49_2025,low_grown,pekoe,best,1300.0,1440.0
SALE_49_2025,low_grown,pekoe,below_best,1200.0,1280.0
SALE_49_2025,low_grown,pekoe,others,850.0,1180.0
SALE_49_2025,low_grown,pek1,select_best,1800.0,2500.0
SALE_49_2025,low_grown,pek1,best,1550.0,1750.0
SALE_49_2025,low_grown,pek1,below_best,1300.0,1500.0
SALE_49_2025,low_grown,pek1,others,900.0,1280.0
SALE_08_2026,low_grown,fbopf_tippy,select_best,4000.0,4500.0
SALE_08_2026,low_grown,fbopf_tippy,best,3200.0,3800.0
SALE_08_2026,low_grown,fbopf_tippy,below_best,3000.0,3150.0
SALE_08_2026,low_grown,fbopf_tippy,others,1000.0,
SALE_08_2026,low_grown,fbopf1,select_best,1500.0,1650.0
SALE_08_2026,low_grown,fbopf1,best,1400.0,1480.0
SALE_08_2026,low_grown,fbopf1,below_best,1320.0,1340.0
SALE_08_2026,low_grown,fbopf1,others,950.0,1000.0
SALE_08_2026,low_grown,fbopf,select_best,1500.0,1700.0
SALE_08_2026,low_grown,fbopf,best,1400.0,1450.0
SALE_08_2026,low_grown,fbopf,below_best,1300.0,1350.0
SALE_08_2026,low_grown,fbopf,others,950.0,1350.0
SALE_08_2026,low_grown,fbop1,select_best,1700.0,2000.0
SALE_08_2026,low_grown,fbop1,best,1450.0,1500.0
SALE_08_2026,low_grown,fbop1,below_best,1300.0,1350.0
SALE_08_2026,low_grown,fbop1,others,950.0,1000.0
SALE_08_2026,low_grown,fbop,select_best,1900.0,2500.0
SALE_08_2026,low_grown,fbop,best,1600.0,1650.0
SALE_08_2026,low_grown,fbop,below_best,1300.0,1350.0
SALE_08_2026,low_grown,fbop,others,950.0,1000.0
SALE_08_2026,low_grown,bop1,select_best,2250.0,3000.0
SALE_08_2026,low_grown,bop1,best,1650.0,2250.0
SALE_08_2026,low_grown,bop1,below_best,1260.0,1550.0
SALE_08_2026,low_grown,bop1,others,900.0,1240.0
SALE_08_2026,low_grown,bopf,select_best,1300.0,1500.0
SALE_08_2026,low_grown,bopf,best,900.0,1000.0
SALE_08_2026,low_grown,bopf,below_best,850.0,880.0
SALE_08_2026,low_grown,bopf,others,800.0,850.0
SALE_08_2026,low_grown,bop,select_best,1500.0,1800.0
SALE_08_2026,low_grown,bop,best,1400.0,1450.0
SALE_08_2026,low_grown,bop,below_best,1150.0,1250.0
SALE_08_2026,low_grown,bop,others,950.0,1050.0
SALE_08_2026,low_grown,op1,select_best,3100.0,3550.0
SALE_08_2026,low_grown,op1,best,2500.0,3050.0
SALE_08_2026,low_grown,op1,below_best,1700.0,2450.0
SALE_08_2026,low_grown,op1,others,950.0,1650.0
SALE_08_2026,low_grown,opa,select_best,1460.0,1800.0
SALE_08_2026,low_grown,opa,best,1300.0,1440.0
SALE_08_2026,low_grown,opa,below_best,1200.0,1280.0
SALE_08_2026,low_grown,opa,others,850.0,1180.0
SALE_08_2026,low_grown,op,select_best,1500.0,1650.0
SALE_08_2026,low_grown,op,best,1400.0,1480.0
SALE_08_2026,low_grown,op,below_best,1240.0,1380.0
SALE_08_2026,low_grown,op,others,850.0,1220.0
SALE_08_2026,low_grown,pekoe,select_best,1500.0,2650.0
SALE_08_2026,low_grown,pekoe,best,1300.0,1480.0
SALE_08_2026,low_grown,pekoe,below_best,1200.0,1280.0
SALE_08_2026,low_grown,pekoe,others,850.0,1180.0
SALE_08_2026,low_grown,pek1,select_best,1750.0,2650.0
SALE_08_2026,low_grown,pek1,best,1360.0,1700.0
SALE_08_2026,low_grown,pek1,below_best,1220.0,1340.0
SALE_08_2026,low_grown,pek1,others,900.0,1200.0
SALE_46_2025,low_grown,fbopf_tippy,select_best,5200.0,6200.0
SALE_46_2025,low_grown,fbopf_tippy,best,3500.0,4400.0
SALE_46_2025,low_grown,fbopf_tippy,below_best,2700.0,3000.0
SALE_46_2025,low_grown,fbopf_tippy,others,1000.0,1100.0
SALE_46_2025,low_grown,fbopf1,select_best,1600.0,1750.0
SALE_46_2025,low_grown,fbopf1,best,1450.0,1500.0
SALE_46_2025,low_grown,fbopf1,below_best,1250.0,1300.0
SALE_46_2025,low_grown,fbopf1,others,950.0,1000.0
SALE_46_2025,low_grown,fbopf,select_best,1650.0,1900.0
SALE_46_2025,low_grown,fbopf,best,1400.0,1500.0
SALE_46_2025,low_grown,fbopf,below_best,1200.0,1250.0
SALE_46_2025,low_grown,fbopf,others,900.0,950.0
SALE_46_2025,low_grown,fbop1,select_best,1800.0,2000.0
SALE_46_2025,low_grown,fbop1,best,1450.0,1500.0
SALE_46_2025,low_grown,fbop1,below_best,1250.0,1300.0
SALE_46_2025,low_grown,fbop1,others,950.0,1000.0
SALE_46_2025,low_grown,fbop,select_best,1900.0,2600.0
SALE_46_2025,low_grown,fbop,best,1500.0,1550.0
SALE_46_2025,low_grown,fbop,below_best,1250.0,1300.0
SALE_46_2025,low_grown,fbop,others,900.0,950.0
SALE_46_2025,low_grown,bop1,select_best,2350.0,2900.0
SALE_46_2025,low_grown,bop1,best,1750.0,2250.0
SALE_46_2025,low_grown,bop1,below_best,1300.0,1550.0
SALE_46_2025,low_grown,bop1,others,900.0,1200.0
SALE_46_2025,low_grown,bopf,select_best,1400.0,1600.0
SALE_46_2025,low_grown,bopf,best,900.0,1000.0
SALE_46_2025,low_grown,bopf,below_best,850.0,900.0
SALE_46_2025,low_grown,bopf,others,800.0,850.0
SALE_46_2025,low_grown,bop,select_best,1900.0,2200.0
SALE_46_2025,low_grown,bop,best,1500.0,1550.0
SALE_46_2025,low_grown,bop,below_best,1200.0,1250.0
SALE_46_2025,low_grown,bop,others,900.0,1000.0
SALE_46_2025,low_grown,op1,select_best,2850.0,3400.0
SALE_46_2025,low_grown,op1,best,2550.0,2800.0
SALE_46_2025,low_grown,op1,below_best,1550.0,2500.0
SALE_46_2025,low_grown,op1,others,900.0,1460.0
SALE_46_2025,low_grown,opa,select_best,1480.0,1900.0
SALE_46_2025,low_grown,opa,best,1340.0,1460.0
SALE_46_2025,low_grown,opa,below_best,1240.0,1320.0
SALE_46_2025,low_grown,opa,others,900.0,1220.0
SALE_46_2025,low_grown,op,select_best,1500.0,1700.0
SALE_46_2025,low_grown,op,best,1400.0,1460.0
SALE_46_2025,low_grown,op,below_best,1280.0,1380.0
SALE_46_2025,low_grown,op,others,900.0,1260.0
SALE_46_2025,low_grown,pekoe,select_best,1440.0,2450.0
SALE_46_2025,low_grown,pekoe,best,1340.0,1420.0
SALE_46_2025,low_grown,pekoe,below_best,1240.0,1320.0
SALE_46_2025,low_grown,pekoe,others,850.0,1220.0
SALE_46_2025,low_grown,pek1,select_best,1850.0,2600.0
SALE_46_2025,low_grown,pek1,best,1550.0,1800.0
SALE_46_2025,low_grown,pek1,below_best,1300.0,1500.0
SALE_46_2025,low_grown,pek1,others,900.0,1280.0
SALE_04_2026,low_grown,fbopf_tippy,select_best,4000.0,5000.0
SALE_04_2026,low_grown,fbopf_tippy,best,3000.0,3800.0
SALE_04_2026,low_grown,fbopf_tippy,below_best,2500.0,2900.0
SALE_04_2026,low_grown,fbopf_tippy,others,1000.0,
SALE_04_2026,low_grown,fbopf1,select_best,1550.0,1650.0
SALE_04_2026,low_grown,fbopf1,best,1450.0,1500.0
SALE_04_2026,low_grown,fbopf1,below_best,1340.0,1380.0
SALE_04_2026,low_grown,fbopf1,others,950.0,1000.0
SALE_04_2026,low_grown,fbopf,select_best,1400.0,1600.0
SALE_04_2026,low_grown,fbopf,best,1300.0,1350.0
SALE_04_2026,low_grown,fbopf,below_best,1200.0,1300.0
SALE_04_2026,low_grown,fbopf,others,900.0,950.0
SALE_04_2026,low_grown,fbop1,select_best,1600.0,1900.0
SALE_04_2026,low_grown,fbop1,best,1400.0,1450.0
SALE_04_2026,low_grown,fbop1,below_best,1200.0,1300.0
SALE_04_2026,low_grown,fbop1,others,900.0,950.0
SALE_04_2026,low_grown,fbop,select_best,1800.0,2400.0
SALE_04_2026,low_grown,fbop,best,1480.0,1550.0
SALE_04_2026,low_grown,fbop,below_best,1200.0,1300.0
SALE_04_2026,low_grown,fbop,others,900.0,950.0
SALE_04_2026,low_grown,bop1,select_best,2300.0,3000.0
SALE_04_2026,low_grown,bop1,best,1600.0,2250.0
SALE_04_2026,low_grown,bop1,below_best,1300.0,1500.0
SALE_04_2026,low_grown,bop1,others,900.0,1280.0
SALE_04_2026,low_grown,bopf,select_best,1300.0,1400.0
SALE_04_2026,low_grown,bopf,best,900.0,1000.0
SALE_04_2026,low_grown,bopf,below_best,850.0,880.0
SALE_04_2026,low_grown,bopf,others,800.0,850.0
SALE_04_2026,low_grown,bop,select_best,1500.0,1800.0
SALE_04_2026,low_grown,bop,best,1400.0,1450.0
SALE_04_2026,low_grown,bop,below_best,1100.0,1200.0
SALE_04_2026,low_grown,bop,others,900.0,1000.0
SALE_04_2026,low_grown,op1,select_best,3050.0,3750.0
SALE_04_2026,low_grown,op1,best,2400.0,2950.0
SALE_04_2026,low_grown,op1,below_best,1650.0,2350.0
SALE_04_2026,low_grown,op1,others,900.0,1600.0
SALE_04_2026,low_grown,opa,select_best,1360.0,1700.0
SALE_04_2026,low_grown,opa,best,1220.0,1340.0
SALE_04_2026,low_grown,opa,below_best,1120.0,1200.0
SALE_04_2026,low_grown,opa,others,800.0,1100.0
SALE_04_2026,low_grown,op,select_best,1440.0,1600.0
SALE_04_2026,low_grown,op,best,1320.0,1420.0
SALE_04_2026,low_grown,op,below_best,1140.0,1300.0
SALE_04_2026,low_grown,op,others,800.0,1120.0
SALE_04_2026,low_grown,pekoe,select_best,1480.0,2300.0
SALE_04_2026,low_grown,pekoe,best,1300.0,1460.0
SALE_04_2026,low_grown,pekoe,below_best,1200.0,1280.0
SALE_04_2026,low_grown,pekoe,others,850.0,1180.0
SALE_04_2026,low_grown,pek1,select_best,1700.0,2350.0
SALE_04_2026,low_grown,pek1,best,1400.0,1650.0
SALE_04_2026,low_grown,pek1,below_best,1240.0,1380.0
SALE_04_2026,low_grown,pek1,others,900.0,1220.0
SALE_42_2025,low_grown,fbopf_tippy,select_best,4500.0,5500.0
SALE_42_2025,low_grown,fbopf_tippy,best,3250.0,4100.0
SALE_42_2025,low_grown,fbopf_tippy,below_best,2300.0,2600.0
SALE_42_2025,low_grown,fbopf_tippy,others,1000.0,1100.0
SALE_42_2025,low_grown,fbopf1,select_best,1550.0,1700.0
SALE_42_2025,low_grown,fbopf1,best,1400.0,1450.0
SALE_42_2025,low_grown,fbopf1,below_best,1200.0,1250.0
SALE_42_2025,low_grown,fbopf1,others,900.0,950.0
SALE_42_2025,low_grown,fbopf,select_best,1550.0,1650.0
SALE_42_2025,low_grown,fbopf,best,1350.0,1400.0
SALE_42_2025,low_grown,fbopf,below_best,1150.0,1200.0
SALE_42_2025,low_grown,fbopf,others,900.0,950.0
SALE_42_2025,low_grown,fbop1,select_best,1700.0,1900.0
SALE_42_2025,low_grown,fbop1,best,1400.0,1450.0
SALE_42_2025,low_grown,fbop1,below_best,1200.0,1250.0
SALE_42_2025,low_grown,fbop1,others,900.0,1000.0
SALE_42_2025,low_grown,fbop,select_best,1800.0,2500.0
SALE_42_2025,low_grown,fbop,best,1500.0,1550.0
SALE_42_2025,low_grown,fbop,below_best,1200.0,1300.0
SALE_42_2025,low_grown,fbop,others,900.0,950.0
SALE_42_2025,low_grown,bop1,select_best,2350.0,3000.0
SALE_42_2025,low_grown,bop1,best,1750.0,2250.0
SALE_42_2025,low_grown,bop1,below_best,1100.0,1380.0
SALE_42_2025,low_grown,bop1,others,900.0,1080.0
SALE_42_2025,low_grown,bopf,select_best,1400.0,1600.0
SALE_42_2025,low_grown,bopf,best,900.0,1000.0
SALE_42_2025,low_grown,bopf,below_best,850.0,900.0
SALE_42_2025,low_grown,bopf,others,800.0,850.0
SALE_42_2025,low_grown,bop,select_best,1800.0,1900.0
SALE_42_2025,low_grown,bop,best,1400.0,1450.0
SALE_42_2025,low_grown,bop,below_best,1150.0,1200.0
SALE_42_2025,low_grown,bop,others,900.0,1000.0
SALE_42_2025,low_grown,op1,select_best,2650.0,3400.0
SALE_42_2025,low_grown,op1,best,2400.0,2600.0
SALE_42_2025,low_grown,op1,below_best,1400.0,2300.0
SALE_42_2025,low_grown,op1,others,900.0,1340.0
SALE_42_2025,low_grown,opa,select_best,1480.0,1850.0
SALE_42_2025,low_grown,opa,best,1340.0,1460.0
SALE_42_2025,low_grown,opa,below_best,1260.0,1320.0
SALE_42_2025,low_grown,opa,others,900.0,1240.0
SALE_42_2025,low_grown,op,select_best,1460.0,1550.0
SALE_42_2025,low_grown,op,best,1400.0,1440.0
SALE_42_2025,low_grown,op,below_best,1300.0,1380.0
SALE_42_2025,low_grown,op,others,900.0,1280.0
SALE_42_2025,low_grown,pekoe,select_best,1460.0,2250.0
SALE_42_2025,low_grown,pekoe,best,1360.0,1440.0
SALE_42_2025,low_grown,pekoe,below_best,1260.0,1340.0
SALE_42_2025,low_grown,pekoe,others,900.0,1240.0
SALE_42_2025,low_grown,pek1,select_best,1850.0,2500.0
SALE_42_2025,low_grown,pek1,best,1550.0,1800.0
SALE_42_2025,low_grown,pek1,below_best,1360.0,1500.0
SALE_42_2025,low_grown,pek1,others,1000.0,1340.0
SALE_09_2026,low_grown,fbopf_tippy,select_best,3500.0,4000.0
SALE_09_2026,low_grown,fbopf_tippy,best,3000.0,3450.0
SALE_09_2026,low_grown,fbopf_tippy,below_best,2500.0,2800.0
SALE_09_2026,low_grown,fbopf_tippy,others,1000.0,
SALE_09_2026,low_grown,fbopf1,select_best,1500.0,1650.0
SALE_09_2026,low_grown,fbopf1,best,1380.0,1420.0
SALE_09_2026,low_grown,fbopf1,below_best,1300.0,1320.0
SALE_09_2026,low_grown,fbopf1,others,900.0,950.0
SALE_09_2026,low_grown,fbopf,select_best,1400.0,1500.0
SALE_09_2026,low_grown,fbopf,best,1300.0,1350.0
SALE_09_2026,low_grown,fbopf,below_best,1200.0,1250.0
SALE_09_2026,low_grown,fbopf,others,900.0,1100.0
SALE_09_2026,low_grown,fbop1,select_best,1650.0,1950.0
SALE_09_2026,low_grown,fbop1,best,1400.0,1500.0
SALE_09_2026,low_grown,fbop1,below_best,1300.0,1350.0
SALE_09_2026,low_grown,fbop1,others,900.0,950.0
SALE_09_2026,low_grown,fbop,select_best,1800.0,2500.0
SALE_09_2026,low_grown,fbop,best,1600.0,1650.0
SALE_09_2026,low_grown,fbop,below_best,1300.0,1350.0
SALE_09_2026,low_grown,fbop,others,900.0,950.0
SALE_09_2026,low_grown,bop1,select_best,2250.0,3000.0
SALE_09_2026,low_grown,bop1,best,1650.0,2250.0
SALE_09_2026,low_grown,bop1,below_best,1260.0,1550.0
SALE_09_2026,low_grown,bop1,others,900.0,1240.0
SALE_09_2026,low_grown,bopf,select_best,1300.0,1400.0
SALE_09_2026,low_grown,bopf,best,900.0,1000.0
SALE_09_2026,low_grown,bopf,below_best,850.0,880.0
SALE_09_2026,low_grown,bopf,others,800.0,850.0
SALE_09_2026,low_grown,bop,select_best,1500.0,1800.0
SALE_09_2026,low_grown,bop,best,1400.0,1450.0
SALE_09_2026,low_grown,bop,below_best,1100.0,1200.0
SALE_09_2026,low_grown,bop,others,900.0,950.0
SALE_09_2026,low_grown,op1,select_best,3050.0,3500.0
SALE_09_2026,low_grown,op1,best,2500.0,3000.0
SALE_09_2026,low_grown,op1,below_best,1750.0,2450.0
SALE_09_2026,low_grown,op1,others,950.0,1700.0
SALE_09_2026,low_grown,opa,select_best,1500.0,1950.0
SALE_09_2026,low_grown,opa,best,1340.0,1480.0
SALE_09_2026,low_grown,opa,below_best,1240.0,1320.0
SALE_09_2026,low_grown,opa,others,850.0,1220.0
SALE_09_2026,low_grown,op,select_best,1550.0,1700.0
SALE_09_2026,low_grown,op,best,1420.0,1500.0
SALE_09_2026,low_grown,op,below_best,1280.0,1400.0
SALE_09_2026,low_grown,op,others,850.0,1260.0
SALE_09_2026,low_grown,pekoe,select_best,1480.0,2500.0
SALE_09_2026,low_grown,pekoe,best,1300.0,1460.0
SALE_09_2026,low_grown,pekoe,below_best,1200.0,1280.0
SALE_09_2026,low_grown,pekoe,others,850.0,1180.0
SALE_09_2026,low_grown,pek1,select_best,1700.0,2450.0
SALE_09_2026,low_grown,pek1,best,1340.0,1650.0
SALE_09_2026,low_grown,pek1,below_best,1200.0,1320.0
SALE_09_2026,low_grown,pek1,others,900.0,1180.0
SALE_43_2025,low_grown,fbopf_tippy,select_best,4800.0,5800.0
SALE_43_2025,low_grown,fbopf_tippy,best,3300.0,4200.0
SALE_43_2025,low_grown,fbopf_tippy,below_best,2400.0,2800.0
SALE_43_2025,low_grown,fbopf_tippy,others,1000.0,1100.0
SALE_43_2025,low_grown,fbopf1,select_best,1550.0,1700.0
SALE_43_2025,low_grown,fbopf1,best,1400.0,1450.0
SALE_43_2025,low_grown,fbopf1,below_best,1250.0,1300.0
SALE_43_2025,low_grown,fbopf1,others,950.0,1000.0
SALE_43_2025,low_grown,fbopf,select_best,1550.0,1650.0
SALE_43_2025,low_grown,fbopf,best,1350.0,1450.0
SALE_43_2025,low_grown,fbopf,below_best,1150.0,1200.0
SALE_43_2025,low_grown,fbopf,others,900.0,950.0
SALE_43_2025,low_grown,fbop1,select_best,1700.0,1900.0
SALE_43_2025,low_grown,fbop1,best,1400.0,1450.0
SALE_43_2025,low_grown,fbop1,below_best,1200.0,1250.0
SALE_43_2025,low_grown,fbop1,others,900.0,1000.0
SALE_43_2025,low_grown,fbop,select_best,1900.0,2500.0
SALE_43_2025,low_grown,fbop,best,1500.0,1550.0
SALE_43_2025,low_grown,fbop,below_best,1250.0,1300.0
SALE_43_2025,low_grown,fbop,others,900.0,950.0
SALE_43_2025,low_grown,bop1,select_best,2350.0,3000.0
SALE_43_2025,low_grown,bop1,best,1750.0,2250.0
SALE_43_2025,low_grown,bop1,below_best,1200.0,1400.0
SALE_43_2025,low_grown,bop1,others,900.0,1100.0
SALE_43_2025,low_grown,bopf,select_best,1400.0,1500.0
SALE_43_2025,low_grown,bopf,best,900.0,1000.0
SALE_43_2025,low_grown,bopf,below_best,850.0,900.0
SALE_43_2025,low_grown,bopf,others,800.0,850.0
SALE_43_2025,low_grown,bop,select_best,1900.0,2000.0
SALE_43_2025,low_grown,bop,best,1450.0,1500.0
SALE_43_2025,low_grown,bop,below_best,1200.0,1250.0
SALE_43_2025,low_grown,bop,others,900.0,1000.0
SALE_43_2025,low_grown,op1,select_best,2700.0,3400.0
SALE_43_2025,low_grown,op1,best,2450.0,2650.0
SALE_43_2025,low_grown,op1,below_best,1420.0,2350.0
SALE_43_2025,low_grown,op1,others,900.0,1360.0
SALE_43_2025,low_grown,opa,select_best,1500.0,1900.0
SALE_43_2025,low_grown,opa,best,1360.0,1480.0
SALE_43_2025,low_grown,opa,below_best,1280.0,1340.0
SALE_43_2025,low_grown,opa,others,900.0,1260.0
SALE_43_2025,low_grown,op,select_best,1480.0,1600.0
SALE_43_2025,low_grown,op,best,1420.0,1460.0
SALE_43_2025,low_grown,op,below_best,1320.0,1400.0
SALE_43_2025,low_grown,op,others,900.0,1300.0
SALE_43_2025,low_grown,pekoe,select_best,1480.0,2350.0
SALE_43_2025,low_grown,pekoe,best,1360.0,1460.0
SALE_43_2025,low_grown,pekoe,below_best,1260.0,1340.0
SALE_43_2025,low_grown,pekoe,others,900.0,1260.0
SALE_43_2025,low_grown,pek1,select_best,1850.0,2450.0
SALE_43_2025,low_grown,pek1,best,1550.0,1800.0
SALE_43_2025,low_grown,pek1,below_best,1360.0,1500.0
SALE_43_2025,low_grown,pek1,others,1000.0,1340.0
SALE_01_2026,low_grown,fbopf_tippy,select_best,5200.0,6200.0
SALE_01_2026,low_grown,fbopf_tippy,best,3550.0,4500.0
SALE_01_2026,low_grown,fbopf_tippy,below_best,2750.0,3000.0
SALE_01_2026,low_grown,fbopf_tippy,others,1000.0,1100.0
SALE_01_2026,low_grown,fbopf1,select_best,1600.0,1800.0
SALE_01_2026,low_grown,fbopf1,best,1500.0,1550.0
SALE_01_2026,low_grown,fbopf1,below_best,1300.0,1350.0
SALE_01_2026,low_grown,fbopf1,others,1000.0,1100.0
SALE_01_2026,low_grown,fbopf,select_best,1700.0,1900.0
SALE_01_2026,low_grown,fbopf,best,1450.0,1500.0
SALE_01_2026,low_grown,fbopf,below_best,1200.0,1300.0
SALE_01_2026,low_grown,fbopf,others,900.0,950.0
SALE_01_2026,low_grown,fbop1,select_best,1600.0,1900.0
SALE_01_2026,low_grown,fbop1,best,1450.0,1500.0
SALE_01_2026,low_grown,fbop1,below_best,1200.0,1300.0
SALE_01_2026,low_grown,fbop1,others,950.0,1000.0
SALE_01_2026,low_grown,fbop,select_best,1700.0,2400.0
SALE_01_2026,low_grown,fbop,best,1500.0,1550.0
SALE_01_2026,low_grown,fbop,below_best,1300.0,1350.0
SALE_01_2026,low_grown,fbop,others,1000.0,1100.0
SALE_01_2026,low_grown,bop1,select_best,2400.0,3000.0
SALE_01_2026,low_grown,bop1,best,1800.0,2300.0
SALE_01_2026,low_grown,bop1,below_best,1360.0,1600.0
SALE_01_2026,low_grown,bop1,others,900.0,1300.0
SALE_01_2026,low_grown,bopf,select_best,1300.0,1700.0
SALE_01_2026,low_grown,bopf,best,900.0,1000.0
SALE_01_2026,low_grown,bopf,below_best,850.0,880.0
SALE_01_2026,low_grown,bopf,others,800.0,850.0
SALE_01_2026,low_grown,bop,select_best,1700.0,2100.0
SALE_01_2026,low_grown,bop,best,1450.0,1500.0
SALE_01_2026,low_grown,bop,below_best,1200.0,1300.0
SALE_01_2026,low_grown,bop,others,900.0,1000.0
SALE_01_2026,low_grown,op1,select_best,2950.0,3600.0
SALE_01_2026,low_grown,op1,best,2600.0,2900.0
SALE_01_2026,low_grown,op1,below_best,1650.0,2550.0
SALE_01_2026,low_grown,op1,others,900.0,1600.0
SALE_01_2026,low_grown,opa,select_best,1420.0,2000.0
SALE_01_2026,low_grown,opa,best,1280.0,1400.0
SALE_01_2026,low_grown,opa,below_best,1180.0,1260.0
SALE_01_2026,low_grown,opa,others,850.0,1160.0
SALE_01_2026,low_grown,op,select_best,1480.0,1650.0
SALE_01_2026,low_grown,op,best,1380.0,1460.0
SALE_01_2026,low_grown,op,below_best,1200.0,1360.0
SALE_01_2026,low_grown,op,others,850.0,1180.0
SALE_01_2026,low_grown,pekoe,select_best,1480.0,2700.0
SALE_01_2026,low_grown,pekoe,best,1300.0,1440.0
SALE_01_2026,low_grown,pekoe,below_best,1200.0,1280.0
SALE_01_2026,low_grown,pekoe,others,850.0,1180.0
SALE_01_2026,low_grown,pek1,select_best,1750.0,2400.0
SALE_01_2026,low_grown,pek1,best,1500.0,1700.0
SALE_01_2026,low_grown,pek1,below_best,1300.0,1460.0
SALE_01_2026,low_grown,pek1,others,900.0,1280.0
SALE_39_2025,low_grown,fbopf_tippy,select_best,4000.0,5000.0
SALE_39_2025,low_grown,fbopf_tippy,best,3000.0,3600.0
SALE_39_2025,low_grown,fbopf_tippy,below_best,2000.0,2200.0
SALE_39_2025,low_grown,fbopf_tippy,others,1000.0,1100.0
SALE_39_2025,low_grown,fbopf1,select_best,1600.0,1700.0
SALE_39_2025,low_grown,fbopf1,best,1400.0,1480.0
SALE_39_2025,low_grown,fbopf1,below_best,1200.0,1250.0
SALE_39_2025,low_grown,fbopf1,others,900.0,950.0
SALE_39_2025,low_grown,fbopf,select_best,1500.0,1600.0
SALE_39_2025,low_grown,fbopf,best,1300.0,1350.0
SALE_39_2025,low_grown,fbopf,below_best,1100.0,1150.0
SALE_39_2025,low_grown,fbopf,others,900.0,950.0
SALE_39_2025,low_grown,fbop1,select_best,1600.0,1800.0
SALE_39_2025,low_grown,fbop1,best,1400.0,1450.0
SALE_39_2025,low_grown,fbop1,below_best,1200.0,1250.0
SALE_39_2025,low_grown,fbop1,others,900.0,1000.0
SALE_39_2025,low_grown,fbop,select_best,1700.0,2200.0
SALE_39_2025,low_grown,fbop,best,1450.0,1500.0
SALE_39_2025,low_grown,fbop,below_best,1200.0,1250.0
SALE_39_2025,low_grown,fbop,others,900.0,950.0
SALE_39_2025,low_grown,bop1,select_best,2350.0,3000.0
SALE_39_2025,low_grown,bop1,best,1750.0,2250.0
SALE_39_2025,low_grown,bop1,below_best,1160.0,1500.0
SALE_39_2025,low_grown,bop1,others,850.0,1140.0
SALE_39_2025,low_grown,bopf,select_best,1400.0,1500.0
SALE_39_2025,low_grown,bopf,best,900.0,1000.0
SALE_39_2025,low_grown,bopf,below_best,850.0,900.0
SALE_39_2025,low_grown,bopf,others,800.0,850.0
SALE_39_2025,low_grown,bop,select_best,1700.0,1800.0
SALE_39_2025,low_grown,bop,best,1400.0,1450.0
SALE_39_2025,low_grown,bop,below_best,1150.0,1200.0
SALE_39_2025,low_grown,bop,others,900.0,1000.0
SALE_39_2025,low_grown,op1,select_best,2500.0,3450.0
SALE_39_2025,low_grown,op1,best,2250.0,2450.0
SALE_39_2025,low_grown,op1,below_best,1300.0,2150.0
SALE_39_2025,low_grown,op1,others,900.0,1280.0
SALE_39_2025,low_grown,opa,select_best,1480.0,1800.0
SALE_39_2025,low_grown,opa,best,1340.0,1460.0
SALE_39_2025,low_grown,opa,below_best,1240.0,1320.0
SALE_39_2025,low_grown,opa,others,920.0,1220.0
SALE_39_2025,low_grown,op,select_best,1460.0,1550.0
SALE_39_2025,low_grown,op,best,1400.0,1440.0
SALE_39_2025,low_grown,op,below_best,1280.0,1380.0
SALE_39_2025,low_grown,op,others,900.0,1260.0
SALE_39_2025,low_grown,pekoe,select_best,1550.0,2400.0
SALE_39_2025,low_grown,pekoe,best,1420.0,1500.0
SALE_39_2025,low_grown,pekoe,below_best,1300.0,1400.0
SALE_39_2025,low_grown,pekoe,others,900.0,1280.0
SALE_39_2025,low_grown,pek1,select_best,1800.0,2400.0
SALE_39_2025,low_grown,pek1,best,1650.0,1750.0
SALE_39_2025,low_grown,pek1,below_best,1440.0,1600.0
SALE_39_2025,low_grown,pek1,others,1000.0,1420.0
SALE_47_2025,low_grown,fbopf_tippy,select_best,5200.0,6200.0
SALE_47_2025,low_grown,fbopf_tippy,best,3500.0,4400.0
SALE_47_2025,low_grown,fbopf_tippy,below_best,2700.0,3000.0
SALE_47_2025,low_grown,fbopf_tippy,others,1000.0,1100.0
SALE_47_2025,low_grown,fbopf1,select_best,1650.0,1800.0
SALE_47_2025,low_grown,fbopf1,best,1500.0,1550.0
SALE_47_2025,low_grown,fbopf1,below_best,1300.0,1350.0
SALE_47_2025,low_grown,fbopf1,others,1000.0,1100.0
SALE_47_2025,low_grown,fbopf,select_best,1700.0,2000.0
SALE_47_2025,low_grown,fbopf,best,1450.0,1550.0
SALE_47_2025,low_grown,fbopf,below_best,1250.0,1300.0
SALE_47_2025,low_grown,fbopf,others,900.0,950.0
SALE_47_2025,low_grown,fbop1,select_best,1800.0,2000.0
SALE_47_2025,low_grown,fbop1,best,1450.0,1500.0
SALE_47_2025,low_grown,fbop1,below_best,1250.0,1300.0
SALE_47_2025,low_grown,fbop1,others,950.0,1000.0
SALE_47_2025,low_grown,fbop,select_best,1900.0,2600.0
SALE_47_2025,low_grown,fbop,best,1550.0,1600.0
SALE_47_2025,low_grown,fbop,below_best,1300.0,1350.0
SALE_47_2025,low_grown,fbop,others,950.0,1000.0
SALE_47_2025,low_grown,bop1,select_best,2350.0,3000.0
SALE_47_2025,low_grown,bop1,best,1750.0,2250.0
SALE_47_2025,low_grown,bop1,below_best,1320.0,1550.0
SALE_47_2025,low_grown,bop1,others,900.0,1240.0
SALE_47_2025,low_grown,bopf,select_best,1450.0,1700.0
SALE_47_2025,low_grown,bopf,best,950.0,1000.0
SALE_47_2025,low_grown,bopf,below_best,850.0,900.0
SALE_47_2025,low_grown,bopf,others,800.0,850.0
SALE_47_2025,low_grown,bop,select_best,1950.0,2300.0
SALE_47_2025,low_grown,bop,best,1500.0,1550.0
SALE_47_2025,low_grown,bop,below_best,1250.0,1300.0
SALE_47_2025,low_grown,bop,others,900.0,1000.0
SALE_47_2025,low_grown,op1,select_best,2850.0,3600.0
SALE_47_2025,low_grown,op1,best,2550.0,2800.0
SALE_47_2025,low_grown,op1,below_best,1600.0,2500.0
SALE_47_2025,low_grown,op1,others,900.0,1500.0
SALE_47_2025,low_grown,opa,select_best,1480.0,1700.0
SALE_47_2025,low_grown,opa,best,1340.0,1460.0
SALE_47_2025,low_grown,opa,below_best,1240.0,1320.0
SALE_47_2025,low_grown,opa,others,900.0,1220.0
SALE_47_2025,low_grown,op,select_best,1500.0,1850.0
SALE_47_2025,low_grown,op,best,1420.0,1480.0
SALE_47_2025,low_grown,op,below_best,1280.0,1400.0
SALE_47_2025,low_grown,op,others,900.0,1260.0
SALE_47_2025,low_grown,pekoe,select_best,1480.0,2700.0
SALE_47_2025,low_grown,pekoe,best,1360.0,1480.0
SALE_47_2025,low_grown,pekoe,below_best,1260.0,1340.0
SALE_47_2025,low_grown,pekoe,others,850.0,1240.0
SALE_47_2025,low_grown,pek1,select_best,1850.0,2400.0
SALE_47_2025,low_grown,pek1,best,1600.0,1800.0
SALE_47_2025,low_grown,pek1,below_best,1300.0,1500.0
SALE_47_2025,low_grown,pek1,others,900.0,1280.0
SALE_35_2025,low_grown,fbopf_tippy,select_best,4000.0,5200.0
SALE_35_2025,low_grown,fbopf_tippy,best,3400.0,3800.0
SALE_35_2025,low_grown,fbopf_tippy,below_best,2200.0,2700.0
SALE_35_2025,low_grown,fbopf_tippy,others,1000.0,
SALE_35_2025,low_grown,fbopf1,select_best,1600.0,1700.0
SALE_35_2025,low_grown,fbopf1,best,1400.0,1500.0
SALE_35_2025,low_grown,fbopf1,below_best,1250.0,1300.0
SALE_35_2025,low_grown,fbopf1,others,900.0,950.0
SALE_35_2025,low_grown,fbopf,select_best,1600.0,1800.0
SALE_35_2025,low_grown,fbopf,best,1400.0,1500.0
SALE_35_2025,low_grown,fbopf,below_best,1150.0,1200.0
SALE_35_2025,low_grown,fbopf,others,900.0,950.0
SALE_35_2025,low_grown,fbop1,select_best,1700.0,1800.0
SALE_35_2025,low_grown,fbop1,best,1400.0,1450.0
SALE_35_2025,low_grown,fbop1,below_best,1200.0,1300.0
SALE_35_2025,low_grown,fbop1,others,900.0,1000.0
SALE_35_2025,low_grown,fbop,select_best,1800.0,2400.0
SALE_35_2025,low_grown,fbop,best,1500.0,1550.0
SALE_35_2025,low_grown,fbop,below_best,1200.0,1300.0
SALE_35_2025,low_grown,fbop,others,900.0,950.0
SALE_35_2025,low_grown,bop1,select_best,2400.0,2900.0
SALE_35_2025,low_grown,bop1,best,1850.0,2350.0
SALE_35_2025,low_grown,bop1,below_best,1200.0,1400.0
SALE_35_2025,low_grown,bop1,others,850.0,1180.0
SALE_35_2025,low_grown,bopf,select_best,1400.0,1600.0
SALE_35_2025,low_grown,bopf,best,950.0,1050.0
SALE_35_2025,low_grown,bopf,below_best,850.0,900.0
SALE_35_2025,low_grown,bopf,others,800.0,850.0
SALE_35_2025,low_grown,bop,select_best,1900.0,2300.0
SALE_35_2025,low_grown,bop,best,1400.0,1500.0
SALE_35_2025,low_grown,bop,below_best,1200.0,1300.0
SALE_35_2025,low_grown,bop,others,900.0,1000.0
SALE_35_2025,low_grown,op1,select_best,2550.0,3150.0
SALE_35_2025,low_grown,op1,best,2250.0,2500.0
SALE_35_2025,low_grown,op1,below_best,1360.0,2200.0
SALE_35_2025,low_grown,op1,others,900.0,1340.0
SALE_35_2025,low_grown,opa,select_best,1460.0,2000.0
SALE_35_2025,low_grown,opa,best,1300.0,1440.0
SALE_35_2025,low_grown,opa,below_best,1220.0,1280.0
SALE_35_2025,low_grown,opa,others,900.0,1200.0
SALE_35_2025,low_grown,op,select_best,1460.0,1550.0
SALE_35_2025,low_grown,op,best,1400.0,1440.0
SALE_35_2025,low_grown,op,below_best,1260.0,1380.0
SALE_35_2025,low_grown,op,others,900.0,1240.0
SALE_35_2025,low_grown,pekoe,select_best,1650.0,3000.0
SALE_35_2025,low_grown,pekoe,best,1500.0,1600.0
SALE_35_2025,low_grown,pekoe,below_best,1300.0,1480.0
SALE_35_2025,low_grown,pekoe,others,900.0,1280.0
SALE_35_2025,low_grown,pek1,select_best,1850.0,3000.0
SALE_35_2025,low_grown,pek1,best,1700.0,1800.0
SALE_35_2025,low_grown,pek1,below_best,1420.0,1650.0
SALE_35_2025,low_grown,pek1,others,1000.0,1400.0
