sale_id,estate,grade,fw_sold,price_lkr,region
SALE_32_2025,Ancoombra,BOP,0,1850,WESTERN MEDIUM
SALE_32_2025,Ancoombra,BOPSp,0,1550,UDAPUSSELLAWAS
SALE_32_2025,Craighead,BOPSp,1,1460,UDAPUSSELLAWAS
SALE_32_2025,Blairlomond,BOPSp,1,840,UDAPUSSELLAWAS
SALE_32_2025,Galgewatta,BOP1,0,1700,UDAPUSSELLAWAS
SALE_32_2025,Maha Uva,FBOPF/FBOPF1,1,1750,UDAPUSSELLAWAS
SALE_32_2025,Harangalla,FBOPF/FBOPF1,1,1650,UDAPUSSELLAWAS
SALE_32_2025,Ancoombra,FBOPF/FBOPF1,0,1650,UDAPUSSELLAWAS
SALE_32_2025,Dartry Valley,FBOPF/FBOPF1,1,1600,UDAPUSSELLAWAS
SALE_32_2025,Imboolpittia,FBOPF/FBOPF1,1,1460,UDAPUSSELLAWAS
SALE_32_2025,Gonapitiya,OP1,0,1200,UDAPUSSELLAWAS
SALE_32_2025,New Rothschild,OP1,0,1380,UDAPUSSELLAWAS
SALE_32_2025,Nawagamuwehena,BOP,0,2700,LOW GROWNS
SALE_32_2025,Elaine Super,BOP,0,2700,LOW GROWNS
SALE_32_2025,Andaradeniya Super,BOP,0,2650,LOW GROWNS
SALE_32_2025,Hidellana,BOP,1,2350,LOW GROWNS
SALE_32_2025,WESTERN HIGH Stream Line,BOPSp,0,2600,WESTERN HIGH
SALE_32_2025,Wattegodde,BOP,1,1320,WESTERN HIGH
SALE_32_2025,Kotiyagalla,BOPSp,1,1360,WESTERN HIGH
SALE_32_2025,Rain Forest,BOPSp,0,2050,WESTERN HIGH
SALE_32_2025,Kings Bru,BOPF,0,1850,WESTERN HIGH
SALE_32_2025,Greenwin Super,BOPFSp,0,2200,WESTERN HIGH
SALE_32_2025,Sithaka,FBOP,0,2550,WESTERN HIGH
SALE_32_2025,Sithaka,FBOP1,0,2000,WESTERN HIGH
SALE_32_2025,Bambrakelly,BOP1,0,1600,WESTERN HIGH
SALE_32_2025,Glenloch,BOP1,1,1550,WESTERN HIGH
SALE_32_2025,Pothotuwa,FBOPF1,1,1750,WESTERN HIGH
SALE_32_2025,Glenloch,FBOPF/FBOPF1,1,1480,WESTERN HIGH
SALE_32_2025,Adams View,FBOPF1,1,1750,WESTERN HIGH
SALE_32_2025,Lumbini,FBOPF1,0,1750,WESTERN HIGH
SALE_32_2025,Makandura,BOP1,0,3000,WESTERN HIGH
SALE_32_2025,Pothotuwa,BOP1,1,2900,WESTERN HIGH
SALE_32_2025,Frotoft Super,OP1,0,1120,WESTERN HIGH
SALE_32_2025,Berubeula,OP,0,1550,WESTERN HIGH
SALE_32_2025,Nilrich,OP,0,1550,WESTERN HIGH
SALE_32_2025,Mulatiyana Hills,OP,0,1550,WESTERN HIGH
SALE_32_2025,Rotumba,OP,0,1550,WESTERN HIGH
SALE_32_2025,NUWARA ELIYAS Green Lanka,OP,0,1550,NUWARA ELIYAS
SALE_32_2025,Fortune,OP,1,1500,NUWARA ELIYAS
SALE_32_2025,Ceyenta,OP,0,1500,NUWARA ELIYAS
SALE_32_2025,Sihara,OP,0,1500,NUWARA ELIYAS
SALE_32_2025,Magedara,OP,0,1500,NUWARA ELIYAS
SALE_32_2025,Miriswatta,OP,0,1500,NUWARA ELIYAS
SALE_32_2025,UDAPUSSELLAWAS Liyonta,OPA,0,1750,UDAPUSSELLAWAS
SALE_32_2025,Luckyland,BOP,0,1080,UDAPUSSELLAWAS
SALE_32_2025,Mooloya,BOP,0,1080,UDAPUSSELLAWAS
SALE_32_2025,High Forest,BOP,1,960,UDAPUSSELLAWAS
SALE_32_2025,Kirklees,BOP,0,960,UDAPUSSELLAWAS
SALE_33_2025,Ancoombra,BOP,0,1850,NUWARA ELIYAS
SALE_33_2025,Uplands,BOP,0,1850,NUWARA ELIYAS
SALE_33_2025,Dartry Valley,BOP,1,1750,NUWARA ELIYAS
SALE_33_2025,Harangalla,BOP,0,1750,NUWARA ELIYAS
SALE_33_2025,Craighead,BOP,1,1550,NUWARA ELIYAS
SALE_33_2025,Ancoombra,BOPSp,0,1440,UDAPUSSELLAWAS
SALE_33_2025,High Forest,BOP,1,1020,UDAPUSSELLAWAS
SALE_33_2025,Harangalla,BOP1,0,1850,UDAPUSSELLAWAS
SALE_33_2025,Mooloya,BOP,0,1020,UDAPUSSELLAWAS
SALE_33_2025,Craighead,FBOPF/FBOPF1,1,1600,UDAPUSSELLAWAS
SALE_33_2025,Dartry Valley,FBOPF/FBOPF1,1,1600,UDAPUSSELLAWAS
SALE_33_2025,Doombagastalawa,FBOPF/FBOPF1,1,1500,UDAPUSSELLAWAS
SALE_33_2025,Craighead,OP1,1,1750,UDAPUSSELLAWAS
SALE_33_2025,Maha Uva,BOP1,1,1200,UDAPUSSELLAWAS
SALE_33_2025,Delmar,FBOPF/FBOPF1,1,1440,UDAPUSSELLAWAS
SALE_33_2025,High Forest,OP1,0,1080,UDAPUSSELLAWAS
SALE_33_2025,Delmar,OP1,1,1040,UDAPUSSELLAWAS
SALE_33_2025,Mahaliyadda,BOP,0,2400,LOW GROWNS
SALE_33_2025,Lellopitiya Super,BOPSp,0,2000,LOW GROWNS
SALE_33_2025,WESTERN HIGH Kings Bru,BOPF,0,1900,WESTERN HIGH
SALE_33_2025,Inverness,BOP,0,1380,WESTERN HIGH
SALE_33_2025,Dessford,BOPSp,1,1400,WESTERN HIGH
SALE_33_2025,Norwood,BOPSp,1,1360,WESTERN HIGH
SALE_33_2025,Wanarajah,BOPSp,1,1340,WESTERN HIGH
SALE_33_2025,Sithaka,FBOP,0,2450,WESTERN HIGH
SALE_33_2025,Galatara,FBOP,0,2450,WESTERN HIGH
SALE_33_2025,Pothotuwa,FBOP,1,2300,WESTERN HIGH
SALE_33_2025,Ceciliyan,FBOP1,1,1950,WESTERN HIGH
SALE_33_2025,Torrington,BOP1,1,1950,WESTERN HIGH
SALE_33_2025,Inverness,BOP1,0,1950,WESTERN HIGH
SALE_33_2025,Gunawardana,FBOPF1,1,1750,WESTERN HIGH
SALE_33_2025,Torrington,FBOPF/FBOPF1,1,1440,WESTERN HIGH
SALE_33_2025,Frotoft Super,FBOPF/FBOPF1,0,1440,WESTERN HIGH
SALE_33_2025,Bogahawatte,FBOPF/FBOPF1,0,1440,WESTERN HIGH
SALE_33_2025,Nilrich,FBOPF1,0,1700,WESTERN HIGH
SALE_33_2025,Lickra,FBOPF1,0,1700,WESTERN HIGH
SALE_33_2025,Makandura,FBOPF1,0,1700,WESTERN HIGH
SALE_33_2025,Kirkoswald,OP1,1,1180,WESTERN HIGH
SALE_33_2025,Torrington,OP1,1,1140,WESTERN HIGH
SALE_33_2025,Pothotuwa,BOP1,1,2850,WESTERN HIGH
SALE_33_2025,NUWARA ELIYAS Gunwardana,OP1,1,3150,NUWARA ELIYAS
SALE_33_2025,Court Lodge,BOP,0,800,NUWARA ELIYAS
SALE_33_2025,Kenmare,BOPSp,1,820,NUWARA ELIYAS
SALE_33_2025,Kumudu,OP,0,1550,NUWARA ELIYAS
SALE_33_2025,Liyonta,OPA,0,2000,NUWARA ELIYAS
SALE_33_2025,Adams View,PEK,1,3000,NUWARA ELIYAS
SALE_33_2025,Dampahala,PEK1,0,2950,NUWARA ELIYAS
SALE_33_2025,Glenanore,OP1,1,1440,UVA MEDIUM
SALE_33_2025,James,BOP,1,2950,UVA MEDIUM
SALE_33_2025,Ellathota Uva,OP1,1,1420,UVA MEDIUM
SALE_33_2025,Uva,BOP,1,1400,UVA MEDIUM
SALE_33_2025,Hindagala,BOPSp,0,1440,UVA MEDIUM
SALE_33_2025,Dunsinane,CTCPF1,1,1180,UNORTHODOX HIGH
SALE_33_2025,Aruna Passara,FBOPF/FBOPF1,0,1480,UNORTHODOX HIGH
SALE_33_2025,Roseland Uva,FBOPF/FBOPF1,0,1480,UNORTHODOX HIGH
SALE_33_2025,Telbedde,FBOPF/FBOPF1,1,1420,UNORTHODOX MEDIUM
SALE_33_2025,Rothschild,CTCPF1,0,1200,UNORTHODOX MEDIUM
SALE_33_2025,Aultmore,CTCBP1,1,1080,UNORTHODOX MEDIUM
SALE_33_2025,Aultmore,CTCBPS,1,860,UNORTHODOX MEDIUM
SALE_33_2025,Hingalgoda,CTCPF1,0,1480,UNORTHODOX LOW
SALE_33_2025,Glen Alpin,OP1,0,1500,UNORTHODOX LOW
SALE_33_2025,Ceciliyan,CTCBP1,0,1420,UNORTHODOX LOW
SALE_33_2025,Telbedde,OP1,1,1420,UNORTHODOX LOW
SALE_33_2025,Uva,OP1,1,1380,PREMIUM FLOWERY
SALE_33_2025,New Batuwangala,FBOPFSp,0,6000,PREMIUM FLOWERY
SALE_33_2025,Roseland Uva,OP1,0,1380,PREMIUM FLOWERY
SALE_33_2025,Sithaka,FBOPFExSp,0,5250,PREMIUM FLOWERY
SALE_33_2025,Brombil,FBOPFExSp,0,5000,PREMIUM FLOWERY
SALE_33_2025,Fortune,FBOPFExSp,1,4950,PREMIUM FLOWERY
SALE_33_2025,Magedara,FBOPFExSp,0,4950,UVA HIGH
SALE_33_2025,Ellathota Uva,BOP,1,1380,UVA HIGH
SALE_33_2025,Brombil,FBOPFExSp1,0,5800,UVA HIGH
SALE_33_2025,Nayabedde,BOP,1,1280,UVA HIGH
SALE_33_2025,Bandaraeliya,BOP,1,1260,UVA HIGH
SALE_33_2025,Craig,BOPSp,0,1460,UVA HIGH
SALE_33_2025,Mattakelle,DUST1,0,1700,DUSTS
SALE_33_2025,Craig,BOP1,0,1500,DUSTS
SALE_33_2025,Ceciliyan CTC,PD,0,1440,DUSTS
SALE_33_2025,Aislaby,FBOPF/FBOPF1,1,1480,OFF GRADES
SALE_33_2025,Gonamotawa,FBOPF/FBOPF1,1,1460,OFF GRADES
SALE_33_2025,Liyonta,CTCPF,0,1140,OFF GRADES
SALE_33_2025,Glenanore,FBOPF/FBOPF1,0,1460,OFF GRADES
SALE_33_2025,Ceciliyan,CTCPF,1,1100,OFF GRADES
SALE_33_2025,Balagalella,FBOPF/FBOPF1,1,1440,OFF GRADES
SALE_33_2025,Wilehena,BM,0,1340,OFF GRADES
SALE_33_2025,Mount Uva,FBOPF/FBOPF1,0,1440,OFF GRADES
SALE_33_2025,Gunawardana,BM,1,1280,OFF GRADES
SALE_33_2025,Spring Valley,FBOPF/FBOPF1,0,1440,OFF GRADES
SALE_33_2025,Adams View,BM,1,1240,OFF GRADES
SALE_33_2025,Craig,FBOPF/FBOPF1,0,1440,OFF GRADES
SALE_33_2025,Kothmale Hills,BP,0,1280,OFF GRADES
SALE_33_2025,Chandrika Estate,BOP1A,0,1650,OFF GRADES
SALE_38_2025,Maratenne,BOP,0,1360,UNORTHODOX MEDIUM
SALE_38_2025,New Peacock,CTCPF1,0,1160,UNORTHODOX MEDIUM
SALE_38_2025,Roseland Uva,BOP,0,1360,UNORTHODOX MEDIUM
SALE_38_2025,Strathdon,CTCBP1,0,1200,UNORTHODOX MEDIUM
SALE_38_2025,Uva Park Side,CTCBPS,0,670,UNORTHODOX MEDIUM
SALE_38_2025,Dickwella,BOP1,1,1750,UNORTHODOX LOW
SALE_38_2025,Liyonta,CTCPF1,0,1440,UNORTHODOX LOW
SALE_38_2025,Hingalgoda,CTCPF1,0,1440,UNORTHODOX LOW
SALE_38_2025,Sarnia Plaiderie,FBOPF/FBOPF1,0,1550,UNORTHODOX LOW
SALE_38_2025,Ross Feld,CTCBPS,0,680,UNORTHODOX LOW
SALE_38_2025,Pettiagalla,OP1,0,1400,PREMIUM FLOWERY
SALE_38_2025,Sarnia Plaiderie,OP1,0,1400,PREMIUM FLOWERY
SALE_38_2025,Samvin,FBOPFSp,0,4350,PREMIUM FLOWERY
SALE_38_2025,UVA HIGH Fortune,FBOPFSp,1,4050,UVA HIGH
SALE_38_2025,Nayabedde,BOP,0,1440,UVA HIGH
SALE_38_2025,Ellathota Uva,BOP,1,1360,UVA HIGH
SALE_38_2025,Ranaya,BOPSp,0,920,UVA HIGH
SALE_38_2025,Magedara,FBOPFExSp1,0,3650,UVA HIGH
SALE_38_2025,Kamarangapitiya,FBOPFExSp1,1,3550,UVA HIGH
SALE_38_2025,Uva Highlands,BOP1,1,1320,UVA HIGH
SALE_38_2025,Kalubowitiyana CTC,PD,1,1380,UVA HIGH
SALE_38_2025,Uva Highlands,FBOPF/FBOPF1,1,1400,UVA HIGH
SALE_38_2025,Ceciliyan CTC,PD,0,1380,UVA HIGH
SALE_38_2025,Uva Highlands,OP1,0,1380,UVA HIGH
SALE_38_2025,Liyonta,CTCPF,0,1320,UNORTHODOX HIGH
SALE_38_2025,Dunsinane,CTCPF1,1,1220,UNORTHODOX HIGH
SALE_38_2025,Bogoda,BM,0,1300,UNORTHODOX HIGH
SALE_38_2025,Mount Uva,CTCBP1,0,580,UNORTHODOX HIGH
SALE_38_2025,Chandrika Estate,BP,1,1200,UNORTHODOX HIGH
SALE_38_2025,Chandrika Estate,BOP1A,1,1550,UNORTHODOX MEDIUM
SALE_38_2025,Strathdon,CTCPF1,1,1160,UNORTHODOX MEDIUM
SALE_38_2025,Aldora,BOP1A,0,1500,UNORTHODOX MEDIUM
SALE_38_2025,Carolina,CTCPF1,0,1160,UNORTHODOX MEDIUM
SALE_38_2025,Liyonta,BOP1A,0,1500,UNORTHODOX MEDIUM
SALE_38_2025,Rothschild,CTCPF1,0,1160,UNORTHODOX MEDIUM
SALE_44_2025,Galgewatta,BOP,0,1950,WESTERN MEDIUM
SALE_44_2025,Dartry Valley,BOP,1,1850,WESTERN MEDIUM
SALE_44_2025,Harangalla,BOP,1,1700,WESTERN MEDIUM
SALE_44_2025,Ancoombra,BOPSp,0,1500,WESTERN MEDIUM
SALE_44_2025,Dartry Valley,BOP1,1,2150,UDAPUSSELLAWAS
SALE_44_2025,Harangalla,BOP1,1,1950,UDAPUSSELLAWAS
SALE_44_2025,Liddesdale,BOP,0,1200,UDAPUSSELLAWAS
SALE_44_2025,Mooloya,BOPSp,0,1200,UDAPUSSELLAWAS
SALE_44_2025,Craighead,FBOPF/FBOPF1,1,1650,UDAPUSSELLAWAS
SALE_44_2025,Dartry Valley,FBOPF/FBOPF1,1,1600,UDAPUSSELLAWAS
SALE_44_2025,Harangalla,FBOPF/FBOPF1,1,1550,UDAPUSSELLAWAS
SALE_44_2025,Delmar,FBOPF/FBOPF1,1,1380,UDAPUSSELLAWAS
SALE_44_2025,Rumassala Hills,BOP,0,2500,LOW GROWNS
SALE_44_2025,Dartry Valley,OP1,1,1500,LOW GROWNS
SALE_44_2025,Harangalla,OP1,1,1420,LOW GROWNS
SALE_44_2025,New Rothschild,OP1,0,1420,LOW GROWNS
SALE_44_2025,Hansagiri Uruwala,BOPF,1,1650,LOW GROWNS
SALE_44_2025,Kothmale Ayagama,BOPFSp,0,2500,LOW GROWNS
SALE_44_2025,Gunawardana,FBOP,1,2550,LOW GROWNS
SALE_44_2025,Kiruwanaganga,FBOP1,1,1800,LOW GROWNS
SALE_44_2025,New Deniyaya,FBOP1,1,1800,LOW GROWNS
SALE_44_2025,Dullie Ella,FBOP1,1,1800,LOW GROWNS
SALE_44_2025,Navinda,FBOP1,0,1800,LOW GROWNS
SALE_44_2025,Susantha,FBOP1,0,1700,LOW GROWNS
SALE_44_2025,New Nivithigala,FBOP1,0,1700,LOW GROWNS
SALE_44_2025,Morawakkorale,FBOP1,1,1650,LOW GROWNS
SALE_44_2025,Kings Bru,FBOP1,0,1650,LOW GROWNS
SALE_44_2025,WESTERN HIGH Ganganee,FBOP1,0,1650,WESTERN HIGH
SALE_44_2025,Gouravilla,BOP,0,1480,WESTERN HIGH
SALE_44_2025,Ingestre,BOP,1,1460,WESTERN HIGH
SALE_44_2025,Annfield,BOPSp,1,1650,WESTERN HIGH
SALE_44_2025,Bearwell,BOPSp,1,1650,WESTERN HIGH
SALE_44_2025,Gouravilla,BOPSp,1,1500,WESTERN HIGH
SALE_44_2025,Somerset,BOPSp,1,1500,WESTERN HIGH
SALE_44_2025,Kotiyagalla,BOPSp,0,1500,WESTERN HIGH
SALE_44_2025,Kumudu,FBOPF1,0,1650,WESTERN HIGH
SALE_44_2025,Glenloch,BOP1,1,1440,WESTERN HIGH
SALE_44_2025,Garden Leaf Super,FBOPF1,0,1650,WESTERN HIGH
SALE_44_2025,Pothotuwa,BOP1,1,3000,WESTERN HIGH
SALE_44_2025,Pothotuwa,OP1,1,3400,WESTERN HIGH
SALE_44_2025,Glenloch,FBOPF/FBOPF1,1,1480,WESTERN HIGH
SALE_44_2025,Inverness,FBOPF/FBOPF1,0,1480,WESTERN HIGH
SALE_44_2025,Mulatiyana Hills,OP1,0,2900,WESTERN HIGH
SALE_44_2025,New Green Lanka,OP1,0,2900,WESTERN HIGH
SALE_44_2025,Meddecombra Miriswatta,OP,0,1800,WESTERN HIGH
SALE_44_2025,Glenloch,OP1,1,1400,WESTERN HIGH
SALE_44_2025,Lucky Dais,OPA,0,1900,WESTERN HIGH
SALE_44_2025,NUWARA ELIYAS Lumbini,PEK,0,2250,NUWARA ELIYAS
SALE_44_2025,Kenmare,BOPSp,0,1280,NUWARA ELIYAS
SALE_40_2025,Ancoombra,BOP,0,1800,WESTERN MEDIUM
SALE_40_2025,Galgewatta,BOP,0,1800,UDAPUSSELLAWAS
SALE_40_2025,Dartry Valley,BOP,1,1700,UDAPUSSELLAWAS
SALE_40_2025,Harangalla,BOP,0,1700,UDAPUSSELLAWAS
SALE_40_2025,Doombagastalawa,BOP,1,1440,UDAPUSSELLAWAS
SALE_40_2025,Windsorforest,BOPSp,1,1420,UDAPUSSELLAWAS
SALE_40_2025,Dartry Valley,BOP1,1,1850,UDAPUSSELLAWAS
SALE_40_2025,Maha Uva,FBOPF/FBOPF1,1,870,UDAPUSSELLAWAS
SALE_40_2025,Harangalla,FBOPF/FBOPF1,0,1550,UDAPUSSELLAWAS
SALE_40_2025,Ancoombra,FBOPF/FBOPF1,0,1550,UDAPUSSELLAWAS
SALE_40_2025,Craighead,FBOPF/FBOPF1,1,1500,UDAPUSSELLAWAS
SALE_40_2025,Hatale,FBOPF/FBOPF1,0,1500,LOW GROWNS
SALE_40_2025,Imboolpittia,FBOPF/FBOPF1,1,1480,LOW GROWNS
SALE_40_2025,Stream Line,BOPSp,0,2350,LOW GROWNS
SALE_40_2025,Kings Bru,BOPF,0,2100,LOW GROWNS
SALE_40_2025,Sithaka,BOPF,0,1600,LOW GROWNS
SALE_40_2025,Hansagiri Kothmale,OP1,0,1500,LOW GROWNS
SALE_40_2025,Rajjuruwatta,BOPFSp,0,2500,LOW GROWNS
SALE_40_2025,Sunrise,FBOP,0,2500,LOW GROWNS
SALE_40_2025,Gunawardana,FBOP1,1,1900,LOW GROWNS
SALE_40_2025,Ceciliyan,FBOP1,0,1900,LOW GROWNS
SALE_40_2025,Dullie Ella,FBOP1,1,1800,LOW GROWNS
SALE_40_2025,Ganganee,FBOP1,0,1800,LOW GROWNS
SALE_40_2025,New Laksakanda,FBOPF,0,2300,LOW GROWNS
SALE_40_2025,Makandura,FBOPF1,0,1700,WESTERN HIGH
SALE_40_2025,Craig Hill,BOP,0,1850,WESTERN HIGH
SALE_40_2025,Lakvinka,FBOPF1,0,1650,WESTERN HIGH
SALE_40_2025,Norwood,BOP,1,1460,WESTERN HIGH
SALE_40_2025,Sithaka,FBOPF1,0,1650,WESTERN HIGH
SALE_40_2025,Wattegodde,BOPSp,0,1500,WESTERN HIGH
SALE_40_2025,Stream Line,FBOPF1,0,1650,WESTERN HIGH
SALE_40_2025,Bearwell,BOPSp,1,1440,WESTERN HIGH
SALE_40_2025,Pothotuwa,FBOPF1,1,1600,WESTERN HIGH
SALE_40_2025,Eildon Hall,BOPSp,1,1260,WESTERN HIGH
SALE_40_2025,Adams View,FBOPF1,1,1600,WESTERN HIGH
SALE_40_2025,New Batuwangala,FBOPF1,0,1600,WESTERN HIGH
SALE_40_2025,Inverness,BOP1,0,1500,WESTERN HIGH
SALE_40_2025,Glenloch,BOP1,1,1420,WESTERN HIGH
SALE_40_2025,Torrington,BOP1,1,1100,WESTERN HIGH
SALE_40_2025,Sineth,FBOPF1,0,1600,WESTERN HIGH
SALE_40_2025,Cymru,FBOPF/FBOPF1,0,1420,WESTERN HIGH
SALE_40_2025,Inverness,FBOPF/FBOPF1,0,1420,WESTERN HIGH
SALE_40_2025,Susantha,OP1,0,3300,WESTERN HIGH
SALE_40_2025,Kiruwanaganga,OP,0,1600,WESTERN HIGH
SALE_40_2025,Venture,OP1,0,1380,WESTERN HIGH
SALE_40_2025,Glenloch,OP1,1,1320,WESTERN HIGH
SALE_40_2025,Gartmore,OP1,1,1300,WESTERN HIGH
SALE_40_2025,Susantha,OP,0,1500,WESTERN HIGH
SALE_40_2025,NUWARA ELIYAS Green Lanka,OP,0,1500,NUWARA ELIYAS
SALE_40_2025,Lions,OPA,0,1800,NUWARA ELIYAS
SALE_40_2025,Lumbini,PEK,0,2450,NUWARA ELIYAS
SALE_40_2025,Liyonta,PEK1,0,2500,NUWARA ELIYAS
SALE_40_2025,Misty-Uva,BOP,1,1320,UNORTHODOX HIGH
SALE_40_2025,El Teb,BOP,1,1200,UNORTHODOX HIGH
SALE_40_2025,Dickwella,BOPSp,1,1280,UNORTHODOX HIGH
SALE_40_2025,New Peacock,CTCPF1,0,1220,UNORTHODOX MEDIUM
SALE_40_2025,Donside,CTCBP1,1,700,UNORTHODOX MEDIUM
SALE_40_2025,Sarnia Plaiderie,BOP1,1,1550,UNORTHODOX MEDIUM
SALE_40_2025,Misty-Uva,BOP1,1,1500,UNORTHODOX LOW
SALE_40_2025,Hingalgoda,CTCPF1,0,1500,UNORTHODOX LOW
SALE_40_2025,Ceciliyan,CTCBP1,1,1440,UNORTHODOX LOW
SALE_40_2025,Sarnia Plaiderie,FBOPF/FBOPF1,0,1480,PREMIUM FLOWERY
SALE_40_2025,Dickwella,FBOPF/FBOPF1,1,1400,PREMIUM FLOWERY
SALE_40_2025,New Batuwangala,FBOPFExSp,0,5350,PREMIUM FLOWERY
SALE_40_2025,Sarnia Plaiderie,OP1,1,1650,PREMIUM FLOWERY
SALE_40_2025,Dickwella,OP1,1,1400,PREMIUM FLOWERY
SALE_40_2025,Misty-Uva,OP1,1,1360,PREMIUM FLOWERY
SALE_40_2025,Telbedde,OP1,1,1360,PREMIUM FLOWERY
SALE_40_2025,UVA HIGH Great Western,DUST1,0,1500,UVA HIGH
SALE_40_2025,Nayabedde,BOP,1,1240,UVA HIGH
SALE_40_2025,Kelliebedde,BOP,1,1220,OFF GRADES
SALE_40_2025,Spring Valley,BOP,1,870,OFF GRADES
SALE_40_2025,Hope,BOP,0,870,OFF GRADES
SALE_40_2025,Battawatte,BOPSp,0,840,OFF GRADES
SALE_40_2025,Ampittiakande,BOP1,0,1220,OFF GRADES
SALE_40_2025,Hingalgoda,CTCPF,0,1360,OFF GRADES
SALE_40_2025,Craig,FBOPF/FBOPF1,0,1400,OFF GRADES
SALE_40_2025,Gunawardana,BM,1,1040,OFF GRADES
SALE_40_2025,Ellathota Uva,OP1,1,1500,OFF GRADES
SALE_40_2025,Laksakanda,BP,0,1200,OFF GRADES
SALE_40_2025,Aldora,BOP1A,1,1420,OFF GRADES
SALE_48_2025,Inverness,OP1,0,1480,WESTERN HIGH
SALE_48_2025,Glenloch,OP1,1,1360,WESTERN HIGH
SALE_48_2025,Ancoombra,BOP,0,1950,WESTERN MEDIUM
SALE_48_2025,Dartry Valley,BOP,1,1900,NUWARA ELIYAS
SALE_48_2025,Kenmare,BOP,0,920,NUWARA ELIYAS
SALE_48_2025,Ancoombra,BOPSp,0,1550,NUWARA ELIYAS
SALE_48_2025,Kenmare,BOPSp,0,890,NUWARA ELIYAS
SALE_48_2025,Hatale,BOPSp,0,1550,NUWARA ELIYAS
SALE_48_2025,Windsorforest,BOPSp,1,1500,NUWARA ELIYAS
SALE_48_2025,Uplands,BOPSp,0,1500,NUWARA ELIYAS
SALE_48_2025,Madulkelle,BOPSp,1,1460,NUWARA ELIYAS
SALE_48_2025,Luckyland,BOP,0,1220,UDAPUSSELLAWAS
SALE_48_2025,Mooloya,BOP,0,1220,UDAPUSSELLAWAS
SALE_48_2025,Ancoombra,BOP1,0,1800,UDAPUSSELLAWAS
SALE_48_2025,Liddesdale,BOP,1,1200,UDAPUSSELLAWAS
SALE_48_2025,Harangalla,BOP1,1,1750,UDAPUSSELLAWAS
SALE_48_2025,High Forest,BOP,0,1200,UDAPUSSELLAWAS
SALE_48_2025,Kirklees,BOP,0,1200,UDAPUSSELLAWAS
SALE_48_2025,Luckyland,BOPSp,0,1200,UDAPUSSELLAWAS
SALE_48_2025,Harangalla,FBOPF/FBOPF1,1,1700,UDAPUSSELLAWAS
SALE_48_2025,Blairlomond,BOP1,1,1500,UDAPUSSELLAWAS
SALE_48_2025,Craighead,FBOPF/FBOPF1,1,1650,UDAPUSSELLAWAS
SALE_48_2025,Maha Uva,BOP1,1,1320,UDAPUSSELLAWAS
SALE_48_2025,Dartry Valley,FBOPF/FBOPF1,1,1650,UDAPUSSELLAWAS
SALE_48_2025,Ancoombra,FBOPF/FBOPF1,0,1650,UDAPUSSELLAWAS
SALE_48_2025,Hatale,FBOPF/FBOPF1,0,1650,UDAPUSSELLAWAS
SALE_48_2025,Uplands,FBOPF/FBOPF1,0,1650,UDAPUSSELLAWAS
SALE_48_2025,Delmar,FBOPF/FBOPF1,0,1600,UDAPUSSELLAWAS
SALE_48_2025,Doombagastalawa,FBOPF/FBOPF1,1,1600,UDAPUSSELLAWAS
SALE_48_2025,Blairlomond,FBOPF/FBOPF1,1,1500,UDAPUSSELLAWAS
SALE_48_2025,Dartry Valley,OP1,1,1600,UDAPUSSELLAWAS
SALE_48_2025,Delmar,OP1,0,1500,UDAPUSSELLAWAS
SALE_48_2025,Harangalla,OP1,1,1550,UDAPUSSELLAWAS
SALE_48_2025,Maha Uva,OP1,1,1420,UDAPUSSELLAWAS
SALE_48_2025,Madulkelle,OP1,1,1500,UDAPUSSELLAWAS
SALE_48_2025,Gatagahawela,OP1,0,1500,UDAPUSSELLAWAS
SALE_48_2025,Nayapane,OP1,0,1500,UDAPUSSELLAWAS
SALE_48_2025,Hatale,OP1,0,1500,UDAPUSSELLAWAS
SALE_48_2025,Mulatiyana Hills,BOP,0,2500,LOW GROWNS
SALE_48_2025,Stream Line,BOPSp,0,2300,LOW GROWNS
SALE_48_2025,Kamarangapitiya,BOPSp,1,2200,LOW GROWNS
SALE_48_2025,Parakaduwa Super,BOPF,0,1900,WESTERN HIGH
SALE_48_2025,Inverness,BOP,0,1500,WESTERN HIGH
SALE_48_2025,Uruwala,BOPF,1,1750,WESTERN HIGH
SALE_48_2025,Ingestre,BOP,1,1420,WESTERN HIGH
SALE_48_2025,Nawagamuwehena,BOPFSp,0,1900,WESTERN HIGH
SALE_48_2025,Clydesdale,BOP,1,1400,WESTERN HIGH
SALE_48_2025,Sithaka,FBOP,0,2700,WESTERN HIGH
SALE_48_2025,Queensberry,BOPSp,1,1440,WESTERN HIGH
SALE_48_2025,Galatara,FBOP,0,2600,WESTERN HIGH
SALE_48_2025,Annfield,BOPSp,1,1400,WESTERN HIGH
SALE_48_2025,Adams View,FBOP,1,2450,WESTERN HIGH
SALE_48_2025,Wanarajah,BOPSp,1,1380,WESTERN HIGH
SALE_48_2025,Athukorala Group Super,FBOP1,0,2250,WESTERN HIGH
SALE_48_2025,Gunawardana,FBOP1,1,2050,WESTERN HIGH
SALE_48_2025,Kiruwanaganga,FBOP1,1,1950,WESTERN HIGH
SALE_48_2025,Wattahena,FBOP1,0,1950,WESTERN HIGH
SALE_48_2025,Stream Line,FBOPF,0,2900,WESTERN HIGH
SALE_48_2025,Rajjuruwatta Super,FBOPF,0,2250,WESTERN HIGH
SALE_48_2025,Morawakkorale,FBOPF,1,1900,WESTERN HIGH
SALE_48_2025,Pothotuwa,FBOPF1,1,1850,WESTERN HIGH
SALE_48_2025,Makandura,FBOPF1,0,1800,WESTERN HIGH
SALE_48_2025,Galatara,FBOPF1,0,1800,WESTERN HIGH
SALE_48_2025,Gunawardana,FBOPF1,1,1750,WESTERN HIGH
SALE_48_2025,Adams View,FBOPF1,1,1750,WESTERN HIGH
SALE_48_2025,Inverness,BOP1,0,2150,WESTERN HIGH
SALE_48_2025,Pothotuwa,BOP1,1,3000,WESTERN HIGH
SALE_48_2025,Glenloch,BOP1,1,1550,WESTERN HIGH
SALE_48_2025,Sithaka,BOP1,0,2900,WESTERN HIGH
SALE_48_2025,Torrington,BOP1,1,1420,WESTERN HIGH
SALE_48_2025,Pothotuwa,OP1,1,3600,WESTERN HIGH
SALE_48_2025,Sithaka,OP1,0,3450,WESTERN HIGH
SALE_48_2025,New Kandedola,OP,1,2050,WESTERN HIGH
SALE_48_2025,Queensberry,FBOPF/FBOPF1,1,1550,WESTERN HIGH
SALE_48_2025,Liyonta,OPA,0,1900,WESTERN HIGH
SALE_48_2025,Glenloch,FBOPF/FBOPF1,1,1480,WESTERN HIGH
SALE_48_2025,Miriswatta,OPA,0,1900,WESTERN HIGH
SALE_48_2025,Adams View,PEK,1,2350,WESTERN HIGH
SALE_48_2025,Venture,OP1,0,1500,WESTERN HIGH
SALE_48_2025,Pothotuwa,PEK,1,2150,WESTERN HIGH
SALE_48_2025,Kirkoswald,OP1,1,1480,WESTERN HIGH
SALE_48_2025,Kings Bru,PEK,0,2150,WESTERN HIGH
SALE_48_2025,New Batuwangala,PEK1,0,2450,WESTERN HIGH
SALE_48_2025,Dampahala,PEK1,0,2450,WESTERN HIGH
SALE_36_2025,Ancoombra,BOP,0,1850,WESTERN MEDIUM
SALE_36_2025,Dartry Valley,BOP,1,1700,UDAPUSSELLAWAS
SALE_36_2025,Doombagastalawa,BOP,1,1650,UDAPUSSELLAWAS
SALE_36_2025,Delmar,FBOPF/FBOPF1,0,1380,UDAPUSSELLAWAS
SALE_36_2025,Hatale,BOPSp,0,1500,UDAPUSSELLAWAS
SALE_36_2025,Delmar,OP1,1,1260,UDAPUSSELLAWAS
SALE_36_2025,Hatale,BOP1,0,1850,UDAPUSSELLAWAS
SALE_36_2025,Craighead,FBOPF/FBOPF1,1,1650,LOW GROWNS
SALE_36_2025,Andaradeniya Super,BOP,0,2550,LOW GROWNS
SALE_36_2025,New Spring View,BOPSp,0,2200,LOW GROWNS
SALE_36_2025,Stream Line,BOPSp,0,2200,LOW GROWNS
SALE_36_2025,Rain Forest,BOPSp,0,2050,LOW GROWNS
SALE_36_2025,Dartry Valley,OP1,1,1460,LOW GROWNS
SALE_36_2025,Kamarangapitiya,BOPSp,1,2000,LOW GROWNS
SALE_36_2025,Kings Bru,BOPF,0,2000,LOW GROWNS
SALE_36_2025,Uruwala,BOPF,1,1800,LOW GROWNS
SALE_36_2025,Sithaka,BOPF,0,1800,LOW GROWNS
SALE_36_2025,Rajjuruwatta Super,BOPFSp,0,2700,LOW GROWNS
SALE_36_2025,Sithaka,FBOP,0,2550,LOW GROWNS
SALE_36_2025,Kiruwanaganga,FBOP1,1,2350,LOW GROWNS
SALE_36_2025,Dullie Ella,FBOP1,1,1850,LOW GROWNS
SALE_36_2025,Lumbini,FBOP1,0,1850,LOW GROWNS
SALE_36_2025,Sithaka,FBOP1,0,1850,LOW GROWNS
SALE_36_2025,New Laksakanda,FBOPF,0,2000,LOW GROWNS
SALE_36_2025,Gunawardana,FBOPF,1,1650,LOW GROWNS
SALE_36_2025,Hedigalla,FBOPF,0,1650,LOW GROWNS
SALE_36_2025,Super Rathmalgoda Super,FBOPF,0,1650,LOW GROWNS
SALE_36_2025,Ganganee,FBOPF,0,1650,WESTERN HIGH
SALE_36_2025,Norwood,BOP,0,1500,WESTERN HIGH
SALE_36_2025,Sithaka,FBOPF,0,1650,WESTERN HIGH
SALE_36_2025,Bearwell,BOPSp,0,1550,WESTERN HIGH
SALE_36_2025,Pothotuwa,FBOPF1,1,1750,WESTERN HIGH
SALE_36_2025,Gunawardana,FBOPF1,1,1650,WESTERN HIGH
SALE_36_2025,Inverness,BOP1,0,1750,WESTERN HIGH
SALE_36_2025,Lanka,FBOPF1,0,1650,WESTERN HIGH
SALE_36_2025,Liyonta,FBOPF1,0,1650,WESTERN HIGH
SALE_36_2025,Lions,FBOPF1,0,1650,WESTERN HIGH
SALE_36_2025,Bogahawatte,FBOPF/FBOPF1,0,1420,WESTERN HIGH
SALE_36_2025,Lakvinka,FBOPF1,0,1650,WESTERN HIGH
SALE_36_2025,Glenloch,FBOPF/FBOPF1,1,1400,WESTERN HIGH
SALE_36_2025,Green Lanka,FBOPF1,0,1650,WESTERN HIGH
SALE_36_2025,Cymru,FBOPF/FBOPF1,0,1400,WESTERN HIGH
SALE_36_2025,Makandura,FBOPF1,0,1650,WESTERN HIGH
SALE_36_2025,Sithaka,FBOPF1,0,1650,WESTERN HIGH
SALE_36_2025,Sunrise,FBOPF1,0,1650,WESTERN HIGH
SALE_36_2025,Dampahala,FBOPF1,0,1650,WESTERN HIGH
SALE_36_2025,Pothotuwa,BOP1,1,3000,WESTERN HIGH
SALE_36_2025,Glenloch,OP1,1,1460,WESTERN HIGH
SALE_36_2025,Susantha,OP1,0,3300,WESTERN HIGH
SALE_36_2025,Pothotuwa,OP1,1,2850,WESTERN HIGH
SALE_36_2025,Lions,OP1,0,2850,NUWARA ELIYAS
SALE_36_2025,Court Lodge,BOP,1,1000,NUWARA ELIYAS
SALE_36_2025,Green Lanka,OP,0,1650,NUWARA ELIYAS
SALE_36_2025,Miriswatta,OP,0,1650,NUWARA ELIYAS
SALE_36_2025,Mahaliyadda,OP,0,1650,NUWARA ELIYAS
SALE_36_2025,Liyonta,OPA,0,1950,NUWARA ELIYAS
SALE_36_2025,Liyonta,PEK,0,3050,NUWARA ELIYAS
SALE_36_2025,Lumbini,PEK,0,3050,UDAPUSSELLAWAS
SALE_36_2025,Luckyland,BOP,0,1180,UDAPUSSELLAWAS
SALE_36_2025,New Batuwangala,PEK1,0,3050,UDAPUSSELLAWAS
SALE_36_2025,Mooloya,BOPSp,0,1060,UDAPUSSELLAWAS
SALE_45_2025,Dartry Valley,BOP,1,1850,NUWARA ELIYAS
SALE_45_2025,Ancoombra,BOP,0,1850,NUWARA ELIYAS
SALE_45_2025,Harangalla,BOP,1,1800,NUWARA ELIYAS
SALE_45_2025,Doombagastalawa,BOP,1,1550,NUWARA ELIYAS
SALE_45_2025,Ancoombra,BOPSp,0,1460,NUWARA ELIYAS
SALE_45_2025,Dartry Valley,BOP1,1,1850,UDAPUSSELLAWAS
SALE_45_2025,Kirklees,BOP,0,1180,UDAPUSSELLAWAS
SALE_45_2025,High Forest,BOP,1,1160,UDAPUSSELLAWAS
SALE_45_2025,Kirklees,BOPSp,0,1160,UDAPUSSELLAWAS
SALE_45_2025,Craighead,FBOPF/FBOPF1,1,1800,UDAPUSSELLAWAS
SALE_45_2025,Mooloya,BOPSp,0,1160,UDAPUSSELLAWAS
SALE_45_2025,Harangalla,FBOPF/FBOPF1,1,1600,UDAPUSSELLAWAS
SALE_45_2025,Dartry Valley,FBOPF/FBOPF1,1,1600,UDAPUSSELLAWAS
SALE_45_2025,Maha Uva,BOP1,1,1300,UDAPUSSELLAWAS
SALE_45_2025,Ancoombra,FBOPF/FBOPF1,0,1600,UDAPUSSELLAWAS
SALE_45_2025,Hatale,FBOPF/FBOPF1,0,1600,UDAPUSSELLAWAS
SALE_45_2025,Maha Uva,FBOPF/FBOPF1,1,1460,UDAPUSSELLAWAS
SALE_45_2025,Windsorforest,FBOPF/FBOPF1,1,1550,UDAPUSSELLAWAS
SALE_45_2025,Delmar,FBOPF/FBOPF1,1,1420,UDAPUSSELLAWAS
SALE_45_2025,Doombagastalawa,FBOPF/FBOPF1,1,1550,UDAPUSSELLAWAS
SALE_45_2025,Galgewatta,FBOPF/FBOPF1,0,1550,UDAPUSSELLAWAS
SALE_45_2025,Orange Field,FBOPF/FBOPF1,0,1550,UDAPUSSELLAWAS
SALE_45_2025,Delmar,OP1,1,1180,UDAPUSSELLAWAS
SALE_45_2025,Maha Uva,OP1,1,860,UDAPUSSELLAWAS
SALE_45_2025,Harangalla,OP1,1,1480,UDAPUSSELLAWAS
SALE_45_2025,Hansagiri Kothmale,OP1,0,1480,UDAPUSSELLAWAS
SALE_45_2025,Mulatiyana Hills,BOP,0,2450,LOW GROWNS
SALE_45_2025,Stream Line,BOPSp,0,2500,LOW GROWNS
SALE_45_2025,Kamarangapitiya,BOPSp,1,2400,LOW GROWNS
SALE_45_2025,Uruwala,BOPF,0,1800,LOW GROWNS
SALE_45_2025,WESTERN HIGH H P P Tea,BOPFSp,0,2250,WESTERN HIGH
SALE_45_2025,Bearwell,BOP,0,1360,WESTERN HIGH
SALE_45_2025,Queensberry,BOPSp,1,1400,WESTERN HIGH
SALE_45_2025,Adams View,FBOP,1,2450,WESTERN HIGH
SALE_45_2025,Sunrise,FBOP,0,2450,WESTERN HIGH
SALE_45_2025,Galatara,FBOP,0,2450,WESTERN HIGH
SALE_45_2025,Sithaka,FBOP1,0,2100,WESTERN HIGH
SALE_45_2025,Rajjuruwatta Super,FBOPF,0,2200,WESTERN HIGH
SALE_45_2025,Rajjuruwatta Super,FBOPF1,0,2150,WESTERN HIGH
SALE_45_2025,Pothotuwa,FBOPF1,1,1800,WESTERN HIGH
SALE_45_2025,Adams View,FBOPF1,1,1700,WESTERN HIGH
SALE_45_2025,Woodland Grand,FBOPF1,0,1700,WESTERN HIGH
SALE_45_2025,Lumbini,FBOPF1,0,1700,WESTERN HIGH
SALE_45_2025,Makandura,FBOPF1,0,1700,WESTERN HIGH
SALE_45_2025,Bambrakelly,BOP1,0,1320,WESTERN HIGH
SALE_45_2025,Makandura,OP1,0,3400,WESTERN HIGH
SALE_45_2025,Inverness,FBOPF/FBOPF1,0,1480,WESTERN HIGH
SALE_45_2025,Fairlawn,FBOPF/FBOPF1,0,1480,WESTERN HIGH
SALE_45_2025,Miriswatta,OP,0,1650,WESTERN HIGH
SALE_45_2025,Bambarakelly,OP1,0,1480,WESTERN HIGH
SALE_45_2025,Liyonta,PEK,0,2550,WESTERN HIGH
SALE_45_2025,NUWARA ELIYAS Andaradeniya,PEK1,0,2550,NUWARA ELIYAS
SALE_41_2025,Hatale,BOP,0,2050,NUWARA ELIYAS
SALE_41_2025,Uplands,BOPSp,0,1440,NUWARA ELIYAS
SALE_41_2025,Craighead,BOPSp,1,1400,NUWARA ELIYAS
SALE_41_2025,Mooloya,BOP,0,1040,UDAPUSSELLAWAS
SALE_41_2025,Dartry Valley,BOP1,1,1900,UDAPUSSELLAWAS
SALE_41_2025,Maha Uva,BOP1,1,1300,UDAPUSSELLAWAS
SALE_41_2025,Maha Uva,FBOPF/FBOPF1,1,1360,UDAPUSSELLAWAS
SALE_41_2025,Delmar,FBOPF/FBOPF1,1,1360,UDAPUSSELLAWAS
SALE_41_2025,Craighead,FBOPF/FBOPF1,1,1600,UDAPUSSELLAWAS
SALE_41_2025,Maha Uva,OP1,1,1340,UDAPUSSELLAWAS
SALE_41_2025,Dartry Valley,FBOPF/FBOPF1,1,1550,UDAPUSSELLAWAS
SALE_41_2025,Harangalla,FBOPF/FBOPF1,0,1550,UDAPUSSELLAWAS
SALE_41_2025,Ancoombra,FBOPF/FBOPF1,0,1550,UDAPUSSELLAWAS
SALE_41_2025,Hatale,FBOPF/FBOPF1,0,1550,LOW GROWNS
SALE_41_2025,Aruna,BOP,0,2450,LOW GROWNS
SALE_41_2025,Doombagastalawa,FBOPF/FBOPF1,1,1500,LOW GROWNS
SALE_41_2025,Rajjuruwatta Super,BOPSp,0,2300,LOW GROWNS
SALE_41_2025,Kamarangapitiya,BOPSp,1,2100,LOW GROWNS
SALE_41_2025,Greenwood,OP1,0,1700,LOW GROWNS
SALE_41_2025,Craighead,OP1,1,1650,LOW GROWNS
SALE_41_2025,Sithaka,FBOP,0,2600,LOW GROWNS
SALE_41_2025,Wattahena,FBOP1,0,1900,LOW GROWNS
SALE_41_2025,New Kolonne,FBOP1,1,1850,LOW GROWNS
SALE_41_2025,Aruna,FBOP1,0,1850,WESTERN HIGH
SALE_41_2025,Norwood,BOP,1,1550,WESTERN HIGH
SALE_41_2025,Robgill,BOP,1,1440,WESTERN HIGH
SALE_41_2025,Ingestre,BOP,0,1440,WESTERN HIGH
SALE_41_2025,Inverness,BOP,0,1440,WESTERN HIGH
SALE_41_2025,Mattakelle,BOPSp,0,1550,WESTERN HIGH
SALE_41_2025,Rotumba,FBOP1,0,1800,WESTERN HIGH
SALE_41_2025,Wattegodde,BOPSp,1,1480,WESTERN HIGH
SALE_41_2025,Hedigalla,FBOPF,0,1900,WESTERN HIGH
SALE_41_2025,Bearwell,BOPSp,1,1420,WESTERN HIGH
SALE_41_2025,Adams View,FBOPF1,1,1800,WESTERN HIGH
SALE_41_2025,Lumbini,FBOPF1,0,1750,WESTERN HIGH
SALE_41_2025,Sithaka,FBOPF1,0,1750,WESTERN HIGH
SALE_41_2025,Pothotuwa,FBOPF1,1,1700,WESTERN HIGH
SALE_41_2025,Makandura,FBOPF1,0,1700,WESTERN HIGH
SALE_41_2025,Susantha,BOP1,0,2950,WESTERN HIGH
SALE_41_2025,Green House,BOP1,0,2400,WESTERN HIGH
SALE_41_2025,Inverness,BOP1,0,1850,WESTERN HIGH
SALE_41_2025,Adams View,BOP1,1,2350,WESTERN HIGH
SALE_41_2025,Torrington,BOP1,1,1200,WESTERN HIGH
SALE_41_2025,Pothotuwa,OP1,1,3450,WESTERN HIGH
SALE_41_2025,New Batuwangala,OP1,0,3100,WESTERN HIGH
SALE_41_2025,Fairlawn,FBOPF/FBOPF1,0,1480,WESTERN HIGH
SALE_41_2025,Miriswatta,OP1,0,3100,WESTERN HIGH
SALE_41_2025,Kolonna Super,OP1,1,3050,WESTERN HIGH
SALE_41_2025,Cymru,OP1,0,1480,WESTERN HIGH
SALE_41_2025,Miriswatta,OP,0,1700,WESTERN HIGH
SALE_41_2025,Liyonta,OPA,0,1950,WESTERN HIGH
SALE_41_2025,Lumbini,PEK,0,2300,WESTERN HIGH
SALE_41_2025,New Batuwangala,PEK1,0,2400,NUWARA ELIYAS
SALE_41_2025,Liyionta,PEK1,0,2400,NUWARA ELIYAS
SALE_49_2025,Harangalla,BOP,0,1950,WESTERN MEDIUM
SALE_49_2025,Queensberry,FBOPF/FBOPF1,1,1500,WESTERN MEDIUM
SALE_49_2025,Galgewatta,BOP,0,1950,WESTERN MEDIUM
SALE_49_2025,Dartry Valley,BOP,1,1900,WESTERN MEDIUM
SALE_49_2025,Ancoombra,BOP,0,1900,WESTERN MEDIUM
SALE_49_2025,Venture,OP1,0,1550,WESTERN MEDIUM
SALE_49_2025,Ancoombra,BOPSp,0,1600,WESTERN MEDIUM
SALE_49_2025,Craighead,BOPSp,1,1500,WESTERN MEDIUM
SALE_49_2025,Craighead,BOP1,1,2000,NUWARA ELIYAS
SALE_49_2025,Mooloya,BOP,0,1180,UDAPUSSELLAWAS
SALE_49_2025,Mooloya,BOPSp,0,1180,UDAPUSSELLAWAS
SALE_49_2025,Harangalla,FBOPF/FBOPF1,1,1650,UDAPUSSELLAWAS
SALE_49_2025,Maha Uva,BOP1,1,1460,UDAPUSSELLAWAS
SALE_49_2025,Dartry Valley,FBOPF/FBOPF1,1,1650,UDAPUSSELLAWAS
SALE_49_2025,Ancoombra,FBOPF/FBOPF1,0,1650,UDAPUSSELLAWAS
SALE_49_2025,Blairlomond,FBOPF/FBOPF1,1,1550,UDAPUSSELLAWAS
SALE_49_2025,Craighead,OP1,1,1700,UDAPUSSELLAWAS
SALE_49_2025,Dartry Valley,OP1,1,1550,UDAPUSSELLAWAS
SALE_49_2025,Madulkelle,OP1,1,1550,UDAPUSSELLAWAS
SALE_49_2025,Blairlomond,OP1,0,1550,UDAPUSSELLAWAS
SALE_49_2025,Harangalla,OP1,0,1550,UDAPUSSELLAWAS
SALE_49_2025,Maha Uva,OP1,1,1480,UDAPUSSELLAWAS
SALE_49_2025,Aruna,BOP,0,2250,LOW GROWNS
SALE_49_2025,Stream Line,BOPSp,0,2100,WESTERN HIGH
SALE_49_2025,Fetteresso,BOP,0,1400,WESTERN HIGH
SALE_49_2025,Lellopitiya Super,BOPSp,0,2100,WESTERN HIGH
SALE_49_2025,Ingestre,BOPSp,1,1550,WESTERN HIGH
SALE_49_2025,Kamarangapitiya,BOPSp,1,2050,WESTERN HIGH
SALE_49_2025,Annfield,BOPSp,1,1480,WESTERN HIGH
SALE_49_2025,Rajjuruwatta Super,BOPF,0,2200,WESTERN HIGH
SALE_49_2025,Bogawantalawa,BOPSp,1,1480,WESTERN HIGH
SALE_49_2025,H P P Tea,BOPFSp,0,2250,WESTERN HIGH
SALE_49_2025,Bearwell,BOPSp,1,1460,WESTERN HIGH
SALE_49_2025,Galatara,FBOP,0,2700,WESTERN HIGH
SALE_49_2025,Queensberry,BOPSp,1,1460,WESTERN HIGH
SALE_49_2025,Kiruwanaganga,FBOP1,1,1900,WESTERN HIGH
SALE_49_2025,Stream Line,FBOPF,0,2550,WESTERN HIGH
SALE_49_2025,Adams View,FBOPF1,1,1900,WESTERN HIGH
SALE_49_2025,Pothotuwa,BOP1,1,3000,WESTERN HIGH
SALE_49_2025,Pothotuwa,OP1,1,3600,WESTERN HIGH
SALE_49_2025,Kiruwanaganga,OP1,1,3550,WESTERN HIGH
SALE_49_2025,Wattahena,OP,0,1900,WESTERN HIGH
SALE_49_2025,Miriswatta,OP,0,1750,WESTERN HIGH
SALE_49_2025,Pothotuwa,OP,1,1600,WESTERN HIGH
SALE_49_2025,Galahitiya,OP,0,1600,WESTERN HIGH
SALE_49_2025,Liyonta,OPA,0,2000,WESTERN HIGH
SALE_49_2025,Torrington,BOP1,1,1380,WESTERN HIGH
SALE_49_2025,Lumbini,PEK,0,2500,WESTERN HIGH
SALE_49_2025,New Batuwangala,PEK1,0,2500,WESTERN HIGH
SALE_46_2025,Ancoombra,BOP,0,2000,WESTERN MEDIUM
SALE_46_2025,Dartry Valley,BOP,1,1900,WESTERN MEDIUM
SALE_46_2025,Nayapane,BOP,0,1900,WESTERN MEDIUM
SALE_46_2025,Ancoombra,BOPSp,0,1500,NUWARA ELIYAS
SALE_46_2025,Uplands,BOPSp,0,1500,NUWARA ELIYAS
SALE_46_2025,New Rothschild,BOP1,0,1600,NUWARA ELIYAS
SALE_46_2025,Craighead,FBOPF/FBOPF1,1,1650,UDAPUSSELLAWAS
SALE_46_2025,Harangalla,FBOPF/FBOPF1,1,1600,UDAPUSSELLAWAS
SALE_46_2025,Dartry Valley,FBOPF/FBOPF1,1,1600,UDAPUSSELLAWAS
SALE_46_2025,Ancoombra,FBOPF/FBOPF1,0,1600,UDAPUSSELLAWAS
SALE_46_2025,Imboolpittia,FBOPF/FBOPF1,1,1550,UDAPUSSELLAWAS
SALE_46_2025,Uplands,FBOPF/FBOPF1,0,1550,UDAPUSSELLAWAS
SALE_46_2025,Hill Castle,OP1,0,1500,UDAPUSSELLAWAS
SALE_46_2025,Harangalla,OP1,1,1460,UDAPUSSELLAWAS
SALE_46_2025,BTS Super,OP1,0,1460,UDAPUSSELLAWAS
SALE_46_2025,Maha Uva,OP1,1,1440,UDAPUSSELLAWAS
SALE_46_2025,Delmar,OP1,1,1260,UDAPUSSELLAWAS
SALE_46_2025,Mahaliyadda,BOP,0,2350,LOW GROWNS
SALE_46_2025,Himora,BOP,0,2350,LOW GROWNS
SALE_46_2025,New Spring View,BOPSp,0,2550,LOW GROWNS
SALE_46_2025,Kamarangapitiya,BOPSp,1,2000,LOW GROWNS
SALE_46_2025,Parakaduwa Super,BOPF,0,1950,LOW GROWNS
SALE_46_2025,WESTERN HIGH Rajjuruwatta Super,BOPFSp,0,2050,WESTERN HIGH
SALE_46_2025,Inverness,BOP,0,1480,WESTERN HIGH
SALE_46_2025,Somerset,BOP,1,1380,WESTERN HIGH
SALE_46_2025,Queensberry,BOPSp,1,1420,WESTERN HIGH
SALE_46_2025,Annfield,BOPSp,1,1420,WESTERN HIGH
SALE_46_2025,Wanarajah,BOPSp,1,1380,WESTERN HIGH
SALE_46_2025,Pothotuwa,FBOPF1,1,1700,WESTERN HIGH
SALE_46_2025,Gunawardana,FBOPF1,1,1700,WESTERN HIGH
SALE_46_2025,Adams View,FBOPF1,1,1700,WESTERN HIGH
SALE_46_2025,Lumbini,FBOPF1,0,1700,WESTERN HIGH
SALE_46_2025,Sithaka,FBOPF1,0,1700,WESTERN HIGH
SALE_46_2025,Pothotuwa,BOP1,1,2900,WESTERN HIGH
SALE_46_2025,Inverness,BOP1,0,1480,WESTERN HIGH
SALE_46_2025,Pothotuwa,OP1,1,3350,WESTERN HIGH
SALE_46_2025,Glenloch,FBOPF/FBOPF1,1,1460,WESTERN HIGH
SALE_46_2025,Fairlawn,FBOPF/FBOPF1,0,1460,WESTERN HIGH
SALE_46_2025,Bogahawatte,FBOPF/FBOPF1,0,1460,WESTERN HIGH
SALE_46_2025,Liyonta,PEK1,0,2600,WESTERN HIGH
SALE_42_2025,Pettiagalla,BOP,0,1340,UVA MEDIUM
SALE_42_2025,Hindagala,BOPSp,0,1420,UVA HIGH
SALE_42_2025,Dickwella,BOP1,0,1650,UNORTHODOX HIGH
SALE_42_2025,Dunsinane,CTCPF1,0,1160,UNORTHODOX HIGH
SALE_42_2025,Aultmore,CTCBP1,1,890,UNORTHODOX MEDIUM
SALE_42_2025,Shawlands,FBOPF/FBOPF1,1,1400,UNORTHODOX MEDIUM
SALE_42_2025,Park Side,CTCBPS,0,580,UNORTHODOX MEDIUM
SALE_42_2025,Aruna Passara,FBOPF/FBOPF1,0,1400,UNORTHODOX MEDIUM
SALE_42_2025,Plaiderie Hingalgoda,CTCPF1,0,1500,UNORTHODOX LOW
SALE_42_2025,Ceciliyan,CTCBP1,0,1440,UNORTHODOX LOW
SALE_42_2025,High Spring,OP1,0,1400,PREMIUM FLOWERY
SALE_42_2025,Hindagala,OP1,0,1400,PREMIUM FLOWERY
SALE_42_2025,Dickwella,OP1,1,1320,PREMIUM FLOWERY
SALE_42_2025,Ceciliyan,FBOPFExSp,1,5950,PREMIUM FLOWERY
SALE_42_2025,Nayabedde,BOP,0,1280,UVA HIGH
SALE_42_2025,Kelliebedde,BOP,1,1200,UVA HIGH
SALE_42_2025,Uva Highlands,BOPSp,1,1550,UVA HIGH
SALE_42_2025,Great Western,DUST1,1,1550,UVA HIGH
SALE_42_2025,Ceciliyan CTC,PD,0,1480,UVA HIGH
SALE_42_2025,Uva Highlands,BOP1,1,1700,UVA HIGH
SALE_42_2025,Chandrika,CTCPF,1,1080,UVA HIGH
SALE_42_2025,Aislaby,FBOPF/FBOPF1,1,1500,UVA HIGH
SALE_42_2025,Bogoda,BM,0,1220,UVA HIGH
SALE_42_2025,Ellathota Uva,FBOPF/FBOPF1,1,1340,UVA HIGH
SALE_42_2025,Kothmale Hills,BP,0,1320,UVA HIGH
SALE_43_2025,Ancoombra,BOP,0,1900,WESTERN MEDIUM
SALE_43_2025,Dartry Valley,BOP,1,1750,UDAPUSSELLAWAS
SALE_43_2025,Harangalla,BOP,1,1650,UDAPUSSELLAWAS
SALE_43_2025,Ancoombra,BOPSp,0,1550,UDAPUSSELLAWAS
SALE_43_2025,Craighead,BOPSp,1,1460,UDAPUSSELLAWAS
SALE_43_2025,Imboolpittia,BOPSp,1,1020,UDAPUSSELLAWAS
SALE_43_2025,Maha Uva,BOP1,1,1180,UDAPUSSELLAWAS
SALE_43_2025,Hatale,BOP1,0,1800,UDAPUSSELLAWAS
SALE_43_2025,Dartry Valley,BOP1,1,1750,UDAPUSSELLAWAS
SALE_43_2025,Maha Uva,FBOPF/FBOPF1,1,1460,UDAPUSSELLAWAS
SALE_43_2025,Dartry Valley,FBOPF/FBOPF1,1,1600,UDAPUSSELLAWAS
SALE_43_2025,Maha Uva,OP1,1,1320,UDAPUSSELLAWAS
SALE_43_2025,Ancoombra,FBOPF/FBOPF1,0,1600,UDAPUSSELLAWAS
SALE_43_2025,Craighead,FBOPF/FBOPF1,1,1550,UDAPUSSELLAWAS
SALE_43_2025,Doombagastalawa,FBOPF/FBOPF1,1,1550,LOW GROWNS
SALE_43_2025,Nawagamuwehena,BOP,0,2450,LOW GROWNS
SALE_43_2025,Imboolpittia,FBOPF/FBOPF1,1,1550,LOW GROWNS
SALE_43_2025,New Spring View,BOPSp,0,2450,LOW GROWNS
SALE_43_2025,Stream Line,BOPSp,0,2450,LOW GROWNS
SALE_43_2025,Craighead,OP1,1,1500,LOW GROWNS
SALE_43_2025,Rathmalgoda Super,BOPF,0,1800,LOW GROWNS
SALE_43_2025,Galgewatta,OP1,0,1500,LOW GROWNS
SALE_43_2025,Rajjuruwatta Super,BOPFSp,0,2400,LOW GROWNS
SALE_43_2025,Doombagastalawa,OP1,1,1460,LOW GROWNS
SALE_43_2025,Sithaka,FBOP,0,2600,LOW GROWNS
SALE_43_2025,Galatara,FBOP,0,2450,LOW GROWNS
SALE_43_2025,Adams View,FBOP,1,2400,LOW GROWNS
SALE_43_2025,Wattahena,FBOP1,0,2000,LOW GROWNS
SALE_43_2025,New Laksakanda,FBOPF,0,2200,WESTERN HIGH
SALE_43_2025,Wanarajah,BOP,1,1380,WESTERN HIGH
SALE_43_2025,Pothotuwa,FBOPF1,1,1750,WESTERN HIGH
SALE_43_2025,Inverness,BOP,0,1380,WESTERN HIGH
SALE_43_2025,Makandura,FBOPF1,0,1750,WESTERN HIGH
SALE_43_2025,Holyrood,BOP,1,1360,WESTERN HIGH
SALE_43_2025,Dullie Ella,FBOPF1,1,1650,WESTERN HIGH
SALE_43_2025,Bearwell,BOP,1,1340,WESTERN HIGH
SALE_43_2025,Lickra,FBOPF1,0,1650,WESTERN HIGH
SALE_43_2025,Bearwell,BOPSp,1,1480,WESTERN HIGH
SALE_43_2025,Arbour Valley,FBOPF1,0,1650,WESTERN HIGH
SALE_43_2025,Rain Forest,FBOPF1,0,1650,WESTERN HIGH
SALE_43_2025,Hidigalla,FBOPF1,0,1650,WESTERN HIGH
SALE_43_2025,Dellawa,FBOPF1,1,1600,WESTERN HIGH
SALE_43_2025,Karagoda,FBOPF1,0,1600,WESTERN HIGH
SALE_43_2025,Lumbini,FBOPF1,0,1600,WESTERN HIGH
SALE_43_2025,Inverness,BOP1,0,1650,WESTERN HIGH
SALE_43_2025,Kolonna Super,FBOPF1,0,1600,WESTERN HIGH
SALE_43_2025,Torrington,BOP1,1,1360,WESTERN HIGH
SALE_43_2025,Wattahena,FBOPF1,0,1600,WESTERN HIGH
SALE_43_2025,Sithaka,FBOPF1,0,1600,WESTERN HIGH
SALE_43_2025,Inverness,FBOPF/FBOPF1,0,1460,WESTERN HIGH
SALE_43_2025,Pothotuwa,BOP1,1,3000,WESTERN HIGH
SALE_43_2025,Pothotuwa,OP1,1,3400,WESTERN HIGH
SALE_43_2025,Kolonna Super,OP1,1,3100,WESTERN HIGH
SALE_43_2025,Inverness,OP1,0,1480,WESTERN HIGH
SALE_43_2025,Lions,OP1,0,3100,WESTERN HIGH
SALE_43_2025,Miriswatta,OP,0,1600,WESTERN HIGH
SALE_43_2025,Liyonta,OPA,0,1900,NUWARA ELIYAS
SALE_43_2025,Mahagastotte,BOP,1,1240,NUWARA ELIYAS
SALE_43_2025,Luck Dais,OPA,0,1900,NUWARA ELIYAS
SALE_43_2025,Liyonta,PEK,0,2350,NUWARA ELIYAS
SALE_43_2025,Lumbini,PEK,0,2350,NUWARA ELIYAS
SALE_43_2025,Pothotuwa,PEK1,1,2450,NUWARA ELIYAS
SALE_43_2025,Liyonta,PEK1,0,2450,UDAPUSSELLAWAS
SALE_43_2025,Kirklees,BOP,0,1100,UDAPUSSELLAWAS
SALE_43_2025,Mooloya,BOPSp,0,1060,UDAPUSSELLAWAS
SALE_50_2025,Queensberry,FBOPF/FBOPF1,1,1480,WESTERN HIGH
SALE_50_2025,Torrington,FBOPF/FBOPF1,1,1460,WESTERN MEDIUM
SALE_50_2025,Doombagastalawa,BOP,1,1440,WESTERN MEDIUM
SALE_50_2025,Cymru,FBOPF/FBOPF1,0,1460,WESTERN MEDIUM
SALE_50_2025,Doombagastalawa,BOPSp,1,1180,WESTERN MEDIUM
SALE_50_2025,Gartmore,FBOPF/FBOPF1,1,1360,WESTERN MEDIUM
SALE_50_2025,Imboolpittia,BOPSp,1,960,WESTERN MEDIUM
SALE_50_2025,Venture,OP1,0,1480,WESTERN MEDIUM
SALE_50_2025,St Andrews,OP1,0,1480,WESTERN MEDIUM
SALE_50_2025,Nayapane,BOP1,0,1700,NUWARA ELIYAS
SALE_50_2025,Court Lodge,BOP,1,1040,NUWARA ELIYAS
SALE_50_2025,Harangalla,BOP1,0,1700,NUWARA ELIYAS
SALE_50_2025,Liddesdale,BOP,1,1140,UDAPUSSELLAWAS
SALE_50_2025,Harangalla,FBOPF/FBOPF1,0,1650,UDAPUSSELLAWAS
SALE_50_2025,High Forest,BOP,0,1140,UDAPUSSELLAWAS
SALE_50_2025,Craighead,FBOPF/FBOPF1,1,1500,UDAPUSSELLAWAS
SALE_50_2025,Mooloya,BOP,0,1140,UDAPUSSELLAWAS
SALE_50_2025,Doombagastalawa,FBOPF/FBOPF1,1,1500,UDAPUSSELLAWAS
SALE_50_2025,Kirklees,BOPSp,0,1000,UDAPUSSELLAWAS
SALE_50_2025,Dartry Valley,FBOPF/FBOPF1,1,1500,UDAPUSSELLAWAS
SALE_50_2025,New Rothschild,FBOPF/FBOPF1,0,1500,UDAPUSSELLAWAS
SALE_50_2025,Erin Super,FBOPF/FBOPF1,0,1500,UDAPUSSELLAWAS
SALE_50_2025,Blairlomond,FBOPF/FBOPF1,1,1480,UDAPUSSELLAWAS
SALE_50_2025,Imboolpittia,FBOPF/FBOPF1,1,1480,UDAPUSSELLAWAS
SALE_50_2025,Maha Uva,FBOPF/FBOPF1,1,1460,UDAPUSSELLAWAS
SALE_50_2025,Galgewatta,OP1,0,1800,UDAPUSSELLAWAS
SALE_50_2025,Delmar,OP1,0,1420,UDAPUSSELLAWAS
SALE_50_2025,New Laksakanda,BOP,0,2250,WESTERN HIGH
SALE_50_2025,Inverness,BOP,0,1480,WESTERN HIGH
SALE_50_2025,Elaine Super,BOPSp,0,2300,WESTERN HIGH
SALE_50_2025,Norwood,BOP,1,1360,WESTERN HIGH
SALE_50_2025,Bambrakelly,BOP,0,1360,WESTERN HIGH
SALE_50_2025,Gouravilla,BOP,1,1260,WESTERN HIGH
SALE_50_2025,Mulatiyana Hills,BOPFSp,0,1480,WESTERN HIGH
SALE_50_2025,Holyrood,BOP,0,1260,WESTERN HIGH
SALE_50_2025,Galatara,FBOP,0,2500,WESTERN HIGH
SALE_50_2025,Wattegodde,BOP,0,1260,WESTERN HIGH
SALE_50_2025,Kiruwanaganga,FBOP1,1,1950,WESTERN HIGH
SALE_50_2025,Dessford,BOP,0,1260,WESTERN HIGH
SALE_50_2025,Hedigalla,FBOPF,0,1950,WESTERN HIGH
SALE_50_2025,Ingestre,BOPSp,0,1550,WESTERN HIGH
SALE_50_2025,Norwood,BOPSp,1,1380,WESTERN HIGH
SALE_50_2025,New Laksakanda,FBOPF,0,1850,WESTERN HIGH
SALE_50_2025,Annfield,BOPSp,1,1340,WESTERN HIGH
SALE_50_2025,Gunawardana,FBOPF,1,1800,WESTERN HIGH
SALE_50_2025,Lumbini,FBOPF1,0,2000,WESTERN HIGH
SALE_50_2025,Garden Leaf Super,FBOPF1,1,1800,WESTERN HIGH
SALE_50_2025,Pothotuwa,BOP1,1,3000,WESTERN HIGH
SALE_50_2025,Pothotuwa,OP1,1,3600,WESTERN HIGH
SALE_50_2025,Makandura,OP1,0,3600,WESTERN HIGH
SALE_50_2025,Lion,OP1,0,3600,WESTERN HIGH
SALE_50_2025,Inverness,BOP1,0,2250,WESTERN HIGH
SALE_50_2025,Miriswatta,OP,0,1750,WESTERN HIGH
SALE_50_2025,Rotumba,OPA,0,2100,WESTERN HIGH
SALE_50_2025,Liyonta,PEK,0,2700,WESTERN HIGH
SALE_50_2025,New Laksakanda,PEK1,0,2400,WESTERN HIGH
SALE_50_2025,Dickwella,BOP,1,1460,UNORTHODOX HIGH
SALE_50_2025,Florence,CTCPF1,1,1140,UNORTHODOX HIGH
SALE_50_2025,Hindagala,BOPSp,0,1380,UNORTHODOX HIGH
SALE_50_2025,Uva Samovar,BOPSp,1,1240,UNORTHODOX MEDIUM
SALE_50_2025,Duckwari,CTCPF1,1,1140,UNORTHODOX MEDIUM
SALE_50_2025,Donside,CTCBP1,1,810,UNORTHODOX MEDIUM
SALE_50_2025,Park Side,CTCBPS,0,500,UNORTHODOX MEDIUM
SALE_50_2025,Aruna Passara,BOP1,0,1550,UNORTHODOX MEDIUM
SALE_50_2025,Uva,BOP1,1,1500,UNORTHODOX LOW
SALE_50_2025,Liyonta,CTCPF1,1,1400,UNORTHODOX LOW
SALE_50_2025,High Spring,FBOPF/FBOPF1,0,1480,UNORTHODOX LOW
SALE_50_2025,Wewesse,OP1,0,1500,PREMIUM FLOWERY
SALE_50_2025,Rasa,FBOPFSp,0,6200,PREMIUM FLOWERY
SALE_50_2025,Sithaka,FBOPFExSp,0,6100,PREMIUM FLOWERY
SALE_50_2025,Ceciliyan,FBOPFExSp,1,5050,UVA HIGH
SALE_50_2025,Mount Uva,BOP,0,1300,UVA HIGH
SALE_50_2025,Kings Bru,FBOPFExSp1,0,4550,UVA HIGH
SALE_50_2025,Nayabedde,BOP,1,1220,UVA HIGH
SALE_50_2025,Kelliebedde,BOP,1,1160,DUSTS
SALE_50_2025,Great Western,DUST1,1,1700,DUSTS
SALE_50_2025,Bandaraeliya,BOP,1,1160,DUSTS
SALE_50_2025,Mattakelle,DUST1,0,1700,DUSTS
SALE_50_2025,Aislaby,BOPSp,1,1460,DUSTS
SALE_50_2025,Ceciliyan CTC,PD,0,1460,DUSTS
SALE_50_2025,Aislaby,BOP1,1,1550,OFF GRADES
SALE_50_2025,Chandrika,CTCPF,1,1100,OFF GRADES
SALE_50_2025,Rajjuruwatta Super,BM,0,1420,OFF GRADES
SALE_50_2025,Gunawardana,BM,1,1200,OFF GRADES
SALE_50_2025,Aislaby,FBOPF/FBOPF1,0,1500,OFF GRADES
SALE_50_2025,Suviska,BP,0,1340,OFF GRADES
SALE_50_2025,Gonamotawa,FBOPF/FBOPF1,1,1480,OFF GRADES
SALE_50_2025,Kelani,BP,1,1200,OFF GRADES
SALE_50_2025,Spring Valley,FBOPF/FBOPF1,1,1460,OFF GRADES
SALE_50_2025,Aruna,BP,0,1200,OFF GRADES
SALE_50_2025,Ranaya,FBOPF/FBOPF1,0,1460,OFF GRADES
SALE_50_2025,Ceyenta,BP,0,1200,OFF GRADES
SALE_50_2025,Aldora,BOP1A,0,1400,OFF GRADES
SALE_50_2025,Ranaya,OP1,0,1600,OFF GRADES
SALE_50_2025,Liyonta,BOP1A,0,1340,OFF GRADES
SALE_50_2025,Aislaby,OP1,1,1500,OFF GRADES
SALE_50_2025,Chandrika Estate,BOP1A,1,1320,OFF GRADES
SALE_47_2025,WESTERN MEDIUM Inverness,FBOPF/FBOPF1,0,1500,WESTERN MEDIUM
SALE_47_2025,Hatale,BOP,0,2050,WESTERN MEDIUM
SALE_47_2025,Ancoombra,BOPSp,0,1550,WESTERN MEDIUM
SALE_47_2025,Doombagastalawa,BOPSp,1,1200,WESTERN MEDIUM
SALE_47_2025,Mahagastotte,BOP,1,1380,NUWARA ELIYAS
SALE_47_2025,Dartry Valley,BOP1,1,2200,NUWARA ELIYAS
SALE_47_2025,Craighead,FBOPF/FBOPF1,1,1650,NUWARA ELIYAS
SALE_47_2025,Doombagastalawa,FBOPF/FBOPF1,1,1650,NUWARA ELIYAS
SALE_47_2025,Harangalla,FBOPF/FBOPF1,1,1650,NUWARA ELIYAS
SALE_47_2025,Dartry Valley,FBOPF/FBOPF1,1,1650,UDAPUSSELLAWAS
SALE_47_2025,Ancoombra,FBOPF/FBOPF1,0,1650,UDAPUSSELLAWAS
SALE_47_2025,Hatale,FBOPF/FBOPF1,0,1650,UDAPUSSELLAWAS
SALE_47_2025,Windsorforest,FBOPF/FBOPF1,1,1500,UDAPUSSELLAWAS
SALE_47_2025,Imboolpitiya,FBOPF/FBOPF1,1,1500,UDAPUSSELLAWAS
SALE_47_2025,Pupuressa,FBOPF/FBOPF1,0,1500,UDAPUSSELLAWAS
SALE_47_2025,New Rothschild,FBOPF/FBOPF1,0,1500,UDAPUSSELLAWAS
SALE_47_2025,Cooroondoowatte,FBOPF/FBOPF1,1,1480,UDAPUSSELLAWAS
SALE_47_2025,Hansagiri Kothmale,FBOPF/FBOPF1,0,1480,UDAPUSSELLAWAS
SALE_47_2025,Orange Field,FBOPF/FBOPF1,0,1480,UDAPUSSELLAWAS
SALE_47_2025,Delmar,OP1,1,1440,UDAPUSSELLAWAS
SALE_47_2025,Hatale,OP1,0,1600,LOW GROWNS
SALE_47_2025,Harangalla,OP1,1,1500,LOW GROWNS
SALE_47_2025,Dartry Valley,OP1,1,1500,LOW GROWNS
SALE_47_2025,Kamarangapitiya,BOPSp,1,2250,LOW GROWNS
SALE_47_2025,Parakaduwa Super,BOPF,0,1950,LOW GROWNS
SALE_47_2025,Uruwala,BOPF,1,1850,LOW GROWNS
SALE_47_2025,H P P Tea,BOPFSp,0,2400,LOW GROWNS
SALE_47_2025,Sithaka,FBOP,0,2950,LOW GROWNS
SALE_47_2025,Kiruwanaganga,FBOP1,1,2100,LOW GROWNS
SALE_47_2025,WESTERN HIGH Hedigalla,FBOPF,0,2000,WESTERN HIGH
SALE_47_2025,Wattegodde,BOP,1,1440,WESTERN HIGH
SALE_47_2025,Ingestre,BOP,1,1420,WESTERN HIGH
SALE_47_2025,Bearwell,BOP,1,1400,WESTERN HIGH
SALE_47_2025,Holyrood,BOP,1,1400,WESTERN HIGH
SALE_47_2025,Somerset,BOP,1,1400,WESTERN HIGH
SALE_47_2025,Ingestre,BOPSp,0,1480,WESTERN HIGH
SALE_47_2025,Somerset,BOPSp,1,1440,WESTERN HIGH
SALE_47_2025,Wattegodde,BOPSp,1,1420,WESTERN HIGH
SALE_47_2025,Holyrood,BOPSp,0,1420,WESTERN HIGH
SALE_47_2025,New Vithanakande,OP1,0,3600,WESTERN HIGH
SALE_47_2025,Pothotuwa,OP1,1,3450,WESTERN HIGH
SALE_47_2025,Bambarakelly,BOP1,0,1220,WESTERN HIGH
SALE_47_2025,Lions,OPA,0,1700,WESTERN HIGH
SALE_47_2025,Liyonta,OPA,0,1700,WESTERN HIGH
SALE_47_2025,Miriswatta,OPA,0,1700,WESTERN HIGH
SALE_47_2025,Queensberry,FBOPF/FBOPF1,1,1500,WESTERN HIGH
SALE_47_2025,Lions,PEK1,0,2400,WESTERN HIGH
SALE_35_2025,Ancoombra,BOP,0,1800,WESTERN MEDIUM
SALE_35_2025,Harangalla,BOP,1,1750,UDAPUSSELLAWAS
SALE_35_2025,Gonapitiya,FBOPF/FBOPF1,0,1380,UDAPUSSELLAWAS
SALE_35_2025,Dartry Valley,BOP,1,1750,UDAPUSSELLAWAS
SALE_35_2025,Delmar,FBOPF/FBOPF1,1,1360,UDAPUSSELLAWAS
SALE_35_2025,Craighead,BOP,1,1550,UDAPUSSELLAWAS
SALE_35_2025,Kenilworth,BOPSp,0,1400,UDAPUSSELLAWAS
SALE_35_2025,Maha Uva,OP1,1,1320,UDAPUSSELLAWAS
SALE_35_2025,Ancoombra,BOPSp,0,1400,UDAPUSSELLAWAS
SALE_35_2025,Rilagala,BOPSp,1,1320,UDAPUSSELLAWAS
SALE_35_2025,Andaradeniya Super,BOP,0,2900,LOW GROWNS
SALE_35_2025,Dartry Valley,BOP1,1,1750,LOW GROWNS
SALE_35_2025,New Spring View,BOPSp,0,2250,LOW GROWNS
SALE_35_2025,Kamarangapitiya,BOPSp,1,2200,LOW GROWNS
SALE_35_2025,Kings Bru,BOPF,0,1950,LOW GROWNS
SALE_35_2025,Craighead,FBOPF/FBOPF1,1,1650,LOW GROWNS
SALE_35_2025,Sithaka,BOPF,0,1650,LOW GROWNS
SALE_35_2025,Harangalla,FBOPF/FBOPF1,1,1650,LOW GROWNS
SALE_35_2025,Ceciliyan,BOPF,0,1650,LOW GROWNS
SALE_35_2025,Dartry Valley,FBOPF/FBOPF1,1,1600,LOW GROWNS
SALE_35_2025,Pothotuwa,BOPF,1,1480,LOW GROWNS
SALE_35_2025,Hatale,FBOPF/FBOPF1,0,1600,LOW GROWNS
SALE_35_2025,Rajjuruwatta Super,BOPFSp,0,2000,LOW GROWNS
SALE_35_2025,Sithaka,FBOP,0,2500,LOW GROWNS
SALE_35_2025,Dartry Valley,OP1,1,1480,LOW GROWNS
SALE_35_2025,Kiruwanaganga,FBOP,1,2450,LOW GROWNS
SALE_35_2025,Harangalla,OP1,1,1460,LOW GROWNS
SALE_35_2025,Wattahena,FBOP1,0,1900,LOW GROWNS
SALE_35_2025,Hatale,OP1,0,1460,LOW GROWNS
SALE_35_2025,Katanwila,FBOPF,0,2000,LOW GROWNS
SALE_35_2025,Gunawardana,FBOPF,1,1700,LOW GROWNS
SALE_35_2025,Pothotuwa,FBOPF1,1,1750,LOW GROWNS
SALE_35_2025,Sunrise,FBOPF1,0,1750,LOW GROWNS
SALE_35_2025,Lumbini,FBOPF1,0,1700,LOW GROWNS
SALE_35_2025,Kelani,FBOPF1,1,1650,WESTERN HIGH
SALE_35_2025,Inverness,BOP,0,1480,WESTERN HIGH
SALE_35_2025,Gunawardana,FBOPF1,1,1650,WESTERN HIGH
SALE_35_2025,Ingestre,BOP,1,1400,WESTERN HIGH
SALE_35_2025,Adams View,FBOPF1,1,1650,WESTERN HIGH
SALE_35_2025,Norwood,BOP,1,1400,WESTERN HIGH
SALE_35_2025,New Batuwangala,FBOPF1,0,1650,WESTERN HIGH
SALE_35_2025,Wanarajah,BOP,1,1400,WESTERN HIGH
SALE_35_2025,Lakvinka,FBOPF1,0,1650,WESTERN HIGH
SALE_35_2025,Great Western,BOP,1,1400,WESTERN HIGH
SALE_35_2025,Hedigalla,FBOPF1,0,1650,WESTERN HIGH
SALE_35_2025,Dessford,BOP,1,1400,WESTERN HIGH
SALE_35_2025,Makandura,FBOPF1,0,1650,WESTERN HIGH
SALE_35_2025,Waltrim,BOP,0,1400,WESTERN HIGH
SALE_35_2025,Hidellana,FBOPF1,0,1650,WESTERN HIGH
SALE_35_2025,Norwood,BOPSp,1,1400,WESTERN HIGH
SALE_35_2025,Sithaka,FBOPF1,0,1650,WESTERN HIGH
SALE_35_2025,Alhewana Super,FBOPF1,0,1650,WESTERN HIGH
SALE_35_2025,Inverness,BOP1,0,1800,WESTERN HIGH
SALE_35_2025,Sunrise,BOP1,0,2900,WESTERN HIGH
SALE_35_2025,Pothotuwa,OP1,1,3150,WESTERN HIGH
SALE_35_2025,Cymru,FBOPF/FBOPF1,0,1420,WESTERN HIGH
SALE_35_2025,Lucky Dais,OP,0,1550,WESTERN HIGH
SALE_35_2025,Miriswatta,OP,0,1550,WESTERN HIGH
SALE_35_2025,Venture,OP1,0,1320,WESTERN HIGH
SALE_35_2025,Sunrise,OP,0,1550,WESTERN HIGH
SALE_35_2025,Graceland,OP,0,1550,WESTERN HIGH
SALE_35_2025,Ceyenta,OP,0,1550,NUWARA ELIYAS
SALE_35_2025,Mulatiyana Hills,OP,0,1550,NUWARA ELIYAS
SALE_35_2025,Nilgiri,OP,0,1550,NUWARA ELIYAS
SALE_35_2025,Temple View Super,OP,0,1550,NUWARA ELIYAS
SALE_35_2025,Win Hills,OP,0,1550,NUWARA ELIYAS
SALE_35_2025,Sinara,OP,0,1550,UDAPUSSELLAWAS
SALE_35_2025,High Forest,BOP,0,1280,UDAPUSSELLAWAS
SALE_35_2025,Liyonta,OPA,0,2000,UDAPUSSELLAWAS
SALE_35_2025,Luckyland,BOPSp,0,1120,UDAPUSSELLAWAS
SALE_35_2025,Lumbini,PEK,0,3000,UDAPUSSELLAWAS
SALE_35_2025,Andaradeniya Super,PEK1,0,3000,UDAPUSSELLAWAS
SALE_35_2025,Maha Uva,FBOPF/FBOPF1,1,1380,UDAPUSSELLAWAS
SALE_35_2025,UVA MEDIUM Mount Uva,FBOPF/FBOPF1,0,1550,UVA MEDIUM
SALE_35_2025,Misty Uva,BOP,1,1440,UVA MEDIUM
SALE_35_2025,Hindagala,BOPSp,0,1420,UVA HIGH
SALE_35_2025,Demodera,BOPSp,1,1420,UVA HIGH
SALE_35_2025,Dunsinane,CTCPF1,1,1180,UNORTHODOX HIGH
SALE_35_2025,Ulugedara,CTCPF1,0,1180,UNORTHODOX HIGH
SALE_35_2025,Dickwella,BOP1,0,2000,UNORTHODOX HIGH
SALE_35_2025,Demodera,BOP1,0,2000,UNORTHODOX MEDIUM
SALE_35_2025,Strathdon,CTCPF1,1,1200,UNORTHODOX MEDIUM
SALE_35_2025,Park Side,CTCBP1,0,640,UNORTHODOX MEDIUM
SALE_35_2025,Park Side,CTCBPS,0,600,UNORTHODOX MEDIUM
SALE_35_2025,Demodera,FBOPF/FBOPF1,0,1600,UNORTHODOX LOW
SALE_35_2025,Hingalgoda,CTCPF1,0,1460,UNORTHODOX LOW
SALE_35_2025,Ceciliyan,CTCBP1,0,1420,UNORTHODOX LOW
SALE_35_2025,Mulatiyana Hills,FBOPFSp,0,4300,PREMIUM FLOWERY
SALE_35_2025,Telbedde,OP1,1,1480,PREMIUM FLOWERY
SALE_35_2025,Greenwin Super,FBOPFSp,0,4300,PREMIUM FLOWERY
SALE_35_2025,Uva Samovar,OP1,1,1380,PREMIUM FLOWERY
SALE_35_2025,Ivy Hills,FBOPFExSp,0,5500,PREMIUM FLOWERY
SALE_35_2025,Hindagala,OP1,0,1380,PREMIUM FLOWERY
SALE_35_2025,Muswenna,FBOPFExSp1,1,4800,PREMIUM FLOWERY
SALE_35_2025,Mattakelle,DUST1,0,1650,DUSTS
SALE_35_2025,Great Western,DUST1,0,1650,DUSTS
SALE_35_2025,Aruna Ceciliyan CTC,PD,1,1460,DUSTS
SALE_35_2025,Kelliebedde,BOP,1,1300,UVA HIGH
SALE_35_2025,Pitaratmalie,BOP,0,1300,UVA HIGH
SALE_35_2025,Nayabedde,BOP,1,1280,UVA HIGH
SALE_35_2025,Bandaraeliya,BOP,1,1280,UVA HIGH
SALE_35_2025,Ceciliyan,CTCPF,0,840,UVA HIGH
SALE_35_2025,Craig,BOPSp,0,1420,UVA HIGH
SALE_35_2025,Allen Valley,BM,0,1240,UVA HIGH
SALE_35_2025,Gunawardana,BM,1,1200,UVA HIGH
SALE_35_2025,Uva Highlands,BOP1,1,1480,UVA HIGH
SALE_35_2025,Allen Valley,BP,0,1240,UVA HIGH
SALE_16_2025,Craighead,BOP,1,1600,NUWARA ELIYAS
SALE_16_2025,Ancoombra,BOPSp,0,1380,NUWARA ELIYAS
SALE_16_2025,Rilagala,BOPSp,1,1240,UDAPUSSELLAWAS
SALE_16_2025,Luckyland,BOP,0,900,UDAPUSSELLAWAS
SALE_16_2025,Doombagastalawa,BOPSp,1,1240,UDAPUSSELLAWAS
SALE_16_2025,Kirklees,BOP,0,900,UDAPUSSELLAWAS
SALE_16_2025,Delmar,BOPSp,1,1180,UDAPUSSELLAWAS
SALE_16_2025,Craighead,BOP1,1,2100,UDAPUSSELLAWAS
SALE_16_2025,Dartry Valley,BOP1,1,2050,UDAPUSSELLAWAS
SALE_16_2025,Maha Uva,BOP1,1,1460,UDAPUSSELLAWAS
SALE_16_2025,Blairlomond,BOP1,1,1320,UDAPUSSELLAWAS
SALE_16_2025,Delmar,FBOPF/FBOPF1,0,1420,UDAPUSSELLAWAS
SALE_16_2025,Craighead,FBOPF/FBOPF1,1,1650,UDAPUSSELLAWAS
SALE_16_2025,Harangalla,FBOPF/FBOPF1,1,1650,UDAPUSSELLAWAS
SALE_16_2025,Dartry Valley,FBOPF/FBOPF1,1,1650,UDAPUSSELLAWAS
SALE_16_2025,Maha Uva,OP1,1,1400,UDAPUSSELLAWAS
SALE_16_2025,Ancoombra,FBOPF/FBOPF1,0,1650,UDAPUSSELLAWAS
SALE_16_2025,Delmar,OP1,1,1360,UDAPUSSELLAWAS
SALE_16_2025,Doombagastalawa,FBOPF/FBOPF1,1,1550,UDAPUSSELLAWAS
SALE_16_2025,Mulatiyana Hills,BOP,0,2300,LOW GROWNS
SALE_16_2025,Harangalla,OP1,1,1500,LOW GROWNS
SALE_16_2025,Kamarangapitiya,BOPSp,1,2200,LOW GROWNS
SALE_16_2025,Sithaka,BOPF,0,1460,LOW GROWNS
SALE_16_2025,Hidellana,BOPF,1,1440,LOW GROWNS
SALE_16_2025,Dellawa,BOPF,1,1380,WESTERN HIGH
SALE_16_2025,Alton,BOP,1,1300,WESTERN HIGH
SALE_16_2025,Rajjuruwatta Super,BOPFSp,0,2350,WESTERN HIGH
SALE_16_2025,Wattegodde,BOP,0,1300,WESTERN HIGH
SALE_16_2025,Sithaka,FBOP,0,2350,WESTERN HIGH
SALE_16_2025,Dessford,BOPSp,1,1460,WESTERN HIGH
SALE_16_2025,Kiruwanaganga,FBOP,1,2250,WESTERN HIGH
SALE_16_2025,Queensberry,BOPSp,1,1420,WESTERN HIGH
SALE_16_2025,Gunawardena,FBOP,1,2250,WESTERN HIGH
SALE_16_2025,Wanarajah,BOPSp,1,1360,WESTERN HIGH
SALE_16_2025,Galatara,FBOP,0,2250,WESTERN HIGH
SALE_16_2025,Hidellana,FBOP,0,2250,WESTERN HIGH
SALE_16_2025,Inverness,BOP1,0,2050,WESTERN HIGH
SALE_16_2025,Ganganee,FBOP1,0,1950,WESTERN HIGH
SALE_16_2025,Greenwin Super,FBOP1,0,1950,WESTERN HIGH
SALE_16_2025,Queensberry,FBOPF/FBOPF1,1,1420,WESTERN HIGH
SALE_16_2025,Sithaka,FBOP1,0,1950,WESTERN HIGH
SALE_16_2025,Katanwila,FBOPF,0,2550,WESTERN HIGH
SALE_16_2025,Venture,OP1,0,1440,WESTERN HIGH
SALE_16_2025,Pothotuwa,BOP1,1,3150,WESTERN HIGH
SALE_16_2025,Dampahala,OP1,0,3200,NUWARA ELIYAS
SALE_16_2025,Mahagastotte,BOP,1,1200,NUWARA ELIYAS
SALE_16_2025,Berubeula,OP,0,1700,NUWARA ELIYAS
SALE_16_2025,Kenmare,BOPSp,1,1000,NUWARA ELIYAS
SALE_16_2025,Miriswatta,OPA,0,1700,NUWARA ELIYAS
SALE_16_2025,Lyonta,PEK,0,2350,NUWARA ELIYAS
SALE_16_2025,Dampahala,PEK1,0,2250,NUWARA ELIYAS
SALE_16_2025,Stream Line,PEK1,0,2250,NUWARA ELIYAS
SALE_16_2025,New Laksakanda,PEK1,0,2250,NUWARA ELIYAS
SALE_16_2025,Ranaya,OP1,0,1600,UVA HIGH
SALE_16_2025,Roseland Uva,BOP,0,1440,UVA MEDIUM
SALE_16_2025,Dickwella,BOPSp,1,1260,UNORTHODOX HIGH
SALE_16_2025,Dunsinane,CTCPF1,1,1160,UNORTHODOX HIGH
SALE_16_2025,Uva Samovar,BOPSp,1,1220,UNORTHODOX HIGH
SALE_16_2025,Hindagala,BOPSp,0,1220,UNORTHODOX MEDIUM
SALE_16_2025,Rothschild,CTCPF1,0,1160,UNORTHODOX MEDIUM
SALE_16_2025,Glen Alpin,BOPSp,0,1220,UNORTHODOX MEDIUM
SALE_16_2025,New Peacock,CTCBP1,1,1220,UNORTHODOX MEDIUM
SALE_16_2025,Aultmore,CTCBPS,1,950,UNORTHODOX MEDIUM
SALE_16_2025,Dickwella,BOP1,1,1800,UNORTHODOX LOW
SALE_16_2025,Hingalgoda,CTCPF1,0,1550,UNORTHODOX LOW
SALE_16_2025,Misty-Uva,BOP1,1,1550,UNORTHODOX LOW
SALE_16_2025,Sarnia Plaiderie,BOP1,0,1550,UNORTHODOX LOW
SALE_16_2025,Ross Feld,CTCBPS,0,780,UNORTHODOX LOW
SALE_16_2025,Roseland Uva,FBOPF/FBOPF1,0,1550,PREMIUM FLOWERY
SALE_16_2025,Fortune,FBOPFSp,1,4300,PREMIUM FLOWERY
SALE_16_2025,New Hopewell,FBOPFSp,0,4300,PREMIUM FLOWERY
SALE_16_2025,Dickwella,OP1,0,1550,PREMIUM FLOWERY
SALE_16_2025,Wewesse,OP1,0,1550,PREMIUM FLOWERY
SALE_16_2025,Fortune,FBOPFExSp,1,5450,PREMIUM FLOWERY
SALE_16_2025,Lihiniyawa,FBOPFExSp1,0,5500,PREMIUM FLOWERY
SALE_16_2025,UVA HIGH Mattakelle,DUST1,0,1750,UVA HIGH
SALE_16_2025,Nayabedde,BOP,1,1240,UVA HIGH
SALE_16_2025,Spring Valley,BOPSp,1,1380,UVA HIGH
SALE_16_2025,Ceciliyan CTC,PD,0,1420,UVA HIGH
SALE_16_2025,Hingalgoda CTC,PD,0,1420,UVA HIGH
SALE_16_2025,Uva Highlands,BOP1,0,1550,UVA HIGH
SALE_16_2025,Hingalgoda,CTCPF,0,1220,UVA HIGH
SALE_16_2025,Bogoda,BM,0,1120,UVA HIGH
SALE_16_2025,Uva Highlands,FBOPF/FBOPF1,0,1500,UVA HIGH
SALE_16_2025,Uplands,BM,0,1100,UVA HIGH
SALE_16_2025,Ellathota Uva,FBOPF/FBOPF1,1,1480,UVA HIGH
SALE_16_2025,Chandrika Estate,BM,1,1060,UVA HIGH
SALE_16_2025,Falcon Lanka,BP,0,1280,UVA HIGH
SALE_16_2025,Chandrika Estate,BOP1A,0,1260,UVA HIGH
SALE_17_2025,Hatale,BOP,0,1650,UDAPUSSELLAWAS
SALE_17_2025,Uplands,BOPSp,0,1500,UDAPUSSELLAWAS
SALE_17_2025,Dartry Valley,BOP1,1,2000,UDAPUSSELLAWAS
SALE_17_2025,Harangalla,BOP1,1,1650,UDAPUSSELLAWAS
SALE_17_2025,Delmar,FBOPF/FBOPF1,1,1460,UDAPUSSELLAWAS
SALE_17_2025,Maha Uva,FBOPF/FBOPF1,1,1440,UDAPUSSELLAWAS
SALE_17_2025,Blairlomond,FBOPF/FBOPF1,1,1360,UDAPUSSELLAWAS
SALE_17_2025,Windsorforest,FBOPF/FBOPF1,1,1600,UDAPUSSELLAWAS
SALE_17_2025,Craighead,FBOPF/FBOPF1,1,1600,UDAPUSSELLAWAS
SALE_17_2025,Dartry Valley,FBOPF/FBOPF1,1,1600,UDAPUSSELLAWAS
SALE_17_2025,Hatale,FBOPF/FBOPF1,0,1600,UDAPUSSELLAWAS
SALE_17_2025,Harangalla,FBOPF/FBOPF1,0,1600,UDAPUSSELLAWAS
SALE_17_2025,Doombagastalawa,FBOPF/FBOPF1,1,1550,UDAPUSSELLAWAS
SALE_17_2025,Ancoombra,FBOPF/FBOPF1,0,1550,UDAPUSSELLAWAS
SALE_17_2025,Maha Uva,OP1,1,1080,UDAPUSSELLAWAS
SALE_17_2025,Craighead,OP1,1,1950,UDAPUSSELLAWAS
SALE_17_2025,Harangalla,OP1,1,1600,UDAPUSSELLAWAS
SALE_17_2025,Dartry Valley,OP1,1,1500,LOW GROWNS
SALE_17_2025,Orange Field,OP1,0,1500,LOW GROWNS
SALE_17_2025,New Rothschild,OP1,0,1500,LOW GROWNS
SALE_17_2025,Ancoombra,OP1,0,1500,LOW GROWNS
SALE_17_2025,Hatale,OP1,0,1500,LOW GROWNS
SALE_17_2025,Golden Garden,BOP,0,2200,LOW GROWNS
SALE_17_2025,WESTERN HIGH Mulatiyana Hills,BOP,0,2200,WESTERN HIGH
SALE_17_2025,Bambarakelly,BOP,0,1340,WESTERN HIGH
SALE_17_2025,Ingestre,BOP,1,1300,WESTERN HIGH
SALE_17_2025,Norwood,BOP,1,1300,WESTERN HIGH
SALE_17_2025,Mattakelle,BOP,0,1300,WESTERN HIGH
SALE_17_2025,Queensberry,BOPSp,1,1480,WESTERN HIGH
SALE_17_2025,Wanarajah,BOPSp,1,1340,WESTERN HIGH
SALE_17_2025,Norwood,BOPSp,1,1300,WESTERN HIGH
SALE_17_2025,Hedigalla,FBOP,0,2400,WESTERN HIGH
SALE_17_2025,Galatara,FBOP,0,2400,WESTERN HIGH
SALE_17_2025,Mulatiyana Hills,FBOP,0,2400,WESTERN HIGH
SALE_17_2025,Bambarakelly,BOP1,0,1420,WESTERN HIGH
SALE_17_2025,Kiruwanaganga,FBOP1,1,2050,WESTERN HIGH
SALE_17_2025,Glenloch,FBOPF/FBOPF1,1,1500,WESTERN HIGH
SALE_17_2025,Queensberry,FBOPF/FBOPF1,1,1480,WESTERN HIGH
SALE_17_2025,Haughton,FBOPF1,0,1750,WESTERN HIGH
SALE_17_2025,Dellawa,FBOPF1,1,1700,WESTERN HIGH
SALE_17_2025,Hidellana,FBOPF1,1,1700,WESTERN HIGH
SALE_17_2025,Houpe Special,FBOPF1,1,1650,WESTERN HIGH
SALE_17_2025,Glenloch,OP1,1,1700,WESTERN HIGH
SALE_17_2025,Kiruwanaganga,FBOPF1,1,1650,WESTERN HIGH
SALE_17_2025,NUWARA ELIYAS Kelani,FBOPF1,1,1650,NUWARA ELIYAS
SALE_17_2025,Court Lodge,BOP,1,1340,NUWARA ELIYAS
SALE_17_2025,Kenmare,BOPSp,0,1180,NUWARA ELIYAS
SALE_17_2025,Kolonna Super,BOP1,0,2700,NUWARA ELIYAS
SALE_17_2025,Susantha,OP1,0,2800,NUWARA ELIYAS
SALE_17_2025,Miriswatta,OP,0,1650,NUWARA ELIYAS
SALE_17_2025,Liyonta,OPA,0,1800,NUWARA ELIYAS
SALE_17_2025,UDAPUSSELLAWAS Golden Garden,PEK,0,2200,UDAPUSSELLAWAS
SALE_17_2025,Luckyland,BOP,0,900,UDAPUSSELLAWAS
SALE_17_2025,Kirklees,BOP,0,900,UDAPUSSELLAWAS
SALE_18_2025,Ancoombra,BOP,0,1700,WESTERN MEDIUM
SALE_18_2025,Craighead,BOP,1,1550,WESTERN MEDIUM
SALE_18_2025,Venture,OP1,0,1380,WESTERN MEDIUM
SALE_18_2025,Harangalla,BOP,0,1550,WESTERN MEDIUM
SALE_18_2025,Bambarakelly,OP1,1,1340,WESTERN MEDIUM
SALE_18_2025,Uplands,BOPSp,0,1480,WESTERN MEDIUM
SALE_18_2025,Queensberry,OP1,1,1300,WESTERN MEDIUM
SALE_18_2025,Harangalla,BOP1,1,1700,WESTERN MEDIUM
SALE_18_2025,Nayapane,BOP1,0,1700,NUWARA ELIYAS
SALE_18_2025,Mahagastotte,BOP,1,1240,NUWARA ELIYAS
SALE_18_2025,Rilagala,BOP1,1,1550,NUWARA ELIYAS
SALE_18_2025,Harangalla,FBOPF/FBOPF1,0,1600,NUWARA ELIYAS
SALE_18_2025,Imboolpitiya,FBOPF/FBOPF1,1,1480,NUWARA ELIYAS
SALE_18_2025,Dartry Valley,FBOPF/FBOPF1,1,1480,UDAPUSSELLAWAS
SALE_18_2025,Liddesdale,BOP,0,890,UDAPUSSELLAWAS
SALE_18_2025,Nayapane,FBOPF/FBOPF1,0,1480,UDAPUSSELLAWAS
SALE_18_2025,Delmar,BOPSp,1,1100,UDAPUSSELLAWAS
SALE_18_2025,Rilagala,FBOPF/FBOPF1,1,1460,UDAPUSSELLAWAS
SALE_18_2025,Delmar,FBOPF/FBOPF1,0,1440,UDAPUSSELLAWAS
SALE_18_2025,Gonapitiya,OP1,0,1200,UDAPUSSELLAWAS
SALE_18_2025,Delmar,OP1,1,1120,UDAPUSSELLAWAS
SALE_18_2025,High Forest,OP1,1,1020,UDAPUSSELLAWAS
SALE_18_2025,Imboolpitiya,OP1,1,1480,LOW GROWNS
SALE_18_2025,Mulatiyana Hills,BOP,0,2450,LOW GROWNS
SALE_18_2025,Harangalla,OP1,1,1460,LOW GROWNS
SALE_18_2025,Kamarangapitiya,BOPSp,1,2200,LOW GROWNS
SALE_18_2025,Ancoombra,OP1,0,1460,LOW GROWNS
SALE_18_2025,Katanwila,BOPF,0,1500,LOW GROWNS
SALE_18_2025,Pothotuwa,BOPF,1,1280,LOW GROWNS
SALE_18_2025,Chandrika Estate,BOPF,1,1020,LOW GROWNS
SALE_18_2025,New Spring View,BOPFSp,0,1500,LOW GROWNS
SALE_18_2025,Sithaka,FBOP,0,2450,LOW GROWNS
SALE_18_2025,Kiruwanaganga,FBOP1,1,2100,LOW GROWNS
SALE_18_2025,Lenama Hills,FBOPF,0,2200,LOW GROWNS
SALE_18_2025,Pothotuwa,FBOPF1,1,1750,LOW GROWNS
SALE_18_2025,Adams View,FBOPF1,1,1700,LOW GROWNS
SALE_18_2025,Ransegoda,FBOPF1,0,1700,LOW GROWNS
SALE_18_2025,Norwood,BOP,1,1260,WESTERN HIGH
SALE_18_2025,Mattakelle,BOPSp,0,1380,WESTERN HIGH
SALE_18_2025,Makandura,FBOPF1,0,1700,WESTERN HIGH
SALE_18_2025,Lumbini,FBOPF1,0,1700,WESTERN HIGH
SALE_18_2025,Wilehena,FBOPF1,0,1700,WESTERN HIGH
SALE_18_2025,Pothotuwa,BOP1,1,3000,WESTERN HIGH
SALE_18_2025,Gunawardena,OP1,0,3200,WESTERN HIGH
SALE_18_2025,Mulatiyana Hills,OP,0,2850,WESTERN HIGH
SALE_18_2025,Lucky Dais,OPA,0,1600,WESTERN HIGH
SALE_18_2025,Torrington,BOP1,1,1460,WESTERN HIGH
SALE_18_2025,Lumbini,PEK,0,2350,WESTERN HIGH
SALE_18_2025,New Batuwangala,PEK1,0,2400,WESTERN HIGH
SALE_18_2025,Wikiliya,PEK1,1,2350,WESTERN HIGH
SALE_18_2025,Queensberry,FBOPF/FBOPF1,1,1440,WESTERN HIGH
SALE_18_2025,Lumbini,PEK1,0,2350,WESTERN HIGH
SALE_18_2025,Torrington,FBOPF/FBOPF1,1,1440,WESTERN HIGH
SALE_18_2025,Fortune,PEK1,1,2250,WESTERN HIGH
SALE_18_2025,Bogahawatte,FBOPF/FBOPF1,0,1440,WESTERN HIGH
SALE_18_2025,New Spring View,PEK1,0,2250,WESTERN HIGH
SALE_18_2025,Dampahala,PEK1,0,2250,WESTERN HIGH
SALE_18_2025,Ranaya,FBOPF/FBOPF1,0,1440,UVA HIGH
SALE_18_2025,Aruna Passara,BOP,0,1460,UVA MEDIUM
SALE_18_2025,Craig,OP1,0,1460,UVA MEDIUM
SALE_18_2025,Sarnia Plaiderie,BOP,1,1360,UVA MEDIUM
SALE_18_2025,Hidagala,BOPSp,0,1380,UVA MEDIUM
SALE_18_2025,Dickwella,BOPSp,1,1360,UNORTHODOX HIGH
SALE_18_2025,Dunsinane,CTCPF1,0,1160,UNORTHODOX HIGH
SALE_18_2025,New Peacock,CTCPF1,1,1140,UNORTHODOX MEDIUM
SALE_18_2025,Strathdon,CTCPF1,1,1140,UNORTHODOX MEDIUM
SALE_18_2025,Delta,CTCBP1,0,1100,UNORTHODOX MEDIUM
SALE_18_2025,Strathdon,CTCBPS,0,870,UNORTHODOX MEDIUM
SALE_18_2025,Dickwella,BOP1,1,1700,UNORTHODOX MEDIUM
SALE_18_2025,Hidgalgoda,CTCPF1,0,1550,UNORTHODOX LOW
SALE_18_2025,Ceciliyan,CTCBP1,0,1120,UNORTHODOX LOW
SALE_18_2025,Lumbini,FBOPFSp,0,4600,PREMIUM FLOWERY
SALE_18_2025,H P P Tea,FBOPFExSp,0,4800,PREMIUM FLOWERY
SALE_18_2025,Lions,FBOPFExSp1,0,5050,PREMIUM FLOWERY
SALE_18_2025,Keppetipola Tea Bank,FBOPFExSp1,0,4150,PREMIUM FLOWERY
SALE_18_2025,Dickwella,FBOPF/FBOPF1,1,1500,PREMIUM FLOWERY
SALE_18_2025,Dickwella,OP1,1,1750,DUSTS
SALE_18_2025,Nayabedde,BOP,1,1000,UVA HIGH
SALE_18_2025,Bandaraeliya,BOP,1,1000,UVA HIGH
SALE_18_2025,Hingalgoda,CTCPF,0,1160,UVA HIGH
SALE_18_2025,Aislaby,BOP,1,920,UVA HIGH
SALE_18_2025,Liyonta,CTCPF,0,1160,UVA HIGH
SALE_18_2025,Uva Highlands,BOP,0,920,UVA HIGH
SALE_18_2025,Chandrika Estate,BM,0,1000,UVA HIGH
SALE_18_2025,Ranaya,BOPSp,0,1080,UVA HIGH
SALE_18_2025,Arbour Valley,BM,0,1000,UVA HIGH
SALE_18_2025,Arbour Valley,BP,0,1180,UVA HIGH
SALE_18_2025,Uva Highlands,BOP1,1,1800,UVA HIGH
SALE_18_2025,Chandrika Estate,BP,1,1160,UVA HIGH
SALE_18_2025,Spring Valley,BP,0,1160,UVA HIGH
SALE_18_2025,Gonamotawa,FBOPF/FBOPF1,1,1480,UVA HIGH
SALE_18_2025,Narangala Super,BOP1A,0,1300,UVA HIGH
SALE_18_2025,Glenanore,FBOPF/FBOPF1,1,1460,UVA HIGH
SALE_18_2025,New Kandadola,BOP1A,0,1300,UVA HIGH
SALE_18_2025,Aislaby,FBOPF/FBOPF1,1,1440,UVA HIGH
SALE_18_2025,Chandrika Estate,BOP1A,1,1280,UVA HIGH
SALE_18_2025,Aldora,BOP1A,0,1280,UVA HIGH
SALE_20_2025,Ellathota Uva,OP1,1,1550,UVA HIGH
SALE_20_2025,Aislaby,OP1,1,1550,UVA MEDIUM
SALE_20_2025,Aruna Passara,BOP,0,1340,UVA MEDIUM
SALE_20_2025,Uva Highlands,OP1,1,1500,UVA HIGH
SALE_20_2025,Hindagala,BOPSp,0,1360,UNORTHODOX HIGH
SALE_20_2025,Dunsinane,CTCPF1,1,1220,UNORTHODOX HIGH
SALE_20_2025,New Peacock,CTCPF1,1,1120,UNORTHODOX MEDIUM
SALE_20_2025,New Peacock,CTCBP1,0,1200,UNORTHODOX MEDIUM
SALE_20_2025,Aultmore,CTCBPS,1,860,UNORTHODOX MEDIUM
SALE_20_2025,Sarnia Plaiderie,FBOPF/FBOPF1,0,1480,UNORTHODOX MEDIUM
SALE_20_2025,Roseland Uva,FBOPF/FBOPF1,0,1480,UNORTHODOX LOW
SALE_20_2025,Hingalgoda,CTCPF1,0,1550,UNORTHODOX LOW
SALE_20_2025,Ceciliyan,CTCBP1,1,1080,UNORTHODOX LOW
SALE_20_2025,Dickwella,OP1,1,1550,UNORTHODOX LOW
SALE_20_2025,Canora,CTCBPS,1,770,UNORTHODOX LOW
SALE_20_2025,Rumassala Hills,FBOPFSp,0,3800,UVA HIGH
SALE_20_2025,Pitaratmalie,BOP,0,1120,UVA HIGH
SALE_20_2025,New Batuwangala,FBOPFExSp,0,5450,UVA HIGH
SALE_20_2025,Nayabedde,BOP,1,1080,UVA HIGH
SALE_20_2025,Tea Bank,FBOPFExSp1,0,4900,UVA HIGH
SALE_20_2025,Gonamotawa,BOPSp,1,1300,UVA HIGH
SALE_20_2025,Muswenna,FBOPFExSp1,1,4650,UVA HIGH
SALE_20_2025,Holyrood,DUST1,1,1500,DUSTS
SALE_20_2025,Aislaby,BOP1,1,1800,DUSTS
SALE_20_2025,Ceciliyan CTC,PD,0,1320,DUSTS
SALE_20_2025,Glenanore,BOP1,1,1700,DUSTS
SALE_20_2025,Uva Highlands,BOP1,0,1700,UVA HIGH
SALE_20_2025,Gonamotawa,BOP1,1,1650,UVA HIGH
SALE_20_2025,Hingalgoda,CTCPF,0,1100,UVA HIGH
SALE_20_2025,Chandrika Estate,BM,0,1100,UVA HIGH
SALE_20_2025,Kurunduwatta,BM,0,1100,UVA HIGH
SALE_20_2025,Gonamotawa,FBOPF/FBOPF1,1,1500,UVA HIGH
SALE_20_2025,Gunawardena,BM,1,1080,UVA HIGH
SALE_20_2025,Suwishka,BP,0,1320,UVA HIGH
SALE_20_2025,Chandrika Estate,BOP1A,1,1360,UVA HIGH
SALE_20_2025,Aldora,BOP1A,1,1340,UVA HIGH
SALE_21_2025,Craighead,BOP,1,1750,WESTERN MEDIUM
SALE_21_2025,Craighead,BOPSp,1,1260,UDAPUSSELLAWAS
SALE_21_2025,Blairlomond,BOP1,1,1550,UDAPUSSELLAWAS
SALE_21_2025,Craighead,BOP1,1,2200,UDAPUSSELLAWAS
SALE_21_2025,Delmar,FBOPF/FBOPF1,1,1340,UDAPUSSELLAWAS
SALE_21_2025,Delmar,OP1,1,1420,UDAPUSSELLAWAS
SALE_21_2025,Craighead,FBOPF/FBOPF1,1,1700,UDAPUSSELLAWAS
SALE_21_2025,Blairlomond,OP1,1,1300,UDAPUSSELLAWAS
SALE_21_2025,Harangalla,FBOPF/FBOPF1,1,1600,UDAPUSSELLAWAS
SALE_21_2025,Dartry Valley,FBOPF/FBOPF1,1,1600,UDAPUSSELLAWAS
SALE_21_2025,Ancoombra,FBOPF/FBOPF1,0,1600,LOW GROWNS
SALE_21_2025,Lions,BOP,0,2300,LOW GROWNS
SALE_21_2025,Imboolpittia,FBOPF/FBOPF1,1,1480,LOW GROWNS
SALE_21_2025,Lellopitiya Super,BOPSp,0,1900,LOW GROWNS
SALE_21_2025,Orange Field,FBOPF/FBOPF1,0,1480,LOW GROWNS
SALE_21_2025,Sithaka,BOPF,0,1650,LOW GROWNS
SALE_21_2025,Chandrika Estate,BOPF,1,1260,LOW GROWNS
SALE_21_2025,Dartry Valley,OP1,1,1600,LOW GROWNS
SALE_21_2025,Palmgarden,BOPFSp,1,1550,WESTERN HIGH
SALE_21_2025,Inverness,BOP,0,1360,WESTERN HIGH
SALE_21_2025,Sithaka,FBOP,0,2600,WESTERN HIGH
SALE_21_2025,Wattegodde,BOP,1,1320,WESTERN HIGH
SALE_21_2025,Adams View,FBOP,1,2450,WESTERN HIGH
SALE_21_2025,Somerset,BOP,1,1300,WESTERN HIGH
SALE_21_2025,Pothotuwa,FBOP,1,2400,WESTERN HIGH
SALE_21_2025,Great Western,BOPSp,1,1600,WESTERN HIGH
SALE_21_2025,Lumbini,FBOP1,0,2250,WESTERN HIGH
SALE_21_2025,Wanarajah,BOPSp,1,1460,WESTERN HIGH
SALE_21_2025,Gunawardena,FBOP1,1,2200,WESTERN HIGH
SALE_21_2025,Dullie Ella,FBOP1,1,2150,WESTERN HIGH
SALE_21_2025,Stream Line,FBOPF,0,2450,WESTERN HIGH
SALE_21_2025,New Laksakanda,FBOPF,0,1950,WESTERN HIGH
SALE_21_2025,Gunawardena,FBOPF,1,1850,WESTERN HIGH
SALE_21_2025,Glenloch,BOP1,1,1500,WESTERN HIGH
SALE_21_2025,Pothotuwa,FBOPF1,1,1750,WESTERN HIGH
SALE_21_2025,Wilehena,FBOPF1,0,1700,WESTERN HIGH
SALE_21_2025,Dellawa,FBOPF1,1,1650,WESTERN HIGH
SALE_21_2025,Fairlawn,FBOPF/FBOPF1,0,1550,WESTERN HIGH
SALE_21_2025,Gunawardena,FBOPF1,1,1650,WESTERN HIGH
SALE_21_2025,New hopewell,FBOPF1,1,1650,WESTERN HIGH
SALE_21_2025,Gangaboda,FBOPF1,1,1650,WESTERN HIGH
SALE_21_2025,Fourtune,FBOPF1,1,1650,WESTERN HIGH
SALE_21_2025,Pothotuwa,BOP1,1,3000,WESTERN HIGH
SALE_21_2025,Dampahala,OP1,0,3250,WESTERN HIGH
SALE_21_2025,Glenloch,OP1,1,1550,WESTERN HIGH
SALE_21_2025,Pothotuwa,OP1,1,2850,WESTERN HIGH
SALE_21_2025,Torrington,OP1,1,1420,WESTERN HIGH
SALE_21_2025,Kiruwanaganga,OP1,1,2800,WESTERN HIGH
SALE_21_2025,Gunawardena,OP1,0,2800,WESTERN HIGH
SALE_21_2025,Bogoda Group,OP,0,1550,WESTERN HIGH
SALE_21_2025,Captain Garden,OP,0,1550,NUWARA ELIYAS
SALE_21_2025,Lovers Leap,BOPSp,0,1040,NUWARA ELIYAS
SALE_21_2025,Nilgiri,OP,0,1550,NUWARA ELIYAS
SALE_21_2025,Miriswatta,OP,0,1550,NUWARA ELIYAS
SALE_21_2025,Liyonta,OPA,0,1650,NUWARA ELIYAS
SALE_21_2025,Lumbini,PEK,0,2550,NUWARA ELIYAS
SALE_21_2025,Hidellana,PEK1,0,2250,NUWARA ELIYAS
SALE_21_2025,Mulatiyana Hills,PEK1,0,2250,UDAPUSSELLAWAS
SALE_21_2025,High Forest,BOP,0,880,UDAPUSSELLAWAS
SALE_21_2025,Dampahala,PEK1,0,2250,UDAPUSSELLAWAS
SALE_21_2025,Kirklees,BOPSp,0,890,UDAPUSSELLAWAS
SALE_22_2025,Harangalla,BOP,1,1700,NUWARA ELIYAS
SALE_22_2025,Dartry Valley,BOP,1,1550,NUWARA ELIYAS
SALE_22_2025,Doombagastalawa,BOP,1,1500,NUWARA ELIYAS
SALE_22_2025,Doombagastalawa,BOPSp,1,1460,NUWARA ELIYAS
SALE_22_2025,Kirklees,BOP,0,960,UDAPUSSELLAWAS
SALE_22_2025,Harangalla,BOP1,1,1750,UDAPUSSELLAWAS
SALE_22_2025,Gampaha,BOPSp,0,1180,UDAPUSSELLAWAS
SALE_22_2025,Dartry Valley,BOP1,1,1700,UDAPUSSELLAWAS
SALE_22_2025,Blairlomond,BOP1,1,1260,UDAPUSSELLAWAS
SALE_22_2025,Craighead,FBOPF/FBOPF1,1,1600,UDAPUSSELLAWAS
SALE_22_2025,Hatale,FBOPF/FBOPF1,0,1600,UDAPUSSELLAWAS
SALE_22_2025,Delmar,FBOPF/FBOPF1,0,1380,UDAPUSSELLAWAS
SALE_22_2025,Dartry Valley,FBOPF/FBOPF1,1,1550,UDAPUSSELLAWAS
SALE_22_2025,Blairlomond,FBOPF/FBOPF1,1,1360,UDAPUSSELLAWAS
SALE_22_2025,Ancoombra,FBOPF/FBOPF1,0,1550,UDAPUSSELLAWAS
SALE_22_2025,Harangalla,FBOPF/FBOPF1,0,1550,UDAPUSSELLAWAS
SALE_22_2025,Maha Uva,OP1,1,1140,UDAPUSSELLAWAS
SALE_22_2025,Windsorforest,FBOPF/FBOPF1,1,1480,UDAPUSSELLAWAS
SALE_22_2025,High Forest,OP1,1,1100,UDAPUSSELLAWAS
SALE_22_2025,Doombagastalawa,FBOPF/FBOPF1,1,1480,UDAPUSSELLAWAS
SALE_22_2025,Craighead,OP1,1,1800,LOW GROWNS
SALE_22_2025,Lions,BOP,0,2150,LOW GROWNS
SALE_22_2025,Wathurawila,BOP,0,2150,LOW GROWNS
SALE_22_2025,New Batuwangala,BOP,0,2100,LOW GROWNS
SALE_22_2025,Pothotuwa,BOP,1,1900,LOW GROWNS
SALE_22_2025,Aruna,BOP,0,1900,LOW GROWNS
SALE_22_2025,Wattahena,BOP,0,1900,WESTERN HIGH
SALE_22_2025,Robgill,BOP,0,1260,WESTERN HIGH
SALE_22_2025,Kamarangapitiya,BOPSp,1,2250,WESTERN HIGH
SALE_22_2025,Annfield,BOP,1,1240,WESTERN HIGH
SALE_22_2025,Kings Bru,BOPF,0,1700,WESTERN HIGH
SALE_22_2025,Wattegodde,BOP,0,1240,WESTERN HIGH
SALE_22_2025,Greenwin Super,BOPFSp,0,2000,WESTERN HIGH
SALE_22_2025,Queensberry,BOPSp,1,1460,WESTERN HIGH
SALE_22_2025,Kiruwanaganga,FBOP,1,2450,WESTERN HIGH
SALE_22_2025,Dullie Ella,FBOP1,1,1950,WESTERN HIGH
SALE_22_2025,Inverness,BOP1,0,1800,WESTERN HIGH
SALE_22_2025,Danawala,FBOPF,0,2200,WESTERN HIGH
SALE_22_2025,Ganganee,FBOPF,0,1900,WESTERN HIGH
SALE_22_2025,Kiruwanaganga,FBOPF,1,1750,WESTERN HIGH
SALE_22_2025,Lumbini,FBOPF1,0,1950,WESTERN HIGH
SALE_22_2025,Queensberry,FBOPF/FBOPF1,1,1400,WESTERN HIGH
SALE_22_2025,Kings Bru,FBOPF1,0,1750,WESTERN HIGH
SALE_22_2025,Torrington,FBOPF/FBOPF1,1,1380,WESTERN HIGH
SALE_22_2025,Makandura,FBOPF1,0,1750,WESTERN HIGH
SALE_22_2025,Pothotuwa,FBOPF1,1,1700,WESTERN HIGH
SALE_22_2025,Gunawardena,FBOPF1,1,1700,WESTERN HIGH
SALE_22_2025,Pothotuwa,BOP1,1,3000,WESTERN HIGH
SALE_22_2025,Dampahala,BOP1,0,3000,WESTERN HIGH
SALE_22_2025,Pothotuwa,OP1,1,3250,WESTERN HIGH
SALE_22_2025,Lickra,OP,0,1550,WESTERN HIGH
SALE_22_2025,St Andrews,OP1,0,1700,WESTERN HIGH
SALE_22_2025,Parakaduwa Super,OP,0,1550,WESTERN HIGH
SALE_22_2025,Kolonna Super,OP,1,1500,WESTERN HIGH
SALE_22_2025,Berubeula,OP,0,1500,WESTERN HIGH
SALE_22_2025,Karagoda,OP,0,1500,WESTERN HIGH
SALE_22_2025,Lucky Dais,OPA,0,1650,NUWARA ELIYAS
SALE_22_2025,Kenmare,BOPSp,0,800,NUWARA ELIYAS
SALE_22_2025,Lumbini,PEK,0,2400,NUWARA ELIYAS
SALE_22_2025,Galatara,PEK1,0,2300,NUWARA ELIYAS
SALE_22_2025,Hindagala,BOPSp,0,1400,UNORTHODOX MEDIUM
SALE_22_2025,Strathdon,CTCPF1,0,1080,UNORTHODOX MEDIUM
SALE_22_2025,Uva Samovar,BOPSp,1,1360,UNORTHODOX MEDIUM
SALE_22_2025,New Peacock,CTCBP1,1,1220,UNORTHODOX MEDIUM
SALE_22_2025,Aultmore,CTCBPS,1,800,UNORTHODOX MEDIUM
SALE_22_2025,Dickwella,BOP1,1,1600,UNORTHODOX MEDIUM
SALE_22_2025,Kalubowitiyana,CTCPF1,0,1480,UNORTHODOX LOW
SALE_22_2025,Aruna Passara,BOP1,0,1550,UNORTHODOX LOW
SALE_22_2025,Ceciliyan,CTCBP1,1,1260,UNORTHODOX LOW
SALE_22_2025,Sarnia Plaiderie,BOP1,0,1550,UNORTHODOX LOW
SALE_22_2025,Ross Feld,CTCBPS,0,740,UNORTHODOX LOW
SALE_22_2025,Roseland Uva,BOP1,0,1550,UNORTHODOX LOW
SALE_22_2025,Greenwin Super,FBOPFSp,0,4950,PREMIUM FLOWERY
SALE_22_2025,Dickwella,FBOPF/FBOPF1,0,1500,PREMIUM FLOWERY
SALE_22_2025,Rasa,FBOPFSp,0,4850,PREMIUM FLOWERY
SALE_22_2025,New Deniyaya,FBOPFSp,1,4800,PREMIUM FLOWERY
SALE_22_2025,Dickwella,OP1,1,1600,PREMIUM FLOWERY
SALE_22_2025,Nilgiri,FBOPFExSp,0,4950,PREMIUM FLOWERY
SALE_22_2025,Adawatte,OP1,0,1600,PREMIUM FLOWERY
SALE_22_2025,Dullie Alla,FBOPFExSp,1,4600,PREMIUM FLOWERY
SALE_22_2025,New Falcon Lanka,FBOPFExSp,0,4600,PREMIUM FLOWERY
SALE_22_2025,Tea Bank,FBOPFExSp1,0,5350,PREMIUM FLOWERY
SALE_22_2025,Lions,FBOPFExSp1,0,4950,UVA HIGH
SALE_22_2025,Nayabedde,BOP,0,1220,UVA HIGH
SALE_22_2025,Kamarangapitiya,FBOPFExSp1,1,4550,UVA HIGH
SALE_22_2025,Gonamotawa,BOPSp,1,1380,UVA HIGH
SALE_22_2025,Great Western,DUST1,0,1700,DUSTS
SALE_22_2025,Gonamotawa,BOP1,1,1800,DUSTS
SALE_22_2025,Ceciliyan CTC,PD,0,1380,DUSTS
SALE_22_2025,Hingalgoda,CTCPF,0,1180,OFF GRADES
SALE_22_2025,Chandrika Estate,BM,1,1000,OFF GRADES
SALE_22_2025,Avissawella,BM,0,1000,OFF GRADES
SALE_22_2025,Adams View,BM,1,980,UVA HIGH
SALE_22_2025,Gonamotawa,FBOPF/FBOPF1,1,1480,UVA HIGH
SALE_22_2025,Sineth,BM,0,980,UVA HIGH
SALE_22_2025,Ganganee,BM,0,980,UVA HIGH
SALE_22_2025,Ellathota Uva,OP1,0,1500,UVA HIGH
SALE_22_2025,Sachitha,BM,0,980,UVA HIGH
SALE_22_2025,Falcon Lanka,BM,0,980,UVA HIGH
SALE_22_2025,Greenwin,BM,0,980,UVA HIGH
SALE_22_2025,Dampahala,BP,0,1180,UVA HIGH
SALE_22_2025,Aldora,BOP1A,1,1400,UNORTHODOX HIGH
SALE_22_2025,Dunsinane,CTCPF1,1,1140,UNORTHODOX HIGH
SALE_22_2025,Chandrika Estate,BOP1A,1,1380,UNORTHODOX HIGH
SALE_23_2025,Harangalla,BOP,0,1600,WESTERN MEDIUM
SALE_23_2025,Hatale,BOPSp,0,1260,WESTERN MEDIUM
SALE_23_2025,Luckyland,BOPSp,0,830,UDAPUSSELLAWAS
SALE_23_2025,Dartry Valley,BOP1,1,2050,UDAPUSSELLAWAS
SALE_23_2025,Kirklees,BOPSp,0,830,UDAPUSSELLAWAS
SALE_23_2025,Harangalla,BOP1,1,1750,UDAPUSSELLAWAS
SALE_23_2025,Delmar,BOP1,1,1750,UDAPUSSELLAWAS
SALE_23_2025,Craighead,FBOPF/FBOPF1,1,1800,UDAPUSSELLAWAS
SALE_23_2025,Harangalla,FBOPF/FBOPF1,1,1600,UDAPUSSELLAWAS
SALE_23_2025,Windsorforest,FBOPF/FBOPF1,1,1420,UDAPUSSELLAWAS
SALE_23_2025,Imboolpittia,FBOPF/FBOPF1,1,1420,UDAPUSSELLAWAS
SALE_23_2025,Blairlomond,FBOPF/FBOPF1,1,1260,UDAPUSSELLAWAS
SALE_23_2025,Ancoombra,FBOPF/FBOPF1,0,1420,UDAPUSSELLAWAS
SALE_23_2025,Delmar,FBOPF/FBOPF1,1,1240,UDAPUSSELLAWAS
SALE_23_2025,Delmar,OP1,0,1550,UDAPUSSELLAWAS
SALE_23_2025,Hatale,OP1,0,1500,UDAPUSSELLAWAS
SALE_23_2025,Galgewatta,OP1,0,1500,UDAPUSSELLAWAS
SALE_23_2025,Lions,BOP,0,2300,LOW GROWNS
SALE_23_2025,Mulatiyana Hills,BOP,0,2300,LOW GROWNS
SALE_23_2025,Kamarangapitiya,BOPSp,1,2200,LOW GROWNS
SALE_23_2025,Kings Bru,BOPF,0,1700,WESTERN HIGH
SALE_23_2025,Great Western,BOP,0,1220,WESTERN HIGH
SALE_23_2025,Rajjuruwatta Super,BOPFSp,0,2100,WESTERN HIGH
SALE_23_2025,Queensberry,BOPSp,1,1300,WESTERN HIGH
SALE_23_2025,Sithaka,FBOP,0,2600,WESTERN HIGH
SALE_23_2025,Wattahena,FBOP1,0,2100,WESTERN HIGH
SALE_23_2025,Torrington,BOP1,1,1700,WESTERN HIGH
SALE_23_2025,New Nivithigala,FBOP1,0,2100,WESTERN HIGH
SALE_23_2025,Kiruwanaganga,FBOP1,1,2000,WESTERN HIGH
SALE_23_2025,Sihara,FBOPF,0,1420,WESTERN HIGH
SALE_23_2025,Nilwala,FBOPF,0,1420,WESTERN HIGH
SALE_23_2025,Lumbini,FBOPF1,0,1900,WESTERN HIGH
SALE_23_2025,Fairlawn,FBOPF/FBOPF1,0,1500,WESTERN HIGH
SALE_23_2025,Makandura,FBOPF1,0,1700,WESTERN HIGH
SALE_23_2025,Pothotuwa,FBOPF1,1,1650,WESTERN HIGH
SALE_23_2025,Pothotuwa,BOP1,1,3000,WESTERN HIGH
SALE_23_2025,Venture,OP1,0,1260,WESTERN HIGH
SALE_23_2025,Pothotuwa,OP1,1,3250,WESTERN HIGH
SALE_23_2025,Kiruwanaganga,OP1,1,2800,WESTERN HIGH
SALE_23_2025,Kingsbru,OP,0,1650,NUWARA ELIYAS
SALE_23_2025,Sunrise,OP,0,1650,NUWARA ELIYAS
SALE_23_2025,Miriswatta,OPA,0,1600,NUWARA ELIYAS
SALE_23_2025,Sunrise,OPA,0,1600,NUWARA ELIYAS
SALE_23_2025,Lucky Dais,OPA,0,1600,NUWARA ELIYAS
SALE_23_2025,Green Lanka,OPA,0,1600,NUWARA ELIYAS
SALE_23_2025,Lumbini,PEK,0,2350,NUWARA ELIYAS
SALE_23_2025,New Batuwangala,PEK1,0,2500,UDAPUSSELLAWAS
SALE_23_2025,Luckyland,BOP,0,850,UDAPUSSELLAWAS
SALE_23_2025,Kirklees,BOP,0,850,UDAPUSSELLAWAS
SALE_23_2025,Blairlomond,BOP,1,840,UDAPUSSELLAWAS
SALE_23_2025,New Peacock,CTCPF1,1,1100,UVA MEDIUM
SALE_23_2025,Aruna Passara,BOP,0,1300,UVA MEDIUM
SALE_23_2025,Rothschild,CTCBP1,0,1000,UVA MEDIUM
SALE_23_2025,Roseland Uva,BOP,0,1300,UVA MEDIUM
SALE_23_2025,Uva Samovar,BOPSp,0,1240,UVA MEDIUM
SALE_23_2025,Ceciliyan,CTCBP1,0,1200,UNORTHODOX LOW
SALE_23_2025,Dickwella,BOP1,1,1600,UNORTHODOX LOW
SALE_23_2025,Ross Feld,CTCBPS,0,760,UNORTHODOX LOW
SALE_23_2025,Sarnia Plaiderie,FBOPF/FBOPF1,0,1460,PREMIUM FLOWERY
SALE_23_2025,Fortune,FBOPFSp,1,2450,PREMIUM FLOWERY
SALE_23_2025,Dickwella,FBOPF/FBOPF1,1,1440,PREMIUM FLOWERY
SALE_23_2025,New Deniyaya,FBOPFSp,1,2400,PREMIUM FLOWERY
SALE_23_2025,Pothotuwa,FBOPFSp,1,2350,PREMIUM FLOWERY
SALE_23_2025,Uva Samovar,OP1,1,1500,PREMIUM FLOWERY
SALE_23_2025,Thilaka,FBOPFSp,0,2350,PREMIUM FLOWERY
SALE_23_2025,Telbedde,OP1,1,1500,PREMIUM FLOWERY
SALE_23_2025,Wikilliya,FBOPFSp,0,2350,PREMIUM FLOWERY
SALE_23_2025,Greenwin Super,FBOPFSp,0,2350,PREMIUM FLOWERY
SALE_23_2025,Ivy Hills,FBOPFSp,0,2350,PREMIUM FLOWERY
SALE_23_2025,Pothotuwa,FBOPFExSp,1,2950,PREMIUM FLOWERY
SALE_23_2025,Kiruwanaganga,FBOPFExSp,1,2750,PREMIUM FLOWERY
SALE_23_2025,New Spring View,FBOPFExSp,0,2850,UVA HIGH
SALE_23_2025,Pitaratmalie,BOP,0,1080,UVA HIGH
SALE_23_2025,Bandaraeliya,BOP,1,1020,DUSTS
SALE_23_2025,Mattakelle,DUST1,0,1600,DUSTS
SALE_23_2025,Gonamotawa,BOPSp,1,1360,DUSTS
SALE_23_2025,Hingalgoda CTC,PD,0,1400,DUSTS
SALE_23_2025,Glenanore,BOP1,0,1750,OFF GRADES
SALE_23_2025,Uva Highlands,BOP1,1,1500,UVA HIGH
SALE_23_2025,Glenanore,FBOPF/FBOPF1,0,1420,UVA HIGH
SALE_23_2025,Liyona,CTCPF,0,940,UVA HIGH
SALE_23_2025,Gonamotawa,FBOPF/FBOPF1,1,1360,UVA HIGH
SALE_23_2025,Chandrika,CTCPF,1,860,UVA HIGH
SALE_23_2025,Wilehena,BM,0,1180,UVA HIGH
SALE_23_2025,Ellathota Uva,OP1,0,1480,UVA HIGH
SALE_23_2025,Adams View,BP,0,1200,UVA HIGH
SALE_23_2025,Chandrika Estate,BP,1,1120,UVA HIGH
SALE_23_2025,Kothmale Hills,BP,0,1120,UNORTHODOX HIGH
SALE_23_2025,Dunsinane,CTCPF1,1,1100,UNORTHODOX HIGH
SALE_23_2025,Chandrika Estate,BOP1A,1,1340,UNORTHODOX HIGH
SALE_24_2025,Ancoombra,BOP,0,1550,WESTERN MEDIUM
SALE_24_2025,Dartry Valley,BOP,1,1500,UDAPUSSELLAWAS
SALE_24_2025,Rilagala,BOPSp,1,1260,UDAPUSSELLAWAS
SALE_24_2025,Luckyland,BOPSp,0,840,UDAPUSSELLAWAS
SALE_24_2025,Dartry Valley,BOP1,1,1950,UDAPUSSELLAWAS
SALE_24_2025,Dartry Valley,FBOPF/FBOPF1,1,1600,UDAPUSSELLAWAS
SALE_24_2025,High Forest,OP1,0,940,UDAPUSSELLAWAS
SALE_24_2025,Ancoombra,OP1,0,1440,LOW GROWNS
SALE_24_2025,Harangalla,OP1,1,1420,LOW GROWNS
SALE_24_2025,Stream Line,BOPSp,0,2400,LOW GROWNS
SALE_24_2025,Kamarangapitiya,BOPSp,1,2300,LOW GROWNS
SALE_24_2025,Sithaka,BOPF,0,1650,LOW GROWNS
SALE_24_2025,Greenwin Super,BOPFSp,0,2250,LOW GROWNS
SALE_24_2025,Sithaka,FBOP,0,2650,LOW GROWNS
SALE_24_2025,Wattahena,FBOP1,0,2050,LOW GROWNS
SALE_24_2025,WESTERN HIGH Kiruwanaganga,FBOP1,1,1850,WESTERN HIGH
SALE_24_2025,Great Western,BOP,0,1260,WESTERN HIGH
SALE_24_2025,Bearwell,BOP,1,1200,WESTERN HIGH
SALE_24_2025,Queensberry,BOPSp,1,1400,WESTERN HIGH
SALE_24_2025,Gunawardana,FBOPF,1,1420,WESTERN HIGH
SALE_24_2025,Lumbini,FBOPF1,0,1750,WESTERN HIGH
SALE_24_2025,Pothotuwa,FBOPF1,1,1650,WESTERN HIGH
SALE_24_2025,Sithaka,FBOPF1,0,1650,WESTERN HIGH
SALE_24_2025,Inverness,BOP1,0,1500,WESTERN HIGH
SALE_24_2025,Nilrich,FBOPF1,0,1600,WESTERN HIGH
SALE_24_2025,Fairlawn,FBOPF/FBOPF1,0,1460,WESTERN HIGH
SALE_24_2025,Torrington,FBOPF/FBOPF1,1,1400,WESTERN HIGH
SALE_24_2025,Pothotuwa,BOP1,1,3000,WESTERN HIGH
SALE_24_2025,Bambrakelly,OP1,0,1260,WESTERN HIGH
SALE_24_2025,Miriswatta,OP,0,1550,WESTERN HIGH
SALE_24_2025,NUWARA ELIYAS Dampahala,OPA,0,1650,NUWARA ELIYAS
SALE_24_2025,Liyonta,OPA,0,1650,NUWARA ELIYAS
SALE_24_2025,Liyonta,PEK,0,2350,NUWARA ELIYAS
SALE_24_2025,Galaxy,PEK1,1,2300,NUWARA ELIYAS
SALE_24_2025,Liddesdale,BOP,1,850,UDAPUSSELLAWAS
SALE_24_2025,Dickwella,BOPSp,0,1300,UVA HIGH
SALE_24_2025,Dunsinane,CTCPF1,1,1060,UNORTHODOX HIGH
SALE_24_2025,New Peacock,CTCPF1,0,1120,UNORTHODOX MEDIUM
SALE_24_2025,Dickwella,BOP1,0,1700,UNORTHODOX MEDIUM
SALE_24_2025,Delta,CTCBP1,0,880,UNORTHODOX MEDIUM
SALE_24_2025,Plaiderie Donside,CTCBPS,0,750,UNORTHODOX MEDIUM
SALE_24_2025,Hingalgoda,CTCPF1,0,1440,UNORTHODOX LOW
SALE_24_2025,Ceciliyan,CTCBP1,1,1160,UNORTHODOX LOW
SALE_24_2025,Rasa,FBOPFSp,0,5000,PREMIUM FLOWERY
SALE_24_2025,Plaiderie H P P Tea,FBOPFExSp,0,4750,PREMIUM FLOWERY
SALE_24_2025,Lihiniyawa,FBOPFExSp1,0,4500,PREMIUM FLOWERY
SALE_24_2025,Dickwella,OP1,0,1500,PREMIUM FLOWERY
SALE_24_2025,Great Western,DUST1,1,1500,DUSTS
SALE_24_2025,Ceciliyan CTC,PD,0,1300,DUSTS
SALE_24_2025,Nayabedde,BOP,1,1040,UVA HIGH
SALE_24_2025,Gonamotawa,BOPSp,1,1220,UVA HIGH
SALE_24_2025,Liyonta,CTCPF,0,940,UVA HIGH
SALE_24_2025,Craig,BOPSp,0,1220,UVA HIGH
SALE_24_2025,Strathdon,CTCPF,1,840,UVA HIGH
SALE_24_2025,Chandrika,CTCPF,1,810,UVA HIGH
SALE_24_2025,Uva Highlands,BOP1,1,1480,UVA HIGH
SALE_24_2025,Kurunduwatta,BM,0,1220,UVA HIGH
SALE_24_2025,Hidellana,BP,1,1240,UVA HIGH
SALE_24_2025,Oodoowerre,FBOPF/FBOPF1,0,1320,UVA HIGH
SALE_24_2025,Ransegoda,BP,0,1220,UVA HIGH
SALE_24_2025,Chandrika Estate,BP,1,1200,UVA HIGH
SALE_24_2025,Kelani,BP,1,1180,UVA HIGH
SALE_24_2025,Ellathota Uva,OP1,1,1480,UVA HIGH
SALE_24_2025,Lakvinka,BP,0,1180,UVA HIGH
SALE_24_2025,Chandrika Estate,BOP1A,1,1400,UVA HIGH
SALE_25_2025,Dartry Valley,BOP,1,1550,WESTERN MEDIUM
SALE_25_2025,Ancoombra,BOP,0,1550,UDAPUSSELLAWAS
SALE_25_2025,Harangalla,BOP,0,1550,UDAPUSSELLAWAS
SALE_25_2025,Delmar,FBOPF/FBOPF1,0,1420,UDAPUSSELLAWAS
SALE_25_2025,Ancoombra,BOPSp,0,1500,UDAPUSSELLAWAS
SALE_25_2025,Orange Field,BOP1,0,1300,UDAPUSSELLAWAS
SALE_25_2025,Delmar,OP1,1,1400,UDAPUSSELLAWAS
SALE_25_2025,Maha Uva,OP1,1,1380,UDAPUSSELLAWAS
SALE_25_2025,Blairlomond,OP1,1,1320,UDAPUSSELLAWAS
SALE_25_2025,Ancoombra,FBOPF/FBOPF1,0,1600,UDAPUSSELLAWAS
SALE_25_2025,Harangalla,FBOPF/FBOPF1,1,1550,UDAPUSSELLAWAS
SALE_25_2025,Dartry Valley,FBOPF/FBOPF1,1,1550,UDAPUSSELLAWAS
SALE_25_2025,Hatale,FBOPF/FBOPF1,0,1550,UDAPUSSELLAWAS
SALE_25_2025,Brombil,BOP,0,2350,LOW GROWNS
SALE_25_2025,Kenilworth,OP1,0,1500,LOW GROWNS
SALE_25_2025,Kamarangapitiya,BOPSp,1,1900,LOW GROWNS
SALE_25_2025,Roslin Hill,OP1,0,1500,LOW GROWNS
SALE_25_2025,Deshika Super,BOPSp,0,1800,LOW GROWNS
SALE_25_2025,Kelani,BOPSp,1,1750,LOW GROWNS
SALE_25_2025,Kings Bru,BOPF,0,1800,WESTERN HIGH
SALE_25_2025,Fairlawn,BOP,0,1480,WESTERN HIGH
SALE_25_2025,Sithaka,BOPF,0,1420,WESTERN HIGH
SALE_25_2025,Ingestre,BOP,1,1340,WESTERN HIGH
SALE_25_2025,Pothotuwa,BOPF,1,1340,WESTERN HIGH
SALE_25_2025,Alton,BOP,1,1280,WESTERN HIGH
SALE_25_2025,Rajjuruwatta Super,BOPFSp,0,2150,WESTERN HIGH
SALE_25_2025,Inverness,BOP,0,1280,WESTERN HIGH
SALE_25_2025,Sithaka,FBOP,0,2900,WESTERN HIGH
SALE_25_2025,Wattegodde,BOP,0,1280,WESTERN HIGH
SALE_25_2025,Eildon Hall,BOPSp,1,1300,WESTERN HIGH
SALE_25_2025,Ganganee,FBOPF,0,1800,WESTERN HIGH
SALE_25_2025,Gunawardana,FBOPF,1,1750,WESTERN HIGH
SALE_25_2025,Torrington,BOP1,1,1420,WESTERN HIGH
SALE_25_2025,Pothotuwa,BOP1,1,3050,WESTERN HIGH
SALE_25_2025,Pothotuwa,OP1,1,3200,WESTERN HIGH
SALE_25_2025,Glenloch,FBOPF/FBOPF1,1,1460,WESTERN HIGH
SALE_25_2025,Mulatiyana Hills,OP1,0,2700,WESTERN HIGH
SALE_25_2025,Gunawardena,OP1,1,2600,WESTERN HIGH
SALE_25_2025,Himara,OP1,0,2600,WESTERN HIGH
SALE_25_2025,Inverness,OP1,0,1380,WESTERN HIGH
SALE_25_2025,Kiruwanaganga,OP1,1,2500,WESTERN HIGH
SALE_25_2025,Uruwala,OP,1,1550,WESTERN HIGH
SALE_25_2025,Susantha,OP,0,1550,NUWARA ELIYAS
SALE_25_2025,Kenmare,BOP,1,920,NUWARA ELIYAS
SALE_25_2025,Green Lanka,OP,0,1550,NUWARA ELIYAS
SALE_25_2025,Kenmare,BOPSp,0,1220,NUWARA ELIYAS
SALE_25_2025,Miriswatta,OP,0,1550,NUWARA ELIYAS
SALE_25_2025,Pothotuwa,OP,1,1500,NUWARA ELIYAS
SALE_25_2025,Morawakkorale,OP,1,1500,NUWARA ELIYAS
SALE_25_2025,Madampe,OP,1,1500,NUWARA ELIYAS
SALE_25_2025,Koppakanda,OP,0,1500,NUWARA ELIYAS
SALE_25_2025,New Panilkanda,OP,0,1500,NUWARA ELIYAS
SALE_25_2025,Galahitiya,OP,0,1500,NUWARA ELIYAS
SALE_25_2025,Miriswatta,OPA,0,1700,UDAPUSSELLAWAS
SALE_25_2025,Kirklees,BOP,0,940,UDAPUSSELLAWAS
SALE_25_2025,Lumbini,PEK,0,2400,UDAPUSSELLAWAS
SALE_25_2025,Gampaha,BOPSp,0,1280,UDAPUSSELLAWAS
SALE_25_2025,Galatara,PEK1,0,2300,UDAPUSSELLAWAS
SALE_25_2025,Liyonta,PEK1,0,2300,UDAPUSSELLAWAS
SALE_25_2025,Maha Uva,BOP1,1,1380,UDAPUSSELLAWAS
SALE_26_2025,Dartry Valley,BOP,1,1600,WESTERN MEDIUM
SALE_26_2025,Orange Field,BOPSp,0,1200,UDAPUSSELLAWAS
SALE_26_2025,Blairlomond,FBOPF/FBOPF1,1,1400,UDAPUSSELLAWAS
SALE_26_2025,Delmar,FBOPF/FBOPF1,1,1400,UDAPUSSELLAWAS
SALE_26_2025,Galgewatta,BOP1,0,1650,UDAPUSSELLAWAS
SALE_26_2025,Gampaha,OP1,0,1420,UDAPUSSELLAWAS
SALE_26_2025,Ancoombra,FBOPF/FBOPF1,0,1650,UDAPUSSELLAWAS
SALE_26_2025,Windsorforest,FBOPF/FBOPF1,1,1550,LOW GROWNS
SALE_26_2025,Elaine Super,BOP,0,2400,LOW GROWNS
SALE_26_2025,Craighead,FBOPF/FBOPF1,1,1550,LOW GROWNS
SALE_26_2025,Kamarangapitiya,BOPSp,1,2150,LOW GROWNS
SALE_26_2025,Dartry Valley,FBOPF/FBOPF1,0,1550,LOW GROWNS
SALE_26_2025,New Spring View,BOPSp,0,2150,LOW GROWNS
SALE_26_2025,Kings Bru,BOPF,0,1800,LOW GROWNS
SALE_26_2025,Pothotuwa,BOPF,1,1500,LOW GROWNS
SALE_26_2025,Craighead,OP1,1,1850,LOW GROWNS
SALE_26_2025,Greenwin Super,BOPFSp,0,2250,LOW GROWNS
SALE_26_2025,WESTERN HIGH Kelani,BOPFSp,1,1550,WESTERN HIGH
SALE_26_2025,Ingestre,BOP,1,1380,WESTERN HIGH
SALE_26_2025,Queensberry,BOPSp,1,1240,WESTERN HIGH
SALE_26_2025,Kiruwanaganga,FBOP1,1,2200,WESTERN HIGH
SALE_26_2025,Gunawardana,FBOPF,1,1800,WESTERN HIGH
SALE_26_2025,St Andrews,BOP1,0,1500,WESTERN HIGH
SALE_26_2025,Pothotuwa,FBOPF1,1,1700,WESTERN HIGH
SALE_26_2025,Gunawardana,FBOPF1,1,1700,WESTERN HIGH
SALE_26_2025,Sithaka,FBOPF1,0,1700,WESTERN HIGH
SALE_26_2025,Fairlawn,FBOPF/FBOPF1,0,1420,WESTERN HIGH
SALE_26_2025,Lumbini,FBOPF1,0,1700,WESTERN HIGH
SALE_26_2025,Glenloch,FBOPF/FBOPF1,1,1380,WESTERN HIGH
SALE_26_2025,Makandura,FBOPF1,0,1700,WESTERN HIGH
SALE_26_2025,Pothotuwa,BOP1,1,3050,WESTERN HIGH
SALE_26_2025,Kiruwanaganga,BOP1,0,2600,WESTERN HIGH
SALE_26_2025,Susantha,OP1,0,3200,WESTERN HIGH
SALE_26_2025,Pothotuwa,OP1,1,2700,WESTERN HIGH
SALE_26_2025,St Andrews,OP1,0,1320,WESTERN HIGH
SALE_26_2025,Bogoda Group,OP,0,1500,WESTERN HIGH
SALE_26_2025,Lickra,OP,0,1500,WESTERN HIGH
SALE_26_2025,Mahaliyadda,OP,0,1480,NUWARA ELIYAS
SALE_26_2025,Green Lanka,OP,0,1480,NUWARA ELIYAS
SALE_26_2025,Makandura,OP,0,1480,NUWARA ELIYAS
SALE_26_2025,Lenama Hills,OP,0,1480,NUWARA ELIYAS
SALE_26_2025,New Galagawa,OP,0,1480,NUWARA ELIYAS
SALE_26_2025,New Kandedola,OP,1,1460,NUWARA ELIYAS
SALE_26_2025,Kiruwanaganga,OP,1,1460,UDAPUSSELLAWAS
SALE_26_2025,Maha Uva,BOP,1,1020,UDAPUSSELLAWAS
SALE_26_2025,Green Lanka,OPA,0,1550,UDAPUSSELLAWAS
SALE_26_2025,Delmar,BOPSp,0,1100,UDAPUSSELLAWAS
SALE_26_2025,Liyonta,PEK,0,2450,UDAPUSSELLAWAS
SALE_26_2025,Liyonta,PEK1,0,2550,UDAPUSSELLAWAS
SALE_26_2025,Maha Uva,BOP1,1,1260,UDAPUSSELLAWAS
SALE_26_2025,Dickwella,BOP,0,1550,UVA HIGH
SALE_26_2025,Hindagala,BOPSp,0,1380,UVA HIGH
SALE_26_2025,Dunsinane,CTCPF1,1,1120,UNORTHODOX HIGH
SALE_26_2025,Florence,CTCPF1,0,1120,UNORTHODOX HIGH
SALE_26_2025,Ulugedara,CTCPF1,0,1120,UNORTHODOX HIGH
SALE_26_2025,New Peacock,CTCPF1,1,1120,UNORTHODOX MEDIUM
SALE_26_2025,Keppetipola Strathdon,CTCPF1,0,1120,UNORTHODOX MEDIUM
SALE_26_2025,Strathdon,CTCBP1,0,1020,UNORTHODOX MEDIUM
SALE_26_2025,Ancoombra,CTCBPS,0,770,UNORTHODOX MEDIUM
SALE_26_2025,Halpewatta Hingalgoda,CTCPF1,0,1600,UNORTHODOX LOW
SALE_26_2025,Nelunwatta,CTCBP1,0,820,UNORTHODOX LOW
SALE_26_2025,Ross Feld,CTCBPS,0,740,UNORTHODOX LOW
SALE_26_2025,Telbedde,OP1,1,1850,UNORTHODOX LOW
SALE_26_2025,Greenwin Super,FBOPFSp,0,5250,PREMIUM FLOWERY
SALE_26_2025,Fortune,FBOPFSp,1,4650,PREMIUM FLOWERY
SALE_26_2025,Kiruwanaganga,FBOPFExSp,1,6000,PREMIUM FLOWERY
SALE_26_2025,Muswenna,FBOPFExSp1,1,6050,PREMIUM FLOWERY
SALE_26_2025,Keppetipola Kiruwanaganga,FBOPFExSp1,1,5750,PREMIUM FLOWERY
SALE_26_2025,UVA HIGH Mattakelle,DUST1,0,1600,UVA HIGH
SALE_26_2025,Bandaraeliya,BOP,1,1240,UVA HIGH
SALE_26_2025,Gonamotawa,BOPSp,1,1440,OFF GRADES
SALE_26_2025,Uva Highlands,BOP1,0,1750,UVA HIGH
SALE_26_2025,Gonamotawa,FBOPF/FBOPF1,1,1420,UVA HIGH
SALE_26_2025,Mount Uva,FBOPF/FBOPF1,0,1420,UVA HIGH
SALE_26_2025,Glenanore,FBOPF/FBOPF1,1,1380,UVA HIGH
SALE_26_2025,Balagalaella,FBOPF/FBOPF1,1,1360,UVA HIGH
SALE_26_2025,Craig,FBOPF/FBOPF1,0,1360,UVA HIGH
SALE_26_2025,Chandrika Estate,BOP1A,0,1400,UVA HIGH
SALE_27_2025,Aruna Passara,BOP,0,1340,UVA MEDIUM
SALE_27_2025,Glen Alpin,BOPSp,0,1400,UNORTHODOX HIGH
SALE_27_2025,Dunsinane,CTCPF1,1,1200,UNORTHODOX HIGH
SALE_27_2025,Aruna Passara,BOP1,0,1750,UNORTHODOX MEDIUM
SALE_27_2025,Strathdon,CTCBP1,0,1080,UNORTHODOX MEDIUM
SALE_27_2025,Aruna Passara,FBOPF/FBOPF1,0,1380,UNORTHODOX MEDIUM
SALE_27_2025,Strathdon,CTCBPS,0,980,UNORTHODOX MEDIUM
SALE_27_2025,Uva Tenne,FBOPF/FBOPF1,0,1380,UNORTHODOX MEDIUM
SALE_27_2025,Hingalgoda,CTCPF1,0,1550,UNORTHODOX LOW
SALE_27_2025,Roseland Uva,FBOPF/FBOPF1,0,1380,UNORTHODOX LOW
SALE_27_2025,Ceciliyan,CTCBP1,0,1320,UNORTHODOX LOW
SALE_27_2025,High Spring,FBOPF/FBOPF1,0,1380,UNORTHODOX LOW
SALE_27_2025,Ross Field,CTCBPS,0,730,UNORTHODOX LOW
SALE_27_2025,Aruna Passara,OP1,0,1600,PREMIUM FLOWERY
SALE_27_2025,New Hopewell,FBOPFSp,1,5750,PREMIUM FLOWERY
SALE_27_2025,New Deniyaya,FBOPFSp,1,5300,PREMIUM FLOWERY
SALE_27_2025,Ellathota Uva,BOP,1,1160,UVA HIGH
SALE_27_2025,Nayabedde,BOP,1,1140,UVA HIGH
SALE_27_2025,Craig,BOPSp,0,1380,UVA HIGH
SALE_27_2025,Mattakelle,DUST1,0,1550,DUSTS
SALE_27_2025,Ceciliyan CTC,PD,1,1360,DUSTS
SALE_27_2025,Uva Highlands,BOP1,0,1650,UVA HIGH
SALE_27_2025,Dellawa CTC,PD,1,1360,UVA HIGH
SALE_27_2025,Uva Highlands,FBOPF/FBOPF1,1,1360,UVA HIGH
SALE_27_2025,Mahadowa,FBOPF/FBOPF1,1,1360,UVA HIGH
SALE_27_2025,Craig,FBOPF/FBOPF1,0,1360,UVA HIGH
SALE_27_2025,Hingalgoda,CTCPF,0,1180,UVA HIGH
SALE_27_2025,Uvakellie,OP1,0,1420,UVA HIGH
SALE_27_2025,Kurunduwatta,BM,0,1120,UVA HIGH
SALE_27_2025,Bogoda,BM,0,1040,UVA HIGH
SALE_27_2025,Gunawardana,BM,1,1020,UVA HIGH
SALE_27_2025,Ransewana,BP,0,1200,UVA HIGH
SALE_27_2025,Chandrika Eatate,BOP1A,0,1420,UVA HIGH
SALE_28_2025,Harangalla,BOP,1,1600,WESTERN MEDIUM
SALE_28_2025,Dartry Valley,BOP,1,1600,UDAPUSSELLAWAS
SALE_28_2025,Kirklees,BOP,0,880,UDAPUSSELLAWAS
SALE_28_2025,Hatale,BOPSp,0,1420,UDAPUSSELLAWAS
SALE_28_2025,Ragalla,BOP,1,850,UDAPUSSELLAWAS
SALE_28_2025,Craighead,BOPSp,1,1400,UDAPUSSELLAWAS
SALE_28_2025,Blairlomond,BOPSp,1,800,UDAPUSSELLAWAS
SALE_28_2025,Hatale,BOP1,0,1900,UDAPUSSELLAWAS
SALE_28_2025,Harangalla,BOP1,1,1850,UDAPUSSELLAWAS
SALE_28_2025,Gampaha,BOP1,0,1360,UDAPUSSELLAWAS
SALE_28_2025,Dartry Valley,BOP1,1,1850,UDAPUSSELLAWAS
SALE_28_2025,Maha Uva,BOP1,1,1320,UDAPUSSELLAWAS
SALE_28_2025,Blairlomond,FBOPF/FBOPF1,1,1380,UDAPUSSELLAWAS
SALE_28_2025,Harangalla,FBOPF/FBOPF1,1,1650,UDAPUSSELLAWAS
SALE_28_2025,Maha Uva,FBOPF/FBOPF1,1,1340,UDAPUSSELLAWAS
SALE_28_2025,Dartry Valley,FBOPF/FBOPF1,1,1650,UDAPUSSELLAWAS
SALE_28_2025,Gampaha,FBOPF/FBOPF1,0,1340,UDAPUSSELLAWAS
SALE_28_2025,Delmar,FBOPF/FBOPF1,1,1320,UDAPUSSELLAWAS
SALE_28_2025,Harangalla,OP1,1,1480,UDAPUSSELLAWAS
SALE_28_2025,Gampaha,OP1,0,1360,UDAPUSSELLAWAS
SALE_28_2025,Hansagiri Kothmale,OP1,0,1480,UDAPUSSELLAWAS
SALE_28_2025,New Rothschild,OP1,0,1480,LOW GROWNS
SALE_28_2025,Mahaliyadda,BOP,0,1950,LOW GROWNS
SALE_28_2025,New Spring View,BOPSp,0,2050,LOW GROWNS
SALE_28_2025,Kings Bru,BOPF,0,1800,LOW GROWNS
SALE_28_2025,Greenwin Super,BOPFSp,0,2100,WESTERN HIGH
SALE_28_2025,Bearwell,BOP,0,1400,WESTERN HIGH
SALE_28_2025,Sithaka,FBOP,0,2550,WESTERN HIGH
SALE_28_2025,Dessford,BOP,0,1400,WESTERN HIGH
SALE_28_2025,Dullie Ella,FBOP1,1,2150,WESTERN HIGH
SALE_28_2025,Ingestre,BOP,1,1360,WESTERN HIGH
SALE_28_2025,Danawala,FBOPF,0,2050,WESTERN HIGH
SALE_28_2025,Mattakelle,BOPSp,0,1320,WESTERN HIGH
SALE_28_2025,Makandura,FBOPF1,0,1800,WESTERN HIGH
SALE_28_2025,Kiruwanaganga,FBOPF1,1,1750,WESTERN HIGH
SALE_28_2025,Adams View,FBOPF1,1,1750,WESTERN HIGH
SALE_28_2025,Venture,BOP1,0,1440,WESTERN HIGH
SALE_28_2025,Sineth,FBOPF1,0,1750,WESTERN HIGH
SALE_28_2025,Lumbini,FBOPF1,0,1750,WESTERN HIGH
SALE_28_2025,Pothotuwa,FBOPF1,1,1700,WESTERN HIGH
SALE_28_2025,Glenloch,FBOPF/FBOPF1,1,1420,WESTERN HIGH
SALE_28_2025,Dellawa,FBOPF1,1,1700,WESTERN HIGH
SALE_28_2025,Fairlawn,FBOPF/FBOPF1,0,1420,WESTERN HIGH
SALE_28_2025,Sunrise,FBOPF1,0,1700,WESTERN HIGH
SALE_28_2025,Dampahala,FBOPF1,0,1700,WESTERN HIGH
SALE_28_2025,Lellopitiya Super,FBOPF1,0,1700,WESTERN HIGH
SALE_28_2025,Fairlawn,OP1,0,1420,WESTERN HIGH
SALE_28_2025,Sithaka,FBOPF1,0,1700,WESTERN HIGH
SALE_28_2025,Pothotuwa,BOP1,1,3000,WESTERN HIGH
SALE_28_2025,Dampahala,OP1,0,3250,WESTERN HIGH
SALE_28_2025,Co-Op Cola,OP,0,1600,WESTERN HIGH
SALE_28_2025,Sunrise,OP,0,1600,NUWARA ELIYAS
SALE_28_2025,Liyonta,OPA,0,1750,NUWARA ELIYAS
SALE_28_2025,Dampahala,OPA,0,1750,NUWARA ELIYAS
SALE_28_2025,Lucky Dais,OPA,0,1750,NUWARA ELIYAS
SALE_28_2025,Lumbini,PEK,0,2450,NUWARA ELIYAS
SALE_28_2025,Liyonta,PEK1,0,2550,NUWARA ELIYAS
SALE_28_2025,High Forest,BOP,1,880,UDAPUSSELLAWAS
SALE_29_2025,James,BOP,1,2150,UVA HIGH
SALE_29_2025,Dickwella,BOP1,1,1700,UVA HIGH
SALE_29_2025,Halpewatta Uva,FBOPF/FBOPF1,0,1480,UNORTHODOX HIGH
SALE_29_2025,Ulugedara,CTCPF1,0,1200,UNORTHODOX HIGH
SALE_29_2025,Telbedde,OP1,1,1600,UNORTHODOX MEDIUM
SALE_29_2025,Strathdon,CTCPF1,1,1160,UNORTHODOX MEDIUM
SALE_29_2025,Strathdon,CTCBP1,0,1020,UNORTHODOX MEDIUM
SALE_29_2025,Hingalgoda,CTCPF1,0,1440,UNORTHODOX LOW
SALE_29_2025,Ceciliyan,CTCBP1,0,1360,UNORTHODOX LOW
SALE_29_2025,Rasa,FBOPFSp,0,5850,PREMIUM FLOWERY
SALE_29_2025,Fortune,FBOPFExSp,1,5850,PREMIUM FLOWERY
SALE_29_2025,UVA HIGH Allen Valley,FBOPFExSp1,0,4400,UVA HIGH
SALE_29_2025,Uva Highlands,BOP,1,3100,UVA HIGH
SALE_29_2025,Aislaby,BOP,1,2850,UVA HIGH
SALE_29_2025,Craig,BOPSp,0,1380,UVA HIGH
SALE_29_2025,Aislaby,BOP1,1,1600,UVA HIGH
SALE_29_2025,Glenanore,BOP1,1,1420,UVA HIGH
SALE_29_2025,Uva Highlands,BOP1,1,1420,UVA HIGH
SALE_29_2025,Liyonta,CTCPF,0,1200,UVA HIGH
SALE_29_2025,Gonamotawa,FBOPF/FBOPF1,1,1480,UVA HIGH
SALE_29_2025,Aislaby,FBOPF/FBOPF1,1,1440,UVA HIGH
SALE_29_2025,Glenanore,FBOPF/FBOPF1,1,1420,UVA HIGH
SALE_29_2025,Bogoda,BP,0,1120,UVA HIGH
SALE_29_2025,Mount Uva,OP1,0,1440,UVA HIGH
SALE_29_2025,Aldora,BOP1A,0,1500,UVA HIGH
SALE_29_2025,Chandrika Estate,BOP1A,1,1420,UVA HIGH
SALE_29_2025,New Kandedola,BOP1A,1,1320,UVA HIGH
SALE_30_2025,Ancoombra,BOP,0,1700,UDAPUSSELLAWAS
SALE_30_2025,Gampaha,FBOPF/FBOPF1,0,1340,UDAPUSSELLAWAS
SALE_30_2025,Ancoombra,BOPSp,0,1550,UDAPUSSELLAWAS
SALE_30_2025,Harangalla,BOP1,0,1950,UDAPUSSELLAWAS
SALE_30_2025,Maha Uva,OP1,1,1280,UDAPUSSELLAWAS
SALE_30_2025,Craighead,FBOPF/FBOPF1,1,1600,UDAPUSSELLAWAS
SALE_30_2025,Harangalla,FBOPF/FBOPF1,1,1600,LOW GROWNS
SALE_30_2025,Dartry Valley,FBOPF/FBOPF1,1,1550,LOW GROWNS
SALE_30_2025,Ancoombra,FBOPF/FBOPF1,0,1550,LOW GROWNS
SALE_30_2025,Kamarangapitiya,BOPSp,1,1900,LOW GROWNS
SALE_30_2025,Hatale,FBOPF/FBOPF1,0,1550,LOW GROWNS
SALE_30_2025,Kings Bru,BOPF,0,1800,LOW GROWNS
SALE_30_2025,Imboolpitiya,FBOPF/FBOPF1,1,1440,LOW GROWNS
SALE_30_2025,Sithaka,BOPF,0,1600,LOW GROWNS
SALE_30_2025,Uruwala,BOPF,1,1550,LOW GROWNS
SALE_30_2025,New Rothschild,OP1,0,1500,LOW GROWNS
SALE_30_2025,Rajjuruwatta Super,BOPFSp,0,2400,LOW GROWNS
SALE_30_2025,Harangalla,OP1,1,1480,LOW GROWNS
SALE_30_2025,Sithaka,FBOP,0,2550,LOW GROWNS
SALE_30_2025,Mulatiyana Hills,FBOP,0,2500,LOW GROWNS
SALE_30_2025,Galatara,FBOP,0,2500,WESTERN HIGH
SALE_30_2025,Robgill,BOP,1,1400,WESTERN HIGH
SALE_30_2025,Pothotuwa,FBOP,1,2350,WESTERN HIGH
SALE_30_2025,Bogawantalawa,BOP,1,1380,WESTERN HIGH
SALE_30_2025,Dullie Ella,FBOP1,1,2150,WESTERN HIGH
SALE_30_2025,Robgill,BOPSp,1,1280,WESTERN HIGH
SALE_30_2025,Wattahena,FBOP1,0,2000,WESTERN HIGH
SALE_30_2025,Queensberry,BOPSp,1,1240,WESTERN HIGH
SALE_30_2025,Gunawardana,FBOP1,1,1900,WESTERN HIGH
SALE_30_2025,Danawala,FBOPF,0,1850,WESTERN HIGH
SALE_30_2025,New Rekadahena,FBOPF,0,1850,WESTERN HIGH
SALE_30_2025,Gunawardana,FBOPF,1,1800,WESTERN HIGH
SALE_30_2025,Sithaka,FBOPF,0,1800,WESTERN HIGH
SALE_30_2025,Fairlawn,FBOPF/FBOPF1,0,1440,WESTERN HIGH
SALE_30_2025,Ganganee,FBOPF,0,1800,WESTERN HIGH
SALE_30_2025,Glenloch,FBOPF/FBOPF1,1,1400,WESTERN HIGH
SALE_30_2025,Pothotuwa,FBOPF1,1,1750,WESTERN HIGH
SALE_30_2025,Adams View,FBOPF1,1,1750,WESTERN HIGH
SALE_30_2025,Kiruwanaganga,FBOPF1,1,1700,WESTERN HIGH
SALE_30_2025,Venture,OP1,0,1400,WESTERN HIGH
SALE_30_2025,Gunawardana,FBOPF1,1,1700,WESTERN HIGH
SALE_30_2025,Glenloch,OP1,1,1320,WESTERN HIGH
SALE_30_2025,Kolonna Super,FBOPF1,0,1700,WESTERN HIGH
SALE_30_2025,Nilrich,FBOPF1,0,1700,WESTERN HIGH
SALE_30_2025,Makandura,FBOPF1,0,1700,NUWARA ELIYAS
SALE_30_2025,Court Lodge,BOP,1,820,NUWARA ELIYAS
SALE_30_2025,Dellawa,FBOPF1,1,1650,NUWARA ELIYAS
SALE_30_2025,Kenmare,BOP,1,800,NUWARA ELIYAS
SALE_30_2025,Kelani,FBOPF1,1,1650,NUWARA ELIYAS
SALE_30_2025,Lakvinka,FBOPF1,0,1650,NUWARA ELIYAS
SALE_30_2025,Hidellana,FBOPF1,0,1650,NUWARA ELIYAS
SALE_30_2025,Sunrise,FBOPF1,0,1650,NUWARA ELIYAS
SALE_30_2025,Pothotuwa,BOP1,1,3000,NUWARA ELIYAS
SALE_30_2025,Pothotuwa,OP1,1,3200,NUWARA ELIYAS
SALE_30_2025,Bogoda Group,OP,0,1600,NUWARA ELIYAS
SALE_30_2025,Ceyenta,OP,0,1600,UDAPUSSELLAWAS
SALE_30_2025,Dampahala,OPA,0,1750,UDAPUSSELLAWAS
SALE_30_2025,Maha Uva,BOP1,1,1260,UDAPUSSELLAWAS
SALE_30_2025,Lumbini,PEK,0,2550,UDAPUSSELLAWAS
SALE_30_2025,New Batuwangala,PEK1,0,2450,UDAPUSSELLAWAS
SALE_30_2025,Delmar,FBOPF/FBOPF1,1,1340,UDAPUSSELLAWAS
SALE_31_2025,Ancoombra,BOP,0,1750,UDAPUSSELLAWAS
SALE_31_2025,Dartry Valley,BOP,1,1600,UDAPUSSELLAWAS
SALE_31_2025,Harangalla,BOP,1,1550,UDAPUSSELLAWAS
SALE_31_2025,Uplands,BOPSp,0,1500,UDAPUSSELLAWAS
SALE_31_2025,Harangalla,BOP1,1,2150,UDAPUSSELLAWAS
SALE_31_2025,Maha Uva,OP1,1,1340,UDAPUSSELLAWAS
SALE_31_2025,Delmar,OP1,1,1340,UDAPUSSELLAWAS
SALE_31_2025,Harangalla,FBOPF/FBOPF1,1,1650,UDAPUSSELLAWAS
SALE_31_2025,Ancoombra,FBOPF/FBOPF1,0,1650,UDAPUSSELLAWAS
SALE_31_2025,Hatale,FBOPF/FBOPF1,0,1650,LOW GROWNS
SALE_31_2025,Dartry Valley,FBOPF/FBOPF1,1,1600,LOW GROWNS
SALE_31_2025,New Spring View,BOPSp,0,2450,LOW GROWNS
SALE_31_2025,Craighead,OP1,1,1850,LOW GROWNS
SALE_31_2025,Sithaka,FBOP,0,2650,WESTERN HIGH
SALE_31_2025,Inverness,BOP,0,1460,WESTERN HIGH
SALE_31_2025,Sithaka,FBOP1,0,2000,WESTERN HIGH
SALE_31_2025,Wanarajah,BOP,1,1400,WESTERN HIGH
SALE_31_2025,Kiruwanaganga,FBOP1,1,1900,WESTERN HIGH
SALE_31_2025,Ingestre,BOP,1,1380,WESTERN HIGH
SALE_31_2025,New Laksakanda,FBOPF,0,1900,WESTERN HIGH
SALE_31_2025,Bearwell,BOPSp,1,1550,WESTERN HIGH
SALE_31_2025,Woodland Grand,FBOPF1,0,1850,WESTERN HIGH
SALE_31_2025,Inverness,BOP1,0,1500,WESTERN HIGH
SALE_31_2025,Lakvinka,FBOPF1,0,1750,WESTERN HIGH
SALE_31_2025,Bambrakelly,FBOPF/FBOPF1,0,1420,WESTERN HIGH
SALE_31_2025,Pothotuwa,FBOPF1,1,1700,WESTERN HIGH
SALE_31_2025,Gunawardana,FBOPF1,1,1700,WESTERN HIGH
SALE_31_2025,Bogoda Group,FBOPF1,0,1700,WESTERN HIGH
SALE_31_2025,Berubeula,FBOPF1,0,1700,WESTERN HIGH
SALE_31_2025,Makandura,FBOPF1,0,1700,WESTERN HIGH
SALE_31_2025,Venture,OP1,0,1300,WESTERN HIGH
SALE_31_2025,Sithaka,FBOPF1,0,1700,WESTERN HIGH
SALE_31_2025,NUWARA ELIYAS Sunrise,FBOPF1,0,1700,NUWARA ELIYAS
SALE_31_2025,Lovers Leap,BOP,0,1220,NUWARA ELIYAS
SALE_31_2025,Pothotuwa,BOP1,1,2900,NUWARA ELIYAS
SALE_31_2025,Susantha,OP1,0,3200,NUWARA ELIYAS
SALE_31_2025,Pothotuwa,OP1,1,2600,NUWARA ELIYAS
SALE_31_2025,Kolonna Super,OP1,1,2400,NUWARA ELIYAS
SALE_31_2025,Kiruwanaganga,OP1,0,2400,NUWARA ELIYAS
SALE_31_2025,Galatara,OP1,0,2400,NUWARA ELIYAS
SALE_31_2025,UDAPUSSELLAWAS Miriswatta,OP,0,1800,UDAPUSSELLAWAS
SALE_31_2025,Mooloya,BOP,0,1000,UDAPUSSELLAWAS
SALE_31_2025,Gampaha,BOPSp,0,1280,UDAPUSSELLAWAS
SALE_31_2025,Maha Uva,BOPSp,1,1260,UDAPUSSELLAWAS
SALE_31_2025,Liyonta,PEK1,0,2850,UDAPUSSELLAWAS
SALE_31_2025,Maha Uva,BOP1,1,900,UDAPUSSELLAWAS
SALE_31_2025,James,BOP,1,2750,UNORTHODOX MEDIUM
SALE_31_2025,Halpewatta Strathdon,CTCPF1,1,1180,UNORTHODOX MEDIUM
SALE_31_2025,Delta,CTCBP1,0,900,UNORTHODOX MEDIUM
SALE_31_2025,Hingalgoda,CTCPF1,0,1460,UNORTHODOX LOW
SALE_31_2025,Roseland Uva,FBOPF/FBOPF1,0,1500,UNORTHODOX LOW
SALE_31_2025,Stream Line,FBOPFSp,0,5900,PREMIUM FLOWERY
SALE_31_2025,Sarnia Fortune,FBOPFSp,1,5500,PREMIUM FLOWERY
SALE_31_2025,New Batuwangala,FBOPFExSp,0,5700,PREMIUM FLOWERY
SALE_31_2025,Lions,FBOPFExSp1,0,5700,PREMIUM FLOWERY
SALE_31_2025,Keppetipola Mattakelle,DUST1,0,1650,DUSTS
SALE_31_2025,Uva Highlands,BOP,0,3600,UVA HIGH
SALE_31_2025,Ceciliyan CTC,PD,1,1400,UVA HIGH
SALE_31_2025,Aislaby,BOP,1,3550,UVA HIGH
SALE_31_2025,Craig,BOPSp,0,1380,OFF GRADES
SALE_31_2025,Ranaya,BOP1,0,1460,UVA HIGH
SALE_31_2025,Craig,FBOPF/FBOPF1,0,1480,UVA HIGH
SALE_31_2025,Hingalgoda,CTCPF,0,1300,UVA HIGH
SALE_31_2025,Kurunduwatta,BM,0,1240,UVA HIGH
SALE_31_2025,Ellathota Uva,OP1,0,1440,UVA HIGH
SALE_31_2025,Kothmale Hills,BP,1,1320,UVA HIGH
SALE_31_2025,Chandrika Estate,BOP1A,1,1480,UVA HIGH
SALE_31_2025,Aldora,BOP1A,0,1480,UNORTHODOX HIGH
